const uint8_t Teko_Bold40pt7bBitmaps[] PROGMEM = {
  0x00, 0xFF, 0xFF, 0xFF, 0xFF, 0xFF, 0xFF, 0xFF, 0xFF, 0xFF, 0xFF, 0xFF,
  0xFF, 0xFF, 0xFF, 0xFF, 0x7F, 0xFE, 0xFF, 0xFD, 0xFF, 0xFB, 0xFF, 0xE7,
  0xFF, 0xCF, 0xFF, 0x9F, 0xFF, 0x3F, 0xFE, 0x7F, 0xFC, 0xFF, 0xF9, 0xFF,
  0xF3, 0xFF, 0xE7, 0xFF, 0xC7, 0xFF, 0x8F, 0xFF, 0x1F, 0xFE, 0x3F, 0xFC,
  0x7F, 0xF0, 0xFF, 0xE1, 0xFF, 0xC3, 0xFF, 0x87, 0xFF, 0x0F, 0xFE, 0x1F,
  0xFC, 0x00, 0x00, 0x00, 0x00, 0x00, 0x00, 0x00, 0x00, 0x00, 0x0F, 0xFF,
  0x9F, 0xFF, 0x3F, 0xFE, 0x7F, 0xFC, 0xFF, 0xF9, 0xFF, 0xF3, 0xFF, 0xE7,
  0xFF, 0xCF, 0xFF, 0x9F, 0xFF, 0x3F, 0xFE, 0x7F, 0xFC, 0xFF, 0xF8, 0xFF,
  0xF0, 0xFF, 0xFF, 0xFF, 0x0F, 0xFF, 0xFF, 0xF0, 0xFF, 0xFF, 0xFF, 0x0F,
  0xFF, 0xFF, 0xF0, 0xFF, 0xFF, 0xFF, 0x0F, 0xFF, 0xFF, 0xF0, 0xFF, 0xFF,
  0xFF, 0x0F, 0xFF, 0xFF, 0xF0, 0xFF, 0xFF, 0xFF, 0x0F, 0xFF, 0xFF, 0xF0,
  0xFF, 0xFF, 0xFF, 0x0F, 0xFF, 0xFF, 0xF0, 0xFF, 0xFF, 0xFF, 0x0F, 0xFF,
  0xFF, 0xF0, 0xFF, 0xFF, 0xFF, 0x0F, 0xFF, 0xFF, 0xF0, 0xFF, 0xFF, 0xFF,
  0x0F, 0xFF, 0xFF, 0xF0, 0xFF, 0xFF, 0xFF, 0x0F, 0xFF, 0xFF, 0xF0, 0xFF,
  0xF0, 0x00, 0x01, 0xFF, 0xC0, 0x3F, 0xFC, 0x00, 0x00, 0xFF, 0xE0, 0x1F,
  0xFC, 0x00, 0x00, 0xFF, 0xF0, 0x1F, 0xFE, 0x00, 0x00, 0x7F, 0xF0, 0x0F,
  0xFF, 0x00, 0x00, 0x3F, 0xF8, 0x07, 0xFF, 0x80, 0x00, 0x1F, 0xFC, 0x03,
  0xFF, 0x80, 0x00, 0x1F, 0xFE, 0x01, 0xFF, 0xC0, 0x00, 0x0F, 0xFF, 0x01,
  0xFF, 0xE0, 0x00, 0x07, 0xFF, 0x00, 0xFF, 0xF0, 0x00, 0x03, 0xFF, 0x80,
  0x7F, 0xF0, 0x00, 0x03, 0xFF, 0xC0, 0x3F, 0xF8, 0x01, 0xFF, 0xFF, 0xFF,
  0xFF, 0xFF, 0xF0, 0xFF, 0xFF, 0xFF, 0xFF, 0xFF, 0xF8, 0x7F, 0xFF, 0xFF,
  0xFF, 0xFF, 0xFC, 0x3F, 0xFF, 0xFF, 0xFF, 0xFF, 0xFE, 0x1F, 0xFF, 0xFF,
  0xFF, 0xFF, 0xFF, 0x0F, 0xFF, 0xFF, 0xFF, 0xFF, 0xFF, 0x87, 0xFF, 0xFF,
  0xFF, 0xFF, 0xFF, 0xC3, 0xFF, 0xFF, 0xFF, 0xFF, 0xFF, 0xE1, 0xFF, 0xFF,
  0xFF, 0xFF, 0xFF, 0xF0, 0x03, 0xFF, 0xC0, 0x7F, 0xF8, 0x00, 0x01, 0xFF,
  0xC0, 0x3F, 0xFC, 0x00, 0x00, 0xFF, 0xE0, 0x1F, 0xFC, 0x00, 0x00, 0x7F,
  0xF0, 0x0F, 0xFE, 0x00, 0x00, 0x7F, 0xF8, 0x07, 0xFF, 0x00, 0x00, 0x3F,
  0xFC, 0x07, 0xFF, 0x80, 0x00, 0x1F, 0xFC, 0x03, 0xFF, 0xC0, 0x00, 0x0F,
  0xFE, 0x01, 0xFF, 0xC0, 0x00, 0x0F, 0xFF, 0x00, 0xFF, 0xE0, 0x00, 0x07,
  0xFF, 0x80, 0xFF, 0xF0, 0x03, 0xFF, 0xFF, 0xFF, 0xFF, 0xFF, 0xE1, 0xFF,
  0xFF, 0xFF, 0xFF, 0xFF, 0xF0, 0xFF, 0xFF, 0xFF, 0xFF, 0xFF, 0xF8, 0x7F,
  0xFF, 0xFF, 0xFF, 0xFF, 0xFC, 0x3F, 0xFF, 0xFF, 0xFF, 0xFF, 0xFE, 0x1F,
  0xFF, 0xFF, 0xFF, 0xFF, 0xFF, 0x0F, 0xFF, 0xFF, 0xFF, 0xFF, 0xFF, 0x87,
  0xFF, 0xFF, 0xFF, 0xFF, 0xFF, 0xC3, 0xFF, 0xFF, 0xFF, 0xFF, 0xFF, 0xE0,
  0x07, 0xFF, 0x00, 0xFF, 0xF0, 0x00, 0x03, 0xFF, 0x80, 0x7F, 0xF0, 0x00,
  0x03, 0xFF, 0xC0, 0x3F, 0xF8, 0x00, 0x01, 0xFF, 0xE0, 0x3F, 0xFC, 0x00,
  0x00, 0xFF, 0xE0, 0x1F, 0xFE, 0x00, 0x00, 0x7F, 0xF0, 0x0F, 0xFE, 0x00,
  0x00, 0x3F, 0xF8, 0x07, 0xFF, 0x00, 0x00, 0x3F, 0xFC, 0x03, 0xFF, 0x80,
  0x00, 0x1F, 0xFE, 0x03, 0xFF, 0xC0, 0x00, 0x0F, 0xFE, 0x01, 0xFF, 0xE0,
  0x00, 0x07, 0xFF, 0x00, 0xFF, 0xE0, 0x00, 0x00, 0x00, 0x1F, 0xFF, 0x00,
  0x00, 0x07, 0xFF, 0xC0, 0x00, 0x01, 0xFF, 0xF0, 0x00, 0x00, 0x7F, 0xFC,
  0x00, 0x00, 0x1F, 0xFF, 0x00, 0x00, 0x07, 0xFF, 0xC0, 0x00, 0x01, 0xFF,
  0xF0, 0x00, 0x0F, 0xFF, 0xFF, 0xC0, 0x0F, 0xFF, 0xFF, 0xFC, 0x07, 0xFF,
  0xFF, 0xFF, 0x83, 0xFF, 0xFF, 0xFF, 0xF1, 0xFF, 0xFF, 0xFF, 0xFE, 0x7F,
  0xFF, 0xFF, 0xFF, 0x9F, 0xFF, 0xFF, 0xFF, 0xFF, 0xFF, 0xFF, 0xFF, 0xFF,
  0xFF, 0xFF, 0xFF, 0xFF, 0xFF, 0xFF, 0xFF, 0xFF, 0xFF, 0xFF, 0x03, 0xFF,
  0xFF, 0xFF, 0xC0, 0xFF, 0xFF, 0xFF, 0xF0, 0x3F, 0xFF, 0xFF, 0xFC, 0x0F,
  0xFF, 0xFF, 0xFF, 0x03, 0xFF, 0xFF, 0xFF, 0xC0, 0x00, 0x03, 0xFF, 0xF0,
  0x00, 0x00, 0xFF, 0xFC, 0x00, 0x00, 0x3F, 0xFF, 0x00, 0x00, 0x0F, 0xFF,
  0xC0, 0x00, 0x03, 0xFF, 0xFF, 0xFE, 0x00, 0xFF, 0xFF, 0xFF, 0xFC, 0x1F,
  0xFF, 0xFF, 0xFF, 0x87, 0xFF, 0xFF, 0xFF, 0xF1, 0xFF, 0xFF, 0xFF, 0xFE,
  0x3F, 0xFF, 0xFF, 0xFF, 0x8F, 0xFF, 0xFF, 0xFF, 0xF1, 0xFF, 0xFF, 0xFF,
  0xFC, 0x1F, 0xFF, 0xFF, 0xFF, 0x00, 0xFF, 0xFF, 0xFF, 0xC0, 0x00, 0x03,
  0xFF, 0xF0, 0x00, 0x00, 0xFF, 0xFC, 0x00, 0x00, 0x3F, 0xFF, 0x00, 0x00,
  0x0F, 0xFF, 0xFF, 0xFF, 0x03, 0xFF, 0xFF, 0xFF, 0xC0, 0xFF, 0xFF, 0xFF,
  0xF0, 0x3F, 0xFF, 0xFF, 0xFC, 0x0F, 0xFF, 0xFF, 0xFF, 0x03, 0xFF, 0xFF,
  0xFF, 0xC0, 0xFF, 0xFF, 0xFF, 0xFF, 0xFF, 0xFF, 0x7F, 0xFF, 0xFF, 0xFF,
  0xDF, 0xFF, 0xFF, 0xFF, 0xF7, 0xFF, 0xFF, 0xFF, 0xFD, 0xFF, 0xFF, 0xFF,
  0xFE, 0x3F, 0xFF, 0xFF, 0xFF, 0x8F, 0xFF, 0xFF, 0xFF, 0xC1, 0xFF, 0xFF,
  0xFF, 0xE0, 0x1F, 0xFF, 0xFF, 0xF0, 0x01, 0xFF, 0xFF, 0xF0, 0x00, 0x07,
  0xFF, 0xC0, 0x00, 0x01, 0xFF, 0xF0, 0x00, 0x00, 0x7F, 0xFC, 0x00, 0x00,
  0x1F, 0xFF, 0x00, 0x00, 0x07, 0xFF, 0xC0, 0x00, 0x01, 0xFF, 0xF0, 0x00,
  0x00, 0x7F, 0xFC, 0x00, 0x0F, 0xFF, 0xFC, 0x00, 0x00, 0x3F, 0xF0, 0x00,
  0x0F, 0xFF, 0xFF, 0xC0, 0x00, 0x1F, 0xF8, 0x00, 0x07, 0xFF, 0xFF, 0xF8,
  0x00, 0x07, 0xFE, 0x00, 0x01, 0xFF, 0xFF, 0xFF, 0x00, 0x03, 0xFF, 0x00,
  0x00, 0xFF, 0xFF, 0xFF, 0xC0, 0x00, 0xFF, 0xC0, 0x00, 0x3F, 0xFF, 0xFF,
  0xF0, 0x00, 0x7F, 0xE0, 0x00, 0x0F, 0xFF, 0xFF, 0xFC, 0x00, 0x1F, 0xF8,
  0x00, 0x03, 0xFF, 0xFF, 0xFF, 0x00, 0x0F, 0xFC, 0x00, 0x00, 0xFF, 0xE1,
  0xFF, 0xC0, 0x03, 0xFE, 0x00, 0x00, 0x3F, 0xF8, 0x7F, 0xF0, 0x01, 0xFF,
  0x80, 0x00, 0x0F, 0xFE, 0x1F, 0xFC, 0x00, 0xFF, 0xC0, 0x00, 0x03, 0xFF,
  0x87, 0xFF, 0x00, 0x3F, 0xF0, 0x00, 0x00, 0xFF, 0xE1, 0xFF, 0xC0, 0x1F,
  0xF8, 0x00, 0x00, 0x3F, 0xF8, 0x7F, 0xF0, 0x07, 0xFE, 0x00, 0x00, 0x0F,
  0xFE, 0x1F, 0xFC, 0x03, 0xFF, 0x00, 0x00, 0x03, 0xFF, 0x87, 0xFF, 0x00,
  0xFF, 0xC0, 0x00, 0x00, 0xFF, 0xE1, 0xFF, 0xC0, 0x7F, 0xE0, 0x00, 0x00,
  0x3F, 0xF8, 0x7F, 0xF0, 0x3F, 0xF0, 0x00, 0x00, 0x0F, 0xFE, 0x1F, 0xFC,
  0x0F, 0xFC, 0x00, 0x00, 0x03, 0xFF, 0x87, 0xFF, 0x07, 0xFE, 0x00, 0x00,
  0x00, 0xFF, 0xE1, 0xFF, 0xC1, 0xFF, 0x87, 0xFF, 0xF8, 0x3F, 0xFC, 0xFF,
  0xF0, 0xFF, 0xC7, 0xFF, 0xFF, 0xCF, 0xFF, 0xFF, 0xFC, 0x3F, 0xF3, 0xFF,
  0xFF, 0xFB, 0xFF, 0xFF, 0xFF, 0x1F, 0xF9, 0xFF, 0xFF, 0xFE, 0xFF, 0xFF,
  0xFF, 0xC7, 0xFC, 0xFF, 0xFF, 0xFF, 0xDF, 0xFF, 0xFF, 0xF3, 0xFF, 0x3F,
  0xFF, 0xFF, 0xF7, 0xFF, 0xFF, 0xF9, 0xFF, 0x8F, 0xFF, 0xFF, 0xFC, 0xFF,
  0xFF, 0xFC, 0x7F, 0xE3, 0xFF, 0xFF, 0xFF, 0x1F, 0xFF, 0xFE, 0x3F, 0xF0,
  0xFF, 0xE1, 0xFF, 0xC0, 0xFF, 0xFC, 0x0F, 0xFC, 0x3F, 0xF8, 0x7F, 0xF0,
  0x00, 0x00, 0x07, 0xFE, 0x0F, 0xFE, 0x1F, 0xFC, 0x00, 0x00, 0x01, 0xFF,
  0x03, 0xFF, 0x87, 0xFF, 0x00, 0x00, 0x00, 0xFF, 0xC0, 0xFF, 0xE1, 0xFF,
  0xC0, 0x00, 0x00, 0x7F, 0xE0, 0x3F, 0xF8, 0x7F, 0xF0, 0x00, 0x00, 0x1F,
  0xF8, 0x0F, 0xFE, 0x1F, 0xFC, 0x00, 0x00, 0x0F, 0xFC, 0x03, 0xFF, 0x87,
  0xFF, 0x00, 0x00, 0x03, 0xFF, 0x00, 0xFF, 0xE1, 0xFF, 0xC0, 0x00, 0x01,
  0xFF, 0x80, 0x3F, 0xF8, 0x7F, 0xF0, 0x00, 0x00, 0x7F, 0xE0, 0x0F, 0xFE,
  0x1F, 0xFC, 0x00, 0x00, 0x3F, 0xF0, 0x03, 0xFF, 0x87, 0xFF, 0x00, 0x00,
  0x0F, 0xF8, 0x00, 0xFF, 0xE1, 0xFF, 0xC0, 0x00, 0x07, 0xFE, 0x00, 0x3F,
  0xF8, 0x7F, 0xF0, 0x00, 0x03, 0xFF, 0x00, 0x0F, 0xFF, 0xFF, 0xFC, 0x00,
  0x00, 0xFF, 0xC0, 0x03, 0xFF, 0xFF, 0xFF, 0x00, 0x00, 0x7F, 0xE0, 0x00,
  0xFF, 0xFF, 0xFF, 0xC0, 0x00, 0x1F, 0xF8, 0x00, 0x3F, 0xFF, 0xFF, 0xF0,
  0x00, 0x0F, 0xFC, 0x00, 0x07, 0xFF, 0xFF, 0xF8, 0x00, 0x03, 0xFE, 0x00,
  0x00, 0xFF, 0xFF, 0xFE, 0x00, 0x01, 0xFF, 0x80, 0x00, 0x1F, 0xFF, 0xFE,
  0x00, 0x00, 0xFF, 0xC0, 0x00, 0x01, 0xFF, 0xFE, 0x00, 0x00, 0x7F, 0xFF,
  0xFC, 0x00, 0x00, 0x00, 0x7F, 0xFF, 0xFF, 0xC0, 0x00, 0x00, 0x3F, 0xFF,
  0xFF, 0xF8, 0x00, 0x00, 0x1F, 0xFF, 0xFF, 0xFF, 0x00, 0x00, 0x0F, 0xFF,
  0xFF, 0xFF, 0xC0, 0x00, 0x03, 0xFF, 0xFF, 0xFF, 0xF0, 0x00, 0x01, 0xFF,
  0xFF, 0xFF, 0xFE, 0x00, 0x00, 0x7F, 0xFF, 0xFF, 0xFF, 0x80, 0x00, 0x1F,
  0xFF, 0xCF, 0xFF, 0xE0, 0x00, 0x07, 0xFF, 0xE0, 0xFF, 0xF8, 0x00, 0x01,
  0xFF, 0xF0, 0x3F, 0xFE, 0x00, 0x00, 0x7F, 0xFC, 0x0F, 0xFF, 0x80, 0x00,
  0x1F, 0xFF, 0x03, 0xFF, 0xE0, 0x00, 0x07, 0xFF, 0xC0, 0xFF, 0xF8, 0x00,
  0x01, 0xFF, 0xF0, 0x3F, 0xFE, 0x00, 0x00, 0x7F, 0xFC, 0x0F, 0xFF, 0x80,
  0x00, 0x1F, 0xFF, 0x83, 0xFF, 0xE0, 0x00, 0x03, 0xFF, 0xE1, 0xFF, 0xF8,
  0x00, 0x00, 0xFF, 0xFC, 0xFF, 0xFE, 0x00, 0x00, 0x1F, 0xFF, 0xFF, 0xFF,
  0x00, 0x00, 0x07, 0xFF, 0xFF, 0xFF, 0xC0, 0x00, 0x00, 0xFF, 0xFF, 0xFF,
  0xE0, 0x00, 0x00, 0x1F, 0xFF, 0xFF, 0xF0, 0x00, 0x00, 0x03, 0xFF, 0xFF,
  0xF8, 0x00, 0x00, 0x00, 0x7F, 0xFF, 0xFC, 0x00, 0x00, 0x00, 0x7F, 0xFF,
  0xFC, 0x00, 0x00, 0x00, 0x3F, 0xFF, 0xFE, 0x00, 0x00, 0x00, 0x3F, 0xFF,
  0xFF, 0x00, 0x00, 0x00, 0x1F, 0xFF, 0xFF, 0xE0, 0x00, 0x00, 0x0F, 0xFF,
  0xFF, 0xFC, 0x00, 0x00, 0x07, 0xFF, 0xFF, 0xFF, 0x83, 0xFF, 0x81, 0xFF,
  0xFF, 0xFF, 0xF0, 0xFF, 0xE0, 0x7F, 0xFF, 0x7F, 0xFE, 0x3F, 0xF8, 0x3F,
  0xFF, 0x0F, 0xFF, 0xCF, 0xFE, 0x0F, 0xFF, 0xC1, 0xFF, 0xFB, 0xFF, 0x83,
  0xFF, 0xE0, 0x3F, 0xFF, 0xFF, 0xE0, 0xFF, 0xF8, 0x07, 0xFF, 0xFF, 0xF8,
  0x3F, 0xFE, 0x01, 0xFF, 0xFF, 0xFE, 0x0F, 0xFF, 0x80, 0x3F, 0xFF, 0xFF,
  0x83, 0xFF, 0xE0, 0x07, 0xFF, 0xFF, 0xE0, 0xFF, 0xFC, 0x00, 0xFF, 0xFF,
  0xF8, 0x3F, 0xFF, 0xFF, 0xFF, 0xFF, 0xFE, 0x07, 0xFF, 0xFF, 0xFF, 0xFF,
  0xFF, 0x81, 0xFF, 0xFF, 0xFF, 0xFF, 0xFF, 0xC0, 0x7F, 0xFF, 0xFF, 0xFF,
  0xFF, 0xF0, 0x0F, 0xFF, 0xFF, 0xFF, 0xFF, 0xF8, 0x03, 0xFF, 0xFF, 0xFF,
  0xFF, 0xFF, 0x00, 0x7F, 0xFF, 0xFF, 0xFF, 0xFF, 0xE0, 0x0F, 0xFF, 0xFF,
  0xFF, 0xFF, 0xFC, 0x00, 0x7F, 0xFF, 0xFF, 0xFF, 0xFF, 0x80, 0x00, 0x00,
  0x00, 0x03, 0xFF, 0xF0, 0x00, 0x00, 0x00, 0x00, 0x7F, 0xFE, 0x00, 0x00,
  0x00, 0x00, 0x0F, 0xFF, 0xC0, 0xFF, 0xFF, 0xFF, 0xFF, 0xFF, 0xFF, 0xFF,
  0xFF, 0xFF, 0xFF, 0xFF, 0xFF, 0xFF, 0xFF, 0xFF, 0xFF, 0xFF, 0xFF, 0xFF,
  0xFF, 0xFF, 0xFF, 0xFF, 0xFF, 0xFF, 0xFF, 0xFF, 0xFF, 0xFF, 0xFF, 0xFF,
  0xFF, 0xFF, 0xFF, 0x80, 0x00, 0x00, 0x7E, 0x00, 0x0F, 0xFC, 0x00, 0x7F,
  0xF8, 0x03, 0xFF, 0xF0, 0x0F, 0xFF, 0xE0, 0x3F, 0xFF, 0xC0, 0xFF, 0xFF,
  0x83, 0xFF, 0xFF, 0x0F, 0xFF, 0xFE, 0x3F, 0xFF, 0xFC, 0x7F, 0xFF, 0xF9,
  0xFF, 0xFF, 0xC3, 0xFF, 0xFC, 0x07, 0xFF, 0xF0, 0x1F, 0xFF, 0xC0, 0x3F,
  0xFF, 0x00, 0x7F, 0xFE, 0x00, 0xFF, 0xFC, 0x03, 0xFF, 0xF0, 0x07, 0xFF,
  0xE0, 0x0F, 0xFF, 0xC0, 0x1F, 0xFF, 0x80, 0x3F, 0xFF, 0x00, 0x7F, 0xFE,
  0x00, 0xFF, 0xFC, 0x01, 0xFF, 0xF8, 0x03, 0xFF, 0xF0, 0x07, 0xFF, 0xE0,
  0x0F, 0xFF, 0xC0, 0x1F, 0xFF, 0x80, 0x3F, 0xFF, 0x00, 0x7F, 0xFE, 0x00,
  0xFF, 0xFC, 0x01, 0xFF, 0xF8, 0x03, 0xFF, 0xF0, 0x07, 0xFF, 0xE0, 0x0F,
  0xFF, 0xC0, 0x1F, 0xFF, 0x80, 0x3F, 0xFF, 0x00, 0x7F, 0xFE, 0x00, 0xFF,
  0xFC, 0x01, 0xFF, 0xF8, 0x03, 0xFF, 0xF0, 0x07, 0xFF, 0xE0, 0x0F, 0xFF,
  0xC0, 0x1F, 0xFF, 0x80, 0x3F, 0xFF, 0x00, 0x7F, 0xFE, 0x00, 0xFF, 0xFC,
  0x01, 0xFF, 0xF8, 0x03, 0xFF, 0xF0, 0x07, 0xFF, 0xE0, 0x0F, 0xFF, 0xC0,
  0x1F, 0xFF, 0x80, 0x3F, 0xFF, 0x00, 0x7F, 0xFE, 0x00, 0xFF, 0xFC, 0x01,
  0xFF, 0xF8, 0x01, 0xFF, 0xF8, 0x03, 0xFF, 0xF0, 0x07, 0xFF, 0xE0, 0x0F,
  0xFF, 0xE0, 0x0F, 0xFF, 0xE0, 0x1F, 0xFF, 0xE0, 0x3F, 0xFF, 0xF8, 0x3F,
  0xFF, 0xFC, 0x7F, 0xFF, 0xF8, 0x7F, 0xFF, 0xF0, 0x7F, 0xFF, 0xE0, 0x7F,
  0xFF, 0xC0, 0xFF, 0xFF, 0x80, 0x7F, 0xFF, 0x00, 0x7F, 0xFE, 0x00, 0x3F,
  0xFC, 0x00, 0x1F, 0xF8, 0x00, 0x07, 0xF0, 0xFC, 0x00, 0x03, 0xFE, 0x00,
  0x0F, 0xFF, 0x00, 0x3F, 0xFE, 0x00, 0xFF, 0xFE, 0x03, 0xFF, 0xFC, 0x0F,
  0xFF, 0xF8, 0x3F, 0xFF, 0xF0, 0xFF, 0xFF, 0xC3, 0xFF, 0xFF, 0x8F, 0xFF,
  0xFF, 0x1F, 0xFF, 0xFC, 0x0F, 0xFF, 0xF0, 0x0F, 0xFF, 0xE0, 0x3F, 0xFF,
  0x80, 0x7F, 0xFE, 0x01, 0xFF, 0xFC, 0x03, 0xFF, 0xF0, 0x0F, 0xFF, 0xC0,
  0x3F, 0xFF, 0x00, 0xFF, 0xFC, 0x03, 0xFF, 0xF0, 0x07, 0xFF, 0xC0, 0x1F,
  0xFF, 0x00, 0x7F, 0xFC, 0x01, 0xFF, 0xF0, 0x07, 0xFF, 0xC0, 0x1F, 0xFF,
  0x00, 0x7F, 0xFC, 0x01, 0xFF, 0xF0, 0x07, 0xFF, 0xC0, 0x1F, 0xFF, 0x00,
  0x7F, 0xFC, 0x01, 0xFF, 0xF0, 0x07, 0xFF, 0xC0, 0x1F, 0xFF, 0x00, 0x7F,
  0xFC, 0x01, 0xFF, 0xF0, 0x07, 0xFF, 0xC0, 0x1F, 0xFF, 0x00, 0x7F, 0xFC,
  0x01, 0xFF, 0xF0, 0x07, 0xFF, 0xC0, 0x1F, 0xFF, 0x00, 0x7F, 0xFC, 0x01,
  0xFF, 0xF0, 0x07, 0xFF, 0xC0, 0x1F, 0xFF, 0x00, 0x7F, 0xFC, 0x01, 0xFF,
  0xF0, 0x07, 0xFF, 0xC0, 0x1F, 0xFF, 0x00, 0x7F, 0xFC, 0x01, 0xFF, 0xF0,
  0x0F, 0xFF, 0xC0, 0x3F, 0xFF, 0x00, 0xFF, 0xFC, 0x03, 0xFF, 0xF0, 0x0F,
  0xFF, 0xC0, 0x3F, 0xFF, 0x01, 0xFF, 0xF8, 0x0F, 0xFF, 0xE0, 0x3F, 0xFF,
  0x81, 0xFF, 0xFC, 0x3F, 0xFF, 0xF3, 0xFF, 0xFF, 0xCF, 0xFF, 0xFE, 0x3F,
  0xFF, 0xF0, 0xFF, 0xFF, 0xC3, 0xFF, 0xFE, 0x0F, 0xFF, 0xF0, 0x3F, 0xFF,
  0x80, 0xFF, 0xF8, 0x03, 0xFF, 0xC0, 0x0F, 0xFC, 0x00, 0x3F, 0x00, 0x00,
  0x00, 0x7F, 0xE0, 0x00, 0x07, 0xFE, 0x00, 0x00, 0x7F, 0xE0, 0x00, 0x03,
  0xFE, 0x00, 0x18, 0x3F, 0xE0, 0x81, 0xE3, 0xFE, 0x7C, 0x1F, 0xBF, 0xFF,
  0xC3, 0xFF, 0xFF, 0xFC, 0x3F, 0xFF, 0xFF, 0xE3, 0xFF, 0xFF, 0xFE, 0x7F,
  0xFF, 0xFF, 0xE7, 0xFF, 0xFF, 0xFF, 0x7F, 0xFF, 0xFF, 0xFF, 0xFF, 0xFF,
  0xFF, 0x0F, 0xFF, 0xFF, 0x00, 0x1F, 0xFF, 0xC0, 0x03, 0xFF, 0xFE, 0x00,
  0x7F, 0xFF, 0xF0, 0x0F, 0xFF, 0xFF, 0x81, 0xFF, 0xFF, 0xF8, 0x1F, 0xFD,
  0xFF, 0xC0, 0xFF, 0xDF, 0xF0, 0x07, 0xF8, 0xFE, 0x00, 0x1F, 0x8F, 0xC0,
  0x00, 0xF0, 0x70, 0x00, 0x02, 0x02, 0x00, 0x00, 0x07, 0xFF, 0x80, 0x00,
  0x00, 0x1F, 0xFE, 0x00, 0x00, 0x00, 0x7F, 0xF8, 0x00, 0x00, 0x01, 0xFF,
  0xE0, 0x00, 0x00, 0x07, 0xFF, 0x80, 0x00, 0x00, 0x1F, 0xFE, 0x00, 0x00,
  0x00, 0x7F, 0xF8, 0x00, 0x00, 0x01, 0xFF, 0xE0, 0x00, 0x00, 0x07, 0xFF,
  0x80, 0x00, 0x00, 0x1F, 0xFE, 0x00, 0x00, 0x00, 0x7F, 0xF8, 0x00, 0x00,
  0x01, 0xFF, 0xE0, 0x00, 0xFF, 0xFF, 0xFF, 0xFF, 0xFF, 0xFF, 0xFF, 0xFF,
  0xFF, 0xFF, 0xFF, 0xFF, 0xFF, 0xFF, 0xFF, 0xFF, 0xFF, 0xFF, 0xFF, 0xFF,
  0xFF, 0xFF, 0xFF, 0xFF, 0xFF, 0xFF, 0xFF, 0xFF, 0xFF, 0xFF, 0xFF, 0xFF,
  0xFF, 0xFF, 0xFF, 0xFF, 0xFF, 0xFF, 0xFF, 0xFF, 0xFF, 0xFF, 0xFF, 0xFF,
  0xFF, 0xFF, 0xFF, 0xF0, 0x00, 0x7F, 0xF8, 0x00, 0x00, 0x01, 0xFF, 0xE0,
  0x00, 0x00, 0x07, 0xFF, 0x80, 0x00, 0x00, 0x1F, 0xFE, 0x00, 0x00, 0x00,
  0x7F, 0xF8, 0x00, 0x00, 0x01, 0xFF, 0xE0, 0x00, 0x00, 0x07, 0xFF, 0x80,
  0x00, 0x00, 0x1F, 0xFE, 0x00, 0x00, 0x00, 0x7F, 0xF8, 0x00, 0x00, 0x01,
  0xFF, 0xE0, 0x00, 0x00, 0x07, 0xFF, 0x80, 0x00, 0x00, 0x1F, 0xFE, 0x00,
  0x00, 0xFF, 0xFF, 0xFF, 0xFF, 0xFF, 0xFF, 0xFF, 0xFF, 0xFF, 0xFF, 0xFF,
  0xFF, 0xFF, 0xFE, 0xFF, 0xFB, 0xFF, 0xCF, 0xFF, 0x3F, 0xF8, 0xFF, 0xE3,
  0xFF, 0x0F, 0xFC, 0x3F, 0xE0, 0xFF, 0x83, 0xFC, 0x0F, 0xF0, 0x3F, 0x80,
  0xFC, 0x03, 0xF0, 0x0F, 0x80, 0x3E, 0x00, 0xF0, 0x00, 0xFF, 0xFF, 0xFF,
  0xFF, 0xFF, 0xFF, 0xFF, 0xFF, 0xFF, 0xFF, 0xFF, 0xFF, 0xFF, 0xFF, 0xFF,
  0xFF, 0xFF, 0xFF, 0xFF, 0xFF, 0xFF, 0xFF, 0xFF, 0xFF, 0xFF, 0xFE, 0xFF,
  0xFF, 0xFF, 0xFF, 0xFF, 0xFF, 0xFF, 0xFF, 0xFF, 0xFF, 0xFF, 0xFF, 0xFF,
  0xFF, 0xFF, 0xFF, 0xFF, 0xFF, 0xFF, 0xFF, 0xFF, 0xFF, 0xFC, 0x00, 0x00,
  0x00, 0xFF, 0xF0, 0x00, 0x00, 0x0F, 0xFE, 0x00, 0x00, 0x01, 0xFF, 0xE0,
  0x00, 0x00, 0x1F, 0xFC, 0x00, 0x00, 0x01, 0xFF, 0xC0, 0x00, 0x00, 0x3F,
  0xFC, 0x00, 0x00, 0x03, 0xFF, 0x80, 0x00, 0x00, 0x7F, 0xF8, 0x00, 0x00,
  0x07, 0xFF, 0x00, 0x00, 0x00, 0x7F, 0xF0, 0x00, 0x00, 0x0F, 0xFF, 0x00,
  0x00, 0x00, 0xFF, 0xE0, 0x00, 0x00, 0x1F, 0xFE, 0x00, 0x00, 0x01, 0xFF,
  0xC0, 0x00, 0x00, 0x1F, 0xFC, 0x00, 0x00, 0x03, 0xFF, 0xC0, 0x00, 0x00,
  0x3F, 0xF8, 0x00, 0x00, 0x07, 0xFF, 0x80, 0x00, 0x00, 0x7F, 0xF0, 0x00,
  0x00, 0x07, 0xFF, 0x00, 0x00, 0x00, 0xFF, 0xF0, 0x00, 0x00, 0x0F, 0xFE,
  0x00, 0x00, 0x01, 0xFF, 0xE0, 0x00, 0x00, 0x1F, 0xFC, 0x00, 0x00, 0x01,
  0xFF, 0xC0, 0x00, 0x00, 0x3F, 0xFC, 0x00, 0x00, 0x03, 0xFF, 0x80, 0x00,
  0x00, 0x7F, 0xF8, 0x00, 0x00, 0x07, 0xFF, 0x00, 0x00, 0x00, 0x7F, 0xF0,
  0x00, 0x00, 0x0F, 0xFF, 0x00, 0x00, 0x00, 0xFF, 0xE0, 0x00, 0x00, 0x1F,
  0xFE, 0x00, 0x00, 0x01, 0xFF, 0xC0, 0x00, 0x00, 0x1F, 0xFC, 0x00, 0x00,
  0x03, 0xFF, 0x80, 0x00, 0x00, 0x3F, 0xF8, 0x00, 0x00, 0x07, 0xFF, 0x80,
  0x00, 0x00, 0x7F, 0xF0, 0x00, 0x00, 0x07, 0xFF, 0x00, 0x00, 0x00, 0xFF,
  0xE0, 0x00, 0x00, 0x0F, 0xFE, 0x00, 0x00, 0x01, 0xFF, 0xE0, 0x00, 0x00,
  0x1F, 0xFC, 0x00, 0x00, 0x01, 0xFF, 0xC0, 0x00, 0x00, 0x3F, 0xF8, 0x00,
  0x00, 0x03, 0xFF, 0x80, 0x00, 0x00, 0x7F, 0xF8, 0x00, 0x00, 0x07, 0xFF,
  0x00, 0x00, 0x00, 0x7F, 0xF0, 0x00, 0x00, 0x0F, 0xFE, 0x00, 0x00, 0x00,
  0xFF, 0xE0, 0x00, 0x00, 0x1F, 0xFE, 0x00, 0x00, 0x01, 0xFF, 0xC0, 0x00,
  0x00, 0x1F, 0xFC, 0x00, 0x00, 0x03, 0xFF, 0x80, 0x00, 0x00, 0x3F, 0xF8,
  0x00, 0x00, 0x07, 0xFF, 0x80, 0x00, 0x00, 0x7F, 0xF0, 0x00, 0x00, 0x0F,
  0xFF, 0x00, 0x00, 0x00, 0x03, 0xFF, 0xFF, 0xF0, 0x07, 0xFF, 0xFF, 0xFE,
  0x0F, 0xFF, 0xFF, 0xFF, 0x87, 0xFF, 0xFF, 0xFF, 0xE7, 0xFF, 0xFF, 0xFF,
  0xF3, 0xFF, 0xFF, 0xFF, 0xFF, 0xFF, 0xFF, 0xFF, 0xFF, 0xFF, 0xFF, 0xFF,
  0xFF, 0xFF, 0xFF, 0xFF, 0xFF, 0xFF, 0xFF, 0xFF, 0xFF, 0xFF, 0xFF, 0x03,
  0xFF, 0xFF, 0xFF, 0x81, 0xFF, 0xFF, 0xFF, 0xC0, 0xFF, 0xFF, 0xFF, 0xE0,
  0x7F, 0xFF, 0xFF, 0xF0, 0x3F, 0xFF, 0xFF, 0xF8, 0x1F, 0xFF, 0xFF, 0xFC,
  0x0F, 0xFF, 0xFF, 0xFE, 0x07, 0xFF, 0xFF, 0xFF, 0x03, 0xFF, 0xFF, 0xFF,
  0x81, 0xFF, 0xFF, 0xFF, 0xC0, 0xFF, 0xFF, 0xFF, 0xE0, 0x7F, 0xFF, 0xFF,
  0xF0, 0x3F, 0xFF, 0xFF, 0xF8, 0x1F, 0xFF, 0xFF, 0xFC, 0x0F, 0xFF, 0xFF,
  0xFE, 0x07, 0xFF, 0xFF, 0xFF, 0x03, 0xFF, 0xFF, 0xFF, 0x81, 0xFF, 0xFF,
  0xFF, 0xC0, 0xFF, 0xFF, 0xFF, 0xE0, 0x7F, 0xFF, 0xFF, 0xF0, 0x3F, 0xFF,
  0xFF, 0xF8, 0x1F, 0xFF, 0xFF, 0xFC, 0x0F, 0xFF, 0xFF, 0xFE, 0x07, 0xFF,
  0xFF, 0xFF, 0x03, 0xFF, 0xFF, 0xFF, 0x81, 0xFF, 0xFF, 0xFF, 0xC0, 0xFF,
  0xFF, 0xFF, 0xE0, 0x7F, 0xFF, 0xFF, 0xF0, 0x3F, 0xFF, 0xFF, 0xF8, 0x3F,
  0xFF, 0xFF, 0xFF, 0xFF, 0xFF, 0xFF, 0xFF, 0xFF, 0xFF, 0xFF, 0xFF, 0xFF,
  0xFF, 0xFF, 0xFF, 0xFF, 0xFF, 0xF7, 0xFF, 0xFF, 0xFF, 0xFB, 0xFF, 0xFF,
  0xFF, 0xF8, 0xFF, 0xFF, 0xFF, 0xF8, 0x3F, 0xFF, 0xFF, 0xFC, 0x0F, 0xFF,
  0xFF, 0xF8, 0x00, 0xFF, 0xFF, 0xE0, 0x00, 0xFF, 0xFF, 0xFF, 0xFF, 0xFF,
  0xFF, 0xFF, 0xFF, 0xFF, 0xFF, 0xFF, 0xFF, 0xFF, 0xFF, 0xFF, 0xFF, 0xFF,
  0xFF, 0xFF, 0xFF, 0xFF, 0xFF, 0xFF, 0xFF, 0xFF, 0xFF, 0xC0, 0x7F, 0xFE,
  0x03, 0xFF, 0xF0, 0x1F, 0xFF, 0x80, 0xFF, 0xFC, 0x07, 0xFF, 0xE0, 0x3F,
  0xFF, 0x01, 0xFF, 0xF8, 0x0F, 0xFF, 0xC0, 0x7F, 0xFE, 0x03, 0xFF, 0xF0,
  0x1F, 0xFF, 0x80, 0xFF, 0xFC, 0x07, 0xFF, 0xE0, 0x3F, 0xFF, 0x01, 0xFF,
  0xF8, 0x0F, 0xFF, 0xC0, 0x7F, 0xFE, 0x03, 0xFF, 0xF0, 0x1F, 0xFF, 0x80,
  0xFF, 0xFC, 0x07, 0xFF, 0xE0, 0x3F, 0xFF, 0x01, 0xFF, 0xF8, 0x0F, 0xFF,
  0xC0, 0x7F, 0xFE, 0x03, 0xFF, 0xF0, 0x1F, 0xFF, 0x80, 0xFF, 0xFC, 0x07,
  0xFF, 0xE0, 0x3F, 0xFF, 0x01, 0xFF, 0xF8, 0x0F, 0xFF, 0xC0, 0x7F, 0xFE,
  0x03, 0xFF, 0xF0, 0x1F, 0xFF, 0x80, 0xFF, 0xFC, 0x07, 0xFF, 0xE0, 0x3F,
  0xFF, 0x01, 0xFF, 0xF8, 0x0F, 0xFF, 0xC0, 0x03, 0xFF, 0xFF, 0xE0, 0x0F,
  0xFF, 0xFF, 0xF8, 0x3F, 0xFF, 0xFF, 0xFC, 0x7F, 0xFF, 0xFF, 0xFE, 0x7F,
  0xFF, 0xFF, 0xFE, 0xFF, 0xFF, 0xFF, 0xFF, 0xFF, 0xFF, 0xFF, 0xFF, 0xFF,
  0xFF, 0xFF, 0xFF, 0xFF, 0xFF, 0xFF, 0xFF, 0xFF, 0xFF, 0xFF, 0xFF, 0xFF,
  0xFC, 0x1F, 0xFF, 0xFF, 0xFC, 0x1F, 0xFF, 0xFF, 0xFC, 0x1F, 0xFF, 0xFF,
  0xFC, 0x1F, 0xFF, 0xFF, 0xFC, 0x1F, 0xFF, 0xFF, 0xFC, 0x1F, 0xFF, 0xFF,
  0xFC, 0x1F, 0xFF, 0x00, 0x00, 0x1F, 0xFF, 0x00, 0x00, 0x1F, 0xFF, 0x00,
  0x00, 0x1F, 0xFF, 0x00, 0x00, 0x3F, 0xFF, 0x00, 0x00, 0x3F, 0xFF, 0x00,
  0x00, 0x7F, 0xFF, 0x00, 0x00, 0xFF, 0xFE, 0x00, 0x00, 0xFF, 0xFE, 0x00,
  0x01, 0xFF, 0xFC, 0x00, 0x03, 0xFF, 0xF8, 0x00, 0x07, 0xFF, 0xF8, 0x00,
  0x0F, 0xFF, 0xF0, 0x00, 0x1F, 0xFF, 0xE0, 0x00, 0x3F, 0xFF, 0xC0, 0x00,
  0x7F, 0xFF, 0x80, 0x00, 0xFF, 0xFF, 0x00, 0x01, 0xFF, 0xFE, 0x00, 0x03,
  0xFF, 0xFC, 0x00, 0x07, 0xFF, 0xF8, 0x00, 0x0F, 0xFF, 0xF8, 0x00, 0x1F,
  0xFF, 0xF0, 0x00, 0x1F, 0xFF, 0xE0, 0x00, 0x3F, 0xFF, 0xC0, 0x00, 0x7F,
  0xFF, 0xFF, 0xFF, 0xFF, 0xFF, 0xFF, 0xFF, 0xFF, 0xFF, 0xFF, 0xFF, 0xFF,
  0xFF, 0xFF, 0xFF, 0xFF, 0xFF, 0xFF, 0xFF, 0xFF, 0xFF, 0xFF, 0xFF, 0xFF,
  0xFF, 0xFF, 0xFF, 0xFF, 0xFF, 0xFF, 0xFF, 0xFF, 0xFF, 0xFF, 0xFF, 0xFF,
  0xFF, 0xFF, 0xFF, 0x03, 0xFF, 0xFF, 0xE0, 0x07, 0xFF, 0xFF, 0xFC, 0x0F,
  0xFF, 0xFF, 0xFF, 0x07, 0xFF, 0xFF, 0xFF, 0xC7, 0xFF, 0xFF, 0xFF, 0xF3,
  0xFF, 0xFF, 0xFF, 0xFB, 0xFF, 0xFF, 0xFF, 0xFD, 0xFF, 0xFF, 0xFF, 0xFE,
  0xFF, 0xFF, 0xFF, 0xFF, 0xFF, 0xFF, 0xFF, 0xFF, 0xFF, 0xFF, 0x07, 0xFF,
  0xFF, 0xFF, 0x83, 0xFF, 0xFF, 0xFF, 0xC1, 0xFF, 0xFF, 0xFF, 0xE0, 0xFF,
  0xFF, 0xFF, 0xF0, 0x7F, 0xFF, 0xFF, 0xF8, 0x3F, 0xFF, 0x00, 0x00, 0x1F,
  0xFF, 0x80, 0x00, 0x0F, 0xFF, 0xC0, 0x00, 0x07, 0xFF, 0xC0, 0x00, 0x03,
  0xFF, 0xE0, 0x01, 0xFF, 0xFF, 0xF0, 0x00, 0xFF, 0xFF, 0xF8, 0x00, 0x7F,
  0xFF, 0xF8, 0x00, 0x3F, 0xFF, 0xF8, 0x00, 0x1F, 0xFF, 0xF8, 0x00, 0x0F,
  0xFF, 0xFF, 0x00, 0x07, 0xFF, 0xFF, 0x80, 0x03, 0xFF, 0xFF, 0xE0, 0x01,
  0xFF, 0xFF, 0xF0, 0x00, 0x00, 0xFF, 0xF8, 0x00, 0x00, 0x7F, 0xFE, 0x00,
  0x00, 0x3F, 0xFF, 0x00, 0x00, 0x1F, 0xFF, 0x80, 0x00, 0x0F, 0xFF, 0xFF,
  0xFF, 0x07, 0xFF, 0xFF, 0xFF, 0x83, 0xFF, 0xFF, 0xFF, 0xC1, 0xFF, 0xFF,
  0xFF, 0xE0, 0xFF, 0xFF, 0xFF, 0xF0, 0x7F, 0xFF, 0xFF, 0xF8, 0x3F, 0xFF,
  0xFF, 0xFF, 0xFF, 0xFF, 0xFF, 0xFF, 0xFF, 0xFF, 0xFF, 0xFF, 0xFF, 0xFF,
  0xDF, 0xFF, 0xFF, 0xFF, 0xE7, 0xFF, 0xFF, 0xFF, 0xF3, 0xFF, 0xFF, 0xFF,
  0xF0, 0xFF, 0xFF, 0xFF, 0xF8, 0x3F, 0xFF, 0xFF, 0xF8, 0x0F, 0xFF, 0xFF,
  0xF0, 0x00, 0xFF, 0xFF, 0xE0, 0x00, 0x00, 0x00, 0x3F, 0xFF, 0x00, 0x00,
  0x00, 0xFF, 0xFC, 0x00, 0x00, 0x01, 0xFF, 0xF8, 0x00, 0x00, 0x07, 0xFF,
  0xE0, 0x00, 0x00, 0x0F, 0xFF, 0x80, 0x00, 0x00, 0x3F, 0xFF, 0x00, 0x00,
  0x00, 0xFF, 0xFC, 0x00, 0x00, 0x01, 0xFF, 0xF0, 0x00, 0x00, 0x07, 0xFF,
  0xE0, 0x00, 0x00, 0x1F, 0xFF, 0x80, 0x00, 0x00, 0x3F, 0xFF, 0x00, 0x00,
  0x00, 0xFF, 0xFC, 0x00, 0x00, 0x03, 0xFF, 0xF0, 0x00, 0x00, 0x07, 0xFF,
  0xE0, 0x00, 0x00, 0x1F, 0xFF, 0x80, 0x00, 0x00, 0x7F, 0xFE, 0x00, 0x00,
  0x00, 0xFF, 0xFC, 0x00, 0x00, 0x03, 0xFF, 0xF0, 0x00, 0x00, 0x0F, 0xFF,
  0xC0, 0x00, 0x00, 0x1F, 0xFF, 0x80, 0x00, 0x00, 0x7F, 0xFE, 0x00, 0x00,
  0x00, 0xFF, 0xF8, 0xFF, 0xF0, 0x03, 0xFF, 0xF1, 0xFF, 0xE0, 0x0F, 0xFF,
  0xC3, 0xFF, 0xC0, 0x1F, 0xFF, 0x07, 0xFF, 0x80, 0x7F, 0xFE, 0x0F, 0xFF,
  0x01, 0xFF, 0xF8, 0x1F, 0xFE, 0x03, 0xFF, 0xF0, 0x3F, 0xFC, 0x0F, 0xFF,
  0xC0, 0x7F, 0xF8, 0x1F, 0xFF, 0x00, 0xFF, 0xF0, 0x3F, 0xFE, 0x01, 0xFF,
  0xE0, 0x7F, 0xFF, 0xFF, 0xFF, 0xFF, 0xFF, 0xFF, 0xFF, 0xFF, 0xFF, 0xFF,
  0xFF, 0xFF, 0xFF, 0xFF, 0xFF, 0xFF, 0xFF, 0xFF, 0xFF, 0xFF, 0xFF, 0xFF,
  0xFF, 0xFF, 0xFF, 0xFF, 0xFF, 0xFF, 0xFF, 0xFF, 0xFF, 0xFF, 0xFF, 0xFF,
  0xFF, 0xFF, 0xFF, 0xFF, 0xFF, 0xFF, 0xFF, 0xFF, 0xFF, 0xFF, 0xFF, 0xFF,
  0xFF, 0xFE, 0x00, 0x00, 0x0F, 0xFF, 0x00, 0x00, 0x00, 0x1F, 0xFE, 0x00,
  0x00, 0x00, 0x3F, 0xFC, 0x00, 0x00, 0x00, 0x7F, 0xF8, 0x00, 0x00, 0x00,
  0xFF, 0xF0, 0x00, 0x00, 0x01, 0xFF, 0xE0, 0x00, 0x00, 0x03, 0xFF, 0xC0,
  0x00, 0x00, 0x07, 0xFF, 0x80, 0x00, 0x00, 0x0F, 0xFF, 0x00, 0x7F, 0xFF,
  0xFF, 0xFF, 0x9F, 0xFF, 0xFF, 0xFF, 0xE7, 0xFF, 0xFF, 0xFF, 0xF9, 0xFF,
  0xFF, 0xFF, 0xFE, 0x7F, 0xFF, 0xFF, 0xFF, 0x9F, 0xFF, 0xFF, 0xFF, 0xE7,
  0xFF, 0xFF, 0xFF, 0xF9, 0xFF, 0xFF, 0xFF, 0xFE, 0x7F, 0xFF, 0xFF, 0xFF,
  0x9F, 0xFF, 0xFF, 0xFF, 0xE7, 0xFF, 0xC0, 0x00, 0x01, 0xFF, 0xF0, 0x00,
  0x00, 0x7F, 0xFC, 0x00, 0x00, 0x1F, 0xFF, 0x00, 0x00, 0x07, 0xFF, 0xC0,
  0x00, 0x01, 0xFF, 0xF0, 0x00, 0x00, 0x7F, 0xFC, 0x00, 0x00, 0x1F, 0xFF,
  0xFF, 0xF8, 0x07, 0xFF, 0xFF, 0xFF, 0xC1, 0xFF, 0xFF, 0xFF, 0xF8, 0x7F,
  0xFF, 0xFF, 0xFF, 0x1F, 0xFF, 0xFF, 0xFF, 0xC7, 0xFF, 0xFF, 0xFF, 0xF9,
  0xFF, 0xFF, 0xFF, 0xFE, 0x7F, 0xFF, 0xFF, 0xFF, 0x9F, 0xFF, 0xFF, 0xFF,
  0xF7, 0xFF, 0xFF, 0xFF, 0xFC, 0x00, 0x00, 0x3F, 0xFF, 0x00, 0x00, 0x0F,
  0xFF, 0xC0, 0x00, 0x03, 0xFF, 0xF0, 0x00, 0x00, 0xFF, 0xFC, 0x00, 0x00,
  0x3F, 0xFF, 0xFF, 0xFC, 0x0F, 0xFF, 0xFF, 0xFF, 0x03, 0xFF, 0xFF, 0xFF,
  0xC0, 0xFF, 0xFF, 0xFF, 0xF0, 0x3F, 0xFF, 0xFF, 0xFC, 0x0F, 0xFF, 0xFF,
  0xFF, 0x03, 0xFF, 0xFF, 0xFF, 0xC0, 0xFF, 0xFF, 0xFF, 0xF0, 0x3F, 0xFF,
  0xFF, 0xFF, 0xFF, 0xFF, 0xFF, 0xFF, 0xFF, 0xFF, 0xFF, 0xFF, 0xFF, 0xFF,
  0xF9, 0xFF, 0xFF, 0xFF, 0xFE, 0x7F, 0xFF, 0xFF, 0xFF, 0x9F, 0xFF, 0xFF,
  0xFF, 0xC3, 0xFF, 0xFF, 0xFF, 0xF0, 0x7F, 0xFF, 0xFF, 0xF8, 0x0F, 0xFF,
  0xFF, 0xF8, 0x00, 0x7F, 0xFF, 0xF8, 0x00, 0x03, 0xFF, 0xFF, 0xE0, 0x07,
  0xFF, 0xFF, 0xFC, 0x0F, 0xFF, 0xFF, 0xFF, 0x07, 0xFF, 0xFF, 0xFF, 0xC7,
  0xFF, 0xFF, 0xFF, 0xE3, 0xFF, 0xFF, 0xFF, 0xFB, 0xFF, 0xFF, 0xFF, 0xFD,
  0xFF, 0xFF, 0xFF, 0xFE, 0xFF, 0xFF, 0xFF, 0xFF, 0xFF, 0xFF, 0xFF, 0xFF,
  0xFF, 0xFE, 0x07, 0xFF, 0xFF, 0xFF, 0x03, 0xFF, 0xFF, 0xFF, 0x81, 0xFF,
  0xFF, 0xFF, 0xC0, 0xFF, 0xFF, 0xFF, 0xE0, 0x7F, 0xFF, 0xFF, 0xF0, 0x00,
  0x00, 0xFF, 0xF8, 0x00, 0x00, 0x7F, 0xFC, 0x00, 0x00, 0x3F, 0xFE, 0x00,
  0x00, 0x1F, 0xFF, 0x00, 0x00, 0x0F, 0xFF, 0xFF, 0xFE, 0x07, 0xFF, 0xFF,
  0xFF, 0xC3, 0xFF, 0xFF, 0xFF, 0xF9, 0xFF, 0xFF, 0xFF, 0xFE, 0xFF, 0xFF,
  0xFF, 0xFF, 0x7F, 0xFF, 0xFF, 0xFF, 0xFF, 0xFF, 0xFF, 0xFF, 0xFF, 0xFF,
  0xFF, 0xFF, 0xFF, 0xFF, 0xFF, 0xFF, 0xFF, 0xFF, 0xC0, 0xFF, 0xFF, 0xFF,
  0xE0, 0x3F, 0xFF, 0xFF, 0xF0, 0x1F, 0xFF, 0xFF, 0xF8, 0x0F, 0xFF, 0xFF,
  0xFC, 0x07, 0xFF, 0xFF, 0xFE, 0x03, 0xFF, 0xFF, 0xFF, 0x01, 0xFF, 0xFF,
  0xFF, 0x80, 0xFF, 0xFF, 0xFF, 0xC0, 0x7F, 0xFF, 0xFF, 0xE0, 0x3F, 0xFF,
  0xFF, 0xF0, 0x1F, 0xFF, 0xFF, 0xFF, 0xFF, 0xFF, 0xFF, 0xFF, 0xFF, 0xFF,
  0xFF, 0xFF, 0xFF, 0xFF, 0xFF, 0xFF, 0xFF, 0xFF, 0xF7, 0xFF, 0xFF, 0xFF,
  0xFB, 0xFF, 0xFF, 0xFF, 0xF8, 0xFF, 0xFF, 0xFF, 0xF8, 0x3F, 0xFF, 0xFF,
  0xFC, 0x0F, 0xFF, 0xFF, 0xF8, 0x00, 0xFF, 0xFF, 0xE0, 0x00, 0xFF, 0xFF,
  0xFF, 0xFF, 0xFF, 0xFF, 0xFF, 0xFF, 0xFF, 0xFF, 0xFF, 0xFF, 0xFF, 0xFF,
  0xFF, 0xFF, 0xFF, 0xFF, 0xFF, 0xFF, 0xFF, 0xFF, 0xFF, 0xFF, 0xFF, 0xFF,
  0xFF, 0xFF, 0xFF, 0xFF, 0xFF, 0xFF, 0xFF, 0xFF, 0xFF, 0xFE, 0xFF, 0xFF,
  0xFF, 0xFE, 0x00, 0x00, 0x7F, 0xFC, 0x00, 0x00, 0x7F, 0xFC, 0x00, 0x00,
  0xFF, 0xFC, 0x00, 0x00, 0xFF, 0xF8, 0x00, 0x01, 0xFF, 0xF8, 0x00, 0x01,
  0xFF, 0xF8, 0x00, 0x01, 0xFF, 0xF0, 0x00, 0x03, 0xFF, 0xF0, 0x00, 0x03,
  0xFF, 0xF0, 0x00, 0x03, 0xFF, 0xE0, 0x00, 0x07, 0xFF, 0xE0, 0x00, 0x07,
  0xFF, 0xE0, 0x00, 0x0F, 0xFF, 0xC0, 0x00, 0x0F, 0xFF, 0xC0, 0x00, 0x0F,
  0xFF, 0x80, 0x00, 0x1F, 0xFF, 0x80, 0x00, 0x1F, 0xFF, 0x80, 0x00, 0x1F,
  0xFF, 0x00, 0x00, 0x3F, 0xFF, 0x00, 0x00, 0x3F, 0xFF, 0x00, 0x00, 0x7F,
  0xFE, 0x00, 0x00, 0x7F, 0xFE, 0x00, 0x00, 0x7F, 0xFE, 0x00, 0x00, 0xFF,
  0xFC, 0x00, 0x00, 0xFF, 0xFC, 0x00, 0x00, 0xFF, 0xFC, 0x00, 0x01, 0xFF,
  0xF8, 0x00, 0x01, 0xFF, 0xF8, 0x00, 0x03, 0xFF, 0xF8, 0x00, 0x03, 0xFF,
  0xF0, 0x00, 0x03, 0xFF, 0xF0, 0x00, 0x07, 0xFF, 0xE0, 0x00, 0x07, 0xFF,
  0xE0, 0x00, 0x07, 0xFF, 0xE0, 0x00, 0x0F, 0xFF, 0xC0, 0x00, 0x0F, 0xFF,
  0xC0, 0x00, 0x0F, 0xFF, 0xC0, 0x00, 0x1F, 0xFF, 0x80, 0x00, 0x1F, 0xFF,
  0x80, 0x00, 0x3F, 0xFF, 0x80, 0x00, 0x03, 0xFF, 0xFF, 0xE0, 0x0F, 0xFF,
  0xFF, 0xFE, 0x0F, 0xFF, 0xFF, 0xFF, 0x8F, 0xFF, 0xFF, 0xFF, 0xE7, 0xFF,
  0xFF, 0xFF, 0xF7, 0xFF, 0xFF, 0xFF, 0xFF, 0xFF, 0xFF, 0xFF, 0xFF, 0xFF,
  0xFF, 0xFF, 0xFF, 0xFF, 0xFF, 0xFF, 0xFF, 0xFF, 0xFE, 0x0F, 0xFF, 0xFF,
  0xFE, 0x03, 0xFF, 0xFF, 0xFF, 0x01, 0xFF, 0xFF, 0xFF, 0x80, 0xFF, 0xFF,
  0xFF, 0xC0, 0x7F, 0xFF, 0xFF, 0xE0, 0x3F, 0xFF, 0xFF, 0xF0, 0x1F, 0xFF,
  0xFF, 0xF8, 0x0F, 0xFF, 0xFF, 0xFC, 0x07, 0xFF, 0xFF, 0xFE, 0x03, 0xFF,
  0xFF, 0xFF, 0x01, 0xFF, 0xFF, 0xFF, 0xFF, 0xFF, 0xFB, 0xFF, 0xFF, 0xFF,
  0xF9, 0xFF, 0xFF, 0xFF, 0xFC, 0x7F, 0xFF, 0xFF, 0xFC, 0x1F, 0xFF, 0xFF,
  0xFC, 0x1F, 0xFF, 0xFF, 0xFF, 0x1F, 0xFF, 0xFF, 0xFF, 0xDF, 0xFF, 0xFF,
  0xFF, 0xFF, 0xFF, 0xFF, 0xFF, 0xFF, 0xFF, 0xC0, 0x7F, 0xFF, 0xFF, 0xE0,
  0x3F, 0xFF, 0xFF, 0xF0, 0x1F, 0xFF, 0xFF, 0xF8, 0x0F, 0xFF, 0xFF, 0xFC,
  0x07, 0xFF, 0xFF, 0xFE, 0x03, 0xFF, 0xFF, 0xFF, 0x01, 0xFF, 0xFF, 0xFF,
  0x80, 0xFF, 0xFF, 0xFF, 0xC0, 0x7F, 0xFF, 0xFF, 0xE0, 0x3F, 0xFF, 0xFF,
  0xF0, 0x1F, 0xFF, 0xFF, 0xFF, 0xFF, 0xFF, 0xFF, 0xFF, 0xFF, 0xFF, 0xFF,
  0xFF, 0xFF, 0xFF, 0xFF, 0xFF, 0xFF, 0xFF, 0xFF, 0xFF, 0xFF, 0xFF, 0xFB,
  0xFF, 0xFF, 0xFF, 0xF8, 0xFF, 0xFF, 0xFF, 0xF8, 0x3F, 0xFF, 0xFF, 0xF8,
  0x0F, 0xFF, 0xFF, 0xF8, 0x01, 0xFF, 0xFF, 0xE0, 0x00, 0x03, 0xFF, 0xFF,
  0xF0, 0x03, 0xFF, 0xFF, 0xFF, 0x01, 0xFF, 0xFF, 0xFF, 0xE0, 0xFF, 0xFF,
  0xFF, 0xFC, 0x7F, 0xFF, 0xFF, 0xFF, 0x9F, 0xFF, 0xFF, 0xFF, 0xE7, 0xFF,
  0xFF, 0xFF, 0xFB, 0xFF, 0xFF, 0xFF, 0xFF, 0xFF, 0xFF, 0xFF, 0xFF, 0xFF,
  0xFF, 0xFF, 0xFF, 0xFF, 0xFF, 0xC0, 0xFF, 0xFF, 0xFF, 0xF0, 0x3F, 0xFF,
  0xFF, 0xFC, 0x0F, 0xFF, 0xFF, 0xFF, 0x03, 0xFF, 0xFF, 0xFF, 0xC0, 0xFF,
  0xFF, 0xFF, 0xF0, 0x3F, 0xFF, 0xFF, 0xFC, 0x0F, 0xFF, 0xFF, 0xFF, 0x03,
  0xFF, 0xFF, 0xFF, 0xC0, 0xFF, 0xFF, 0xFF, 0xF0, 0x3F, 0xFF, 0xFF, 0xFC,
  0x0F, 0xFF, 0xFF, 0xFF, 0x83, 0xFF, 0xFF, 0xFF, 0xFF, 0xFF, 0xFD, 0xFF,
  0xFF, 0xFF, 0xFF, 0x7F, 0xFF, 0xFF, 0xFF, 0xDF, 0xFF, 0xFF, 0xFF, 0xF3,
  0xFF, 0xFF, 0xFF, 0xFC, 0xFF, 0xFF, 0xFF, 0xFF, 0x1F, 0xFF, 0xFF, 0xFF,
  0xC1, 0xFF, 0xFF, 0xFF, 0xF0, 0x07, 0xFF, 0xFF, 0xFC, 0x00, 0x00, 0x3F,
  0xFF, 0x00, 0x00, 0x0F, 0xFF, 0xC0, 0x00, 0x03, 0xFF, 0xF0, 0x00, 0x00,
  0xFF, 0xFD, 0xFF, 0xF0, 0x3F, 0xFF, 0x7F, 0xFC, 0x0F, 0xFF, 0xDF, 0xFF,
  0x03, 0xFF, 0xF7, 0xFF, 0xC0, 0xFF, 0xFD, 0xFF, 0xF8, 0x3F, 0xFF, 0x7F,
  0xFF, 0xFF, 0xFF, 0xDF, 0xFF, 0xFF, 0xFF, 0xF7, 0xFF, 0xFF, 0xFF, 0xFD,
  0xFF, 0xFF, 0xFF, 0xFE, 0x3F, 0xFF, 0xFF, 0xFF, 0x8F, 0xFF, 0xFF, 0xFF,
  0xE1, 0xFF, 0xFF, 0xFF, 0xF0, 0x3F, 0xFF, 0xFF, 0xF8, 0x07, 0xFF, 0xFF,
  0xFC, 0x00, 0x3F, 0xFF, 0xF8, 0x00, 0xFF, 0xFF, 0xFF, 0xFF, 0xFF, 0xFF,
  0xFF, 0xFF, 0xFF, 0xFF, 0xFF, 0xFF, 0xFF, 0xFF, 0xFF, 0xFF, 0xFF, 0xFF,
  0xFF, 0xFF, 0xFF, 0xFF, 0xFC, 0x00, 0x00, 0x00, 0x00, 0x00, 0x00, 0x00,
  0x00, 0x00, 0x00, 0x00, 0x00, 0x00, 0x00, 0x00, 0x00, 0x00, 0x00, 0x00,
  0x00, 0x00, 0x00, 0x0F, 0xFF, 0xFF, 0xFF, 0xFF, 0xFF, 0xFF, 0xFF, 0xFF,
  0xFF, 0xFF, 0xFF, 0xFF, 0xFF, 0xFF, 0xFF, 0xFF, 0xFF, 0xFF, 0xFF, 0xFF,
  0xFF, 0xFF, 0xC0, 0xFF, 0xFF, 0xFF, 0xFF, 0xFF, 0xFF, 0xFF, 0xFF, 0xFF,
  0xFF, 0xFF, 0xFF, 0xFF, 0xFF, 0xFF, 0xFF, 0xFF, 0xFF, 0xFF, 0xFF, 0xFF,
  0xFF, 0xFC, 0x00, 0x00, 0x00, 0x00, 0x00, 0x00, 0x00, 0x00, 0x00, 0x00,
  0x00, 0x00, 0x00, 0x00, 0x00, 0x00, 0x00, 0x00, 0x00, 0x00, 0x00, 0x00,
  0x0F, 0xFF, 0xFF, 0xFF, 0xFF, 0xFF, 0xFF, 0xFF, 0xFF, 0xFF, 0xFF, 0xFF,
  0xFF, 0xFF, 0xEF, 0xFF, 0xBF, 0xFC, 0xFF, 0xF3, 0xFF, 0x8F, 0xFE, 0x3F,
  0xF0, 0xFF, 0xC3, 0xFE, 0x0F, 0xF8, 0x3F, 0xC0, 0xFF, 0x03, 0xF8, 0x0F,
  0xC0, 0x3F, 0x00, 0xF8, 0x03, 0xE0, 0x0F, 0x00, 0x00, 0x00, 0x00, 0x00,
  0x00, 0x0C, 0x00, 0x00, 0x00, 0x01, 0xF0, 0x00, 0x00, 0x00, 0x7F, 0xC0,
  0x00, 0x00, 0x0F, 0xFF, 0x00, 0x00, 0x03, 0xFF, 0xFC, 0x00, 0x00, 0x7F,
  0xFF, 0xF0, 0x00, 0x1F, 0xFF, 0xFF, 0xC0, 0x03, 0xFF, 0xFF, 0xFF, 0x00,
  0xFF, 0xFF, 0xFF, 0xFC, 0x1F, 0xFF, 0xFF, 0xFF, 0xF7, 0xFF, 0xFF, 0xFF,
  0xFF, 0xFF, 0xFF, 0xFF, 0xFF, 0xF0, 0xFF, 0xFF, 0xFF, 0xFC, 0x03, 0xFF,
  0xFF, 0xFF, 0x00, 0x0F, 0xFF, 0xFF, 0xC0, 0x00, 0x3F, 0xFF, 0xF0, 0x00,
  0x00, 0xFF, 0xFC, 0x00, 0x00, 0x03, 0xFF, 0xFC, 0x00, 0x00, 0x0F, 0xFF,
  0xFF, 0x00, 0x00, 0x3F, 0xFF, 0xFF, 0xC0, 0x00, 0xFF, 0xFF, 0xFF, 0xF0,
  0x03, 0xFF, 0xFF, 0xFF, 0xFC, 0x07, 0xFF, 0xFF, 0xFF, 0xFF, 0x03, 0xFF,
  0xFF, 0xFF, 0xFF, 0x01, 0xFF, 0xFF, 0xFF, 0xFC, 0x00, 0x7F, 0xFF, 0xFF,
  0xF0, 0x00, 0x3F, 0xFF, 0xFF, 0xC0, 0x00, 0x1F, 0xFF, 0xFF, 0x00, 0x00,
  0x07, 0xFF, 0xFC, 0x00, 0x00, 0x03, 0xFF, 0xF0, 0x00, 0x00, 0x01, 0xFF,
  0xC0, 0x00, 0x00, 0x00, 0xFF, 0x00, 0x00, 0x00, 0x00, 0x3C, 0x00, 0x00,
  0x00, 0x00, 0x10, 0xFF, 0xFF, 0xFF, 0xFF, 0xFF, 0xFF, 0xFF, 0xFF, 0xFF,
  0xFF, 0xFF, 0xFF, 0xFF, 0xFF, 0xFF, 0xFF, 0xFF, 0xFF, 0xFF, 0xFF, 0xFF,
  0xFF, 0xFF, 0xFF, 0xFF, 0xFF, 0xFF, 0xFF, 0xFF, 0xFF, 0xFF, 0xFF, 0xFF,
  0xFF, 0xFF, 0xFF, 0xFF, 0xFF, 0xFF, 0xFF, 0xFF, 0xFF, 0xFF, 0xFF, 0xFF,
  0xFF, 0xFF, 0xF0, 0x00, 0x00, 0x00, 0x00, 0x00, 0x00, 0x00, 0x00, 0x00,
  0x00, 0x00, 0x00, 0x00, 0x00, 0x00, 0x00, 0x00, 0x00, 0x00, 0x00, 0x00,
  0x00, 0x00, 0x00, 0x00, 0x00, 0x00, 0x00, 0xFF, 0xFF, 0xFF, 0xFF, 0xFF,
  0xFF, 0xFF, 0xFF, 0xFF, 0xFF, 0xFF, 0xFF, 0xFF, 0xFF, 0xFF, 0xFF, 0xFF,
  0xFF, 0xFF, 0xFF, 0xFF, 0xFF, 0xFF, 0xFF, 0xFF, 0xFF, 0xFF, 0xFF, 0xFF,
  0xFF, 0xFF, 0xFF, 0xFF, 0xFF, 0xFF, 0xFF, 0xFF, 0xFF, 0xFF, 0xFF, 0xFF,
  0xFF, 0xFF, 0xFF, 0xFF, 0xFF, 0xFF, 0xF0, 0xC0, 0x00, 0x00, 0x00, 0x03,
  0xE0, 0x00, 0x00, 0x00, 0x0F, 0xF8, 0x00, 0x00, 0x00, 0x3F, 0xFC, 0x00,
  0x00, 0x00, 0xFF, 0xFF, 0x00, 0x00, 0x03, 0xFF, 0xFF, 0x80, 0x00, 0x0F,
  0xFF, 0xFF, 0xE0, 0x00, 0x3F, 0xFF, 0xFF, 0xF0, 0x00, 0xFF, 0xFF, 0xFF,
  0xFC, 0x03, 0xFF, 0xFF, 0xFF, 0xFE, 0x0F, 0xFF, 0xFF, 0xFF, 0xFF, 0x83,
  0xFF, 0xFF, 0xFF, 0xFF, 0x00, 0xFF, 0xFF, 0xFF, 0xFC, 0x00, 0x3F, 0xFF,
  0xFF, 0xF0, 0x00, 0x0F, 0xFF, 0xFF, 0xC0, 0x00, 0x03, 0xFF, 0xFF, 0x00,
  0x00, 0x00, 0xFF, 0xFC, 0x00, 0x00, 0x0F, 0xFF, 0xF0, 0x00, 0x03, 0xFF,
  0xFF, 0xC0, 0x00, 0xFF, 0xFF, 0xFF, 0x00, 0x3F, 0xFF, 0xFF, 0xFC, 0x0F,
  0xFF, 0xFF, 0xFF, 0xF3, 0xFF, 0xFF, 0xFF, 0xFF, 0xBF, 0xFF, 0xFF, 0xFF,
  0xF0, 0xFF, 0xFF, 0xFF, 0xFC, 0x03, 0xFF, 0xFF, 0xFF, 0x80, 0x0F, 0xFF,
  0xFF, 0xF0, 0x00, 0x3F, 0xFF, 0xFC, 0x00, 0x00, 0xFF, 0xFF, 0x80, 0x00,
  0x03, 0xFF, 0xF0, 0x00, 0x00, 0x0F, 0xFE, 0x00, 0x00, 0x00, 0x3F, 0x80,
  0x00, 0x00, 0x00, 0xF0, 0x00, 0x00, 0x00, 0x02, 0x00, 0x00, 0x00, 0x00,
  0x00, 0x07, 0xFF, 0xFF, 0xE0, 0x0F, 0xFF, 0xFF, 0xFC, 0x0F, 0xFF, 0xFF,
  0xFF, 0x8F, 0xFF, 0xFF, 0xFF, 0xC7, 0xFF, 0xFF, 0xFF, 0xF7, 0xFF, 0xFF,
  0xFF, 0xFF, 0xFF, 0xFF, 0xFF, 0xFF, 0xFF, 0xFF, 0xFF, 0xFF, 0xFF, 0xFF,
  0xFF, 0xFF, 0xFF, 0xFC, 0x0F, 0xFF, 0xFF, 0xFE, 0x07, 0xFF, 0xFF, 0xFF,
  0x03, 0xFF, 0xFF, 0xFF, 0x81, 0xFF, 0xFF, 0xFF, 0xC0, 0xFF, 0xFF, 0xFF,
  0xE0, 0x7F, 0xFF, 0xFF, 0xF0, 0x3F, 0xFF, 0x00, 0x00, 0x1F, 0xFF, 0x80,
  0x00, 0x0F, 0xFF, 0xC0, 0x00, 0x07, 0xFF, 0xE0, 0x00, 0x07, 0xFF, 0xF0,
  0x07, 0xFF, 0xFF, 0xF8, 0x03, 0xFF, 0xFF, 0xF8, 0x01, 0xFF, 0xFF, 0xFC,
  0x00, 0xFF, 0xFF, 0xFC, 0x00, 0x7F, 0xFF, 0xFC, 0x00, 0x3F, 0xFF, 0xFC,
  0x00, 0x0F, 0xFF, 0xF0, 0x00, 0x07, 0xFF, 0x80, 0x00, 0x03, 0xFF, 0xC0,
  0x00, 0x01, 0xFF, 0xE0, 0x00, 0x00, 0xFF, 0xF0, 0x00, 0x00, 0x7F, 0xF8,
  0x00, 0x00, 0x00, 0x00, 0x00, 0x00, 0x00, 0x00, 0x00, 0x00, 0x00, 0x00,
  0x00, 0x00, 0x00, 0x00, 0x00, 0x00, 0x00, 0x00, 0x00, 0x00, 0x03, 0xFF,
  0xE0, 0x00, 0x01, 0xFF, 0xF0, 0x00, 0x00, 0xFF, 0xF8, 0x00, 0x00, 0x7F,
  0xFC, 0x00, 0x00, 0x3F, 0xFE, 0x00, 0x00, 0x1F, 0xFF, 0x00, 0x00, 0x0F,
  0xFF, 0x80, 0x00, 0x07, 0xFF, 0xC0, 0x00, 0x03, 0xFF, 0xE0, 0x00, 0x01,
  0xFF, 0xF0, 0x00, 0x00, 0xFF, 0xF8, 0x00, 0x00, 0x7F, 0xFC, 0x00, 0x00,
  0x3F, 0xFE, 0x00, 0x00, 0x07, 0xFF, 0xFF, 0xFF, 0xFF, 0xFF, 0xFF, 0x00,
  0xFF, 0xFF, 0xFF, 0xFF, 0xFF, 0xFF, 0xFE, 0x0F, 0xFF, 0xFF, 0xFF, 0xFF,
  0xFF, 0xFF, 0xF8, 0x7F, 0xFF, 0xFF, 0xFF, 0xFF, 0xFF, 0xFF, 0xE7, 0xFF,
  0xFF, 0xFF, 0xFF, 0xFF, 0xFF, 0xFF, 0x3F, 0xFF, 0xFF, 0xFF, 0xFF, 0xFF,
  0xFF, 0xFB, 0xFF, 0xFF, 0xFF, 0xFF, 0xFF, 0xFF, 0xFF, 0xFF, 0xFF, 0xFF,
  0xFF, 0xFF, 0xFF, 0xFF, 0xFF, 0xFF, 0xFF, 0xFF, 0xFF, 0xFF, 0xFF, 0xFF,
  0xFF, 0xFF, 0x80, 0x00, 0x00, 0x00, 0x03, 0xFF, 0xFF, 0xFC, 0x00, 0x00,
  0x00, 0x00, 0x0F, 0xFF, 0xFF, 0xE0, 0x00, 0x00, 0x00, 0x00, 0x7F, 0xFF,
  0xFF, 0x00, 0x00, 0x00, 0x00, 0x03, 0xFF, 0xFF, 0xF8, 0x00, 0x00, 0x00,
  0x00, 0x1F, 0xFF, 0xFF, 0xC0, 0x1F, 0xF8, 0xFF, 0xC0, 0xFF, 0xFF, 0xFE,
  0x03, 0xFF, 0xE7, 0xFE, 0x07, 0xFF, 0xFF, 0xF0, 0x3F, 0xFF, 0xBF, 0xF0,
  0x3F, 0xFF, 0xFF, 0x81, 0xFF, 0xFD, 0xFF, 0x81, 0xFF, 0xFF, 0xFC, 0x1F,
  0xFF, 0xFF, 0xFC, 0x0F, 0xFF, 0xFF, 0xE0, 0xFF, 0xFF, 0xFF, 0xE0, 0x7F,
  0xFF, 0xFF, 0x0F, 0xFF, 0xFF, 0xFF, 0x03, 0xFF, 0xFF, 0xF8, 0x7F, 0xFF,
  0xFF, 0xF8, 0x1F, 0xFF, 0xFF, 0xC3, 0xFF, 0xC1, 0xFF, 0xC0, 0xFF, 0xFF,
  0xFE, 0x1F, 0xFE, 0x0F, 0xFE, 0x07, 0xFF, 0xFF, 0xF0, 0xFF, 0xF0, 0x7F,
  0xF0, 0x3F, 0xFF, 0xFF, 0x87, 0xFF, 0x83, 0xFF, 0x81, 0xFF, 0xFF, 0xFC,
  0x3F, 0xFC, 0x1F, 0xFC, 0x0F, 0xFF, 0xFF, 0xE1, 0xFF, 0xE0, 0xFF, 0xE0,
  0x7F, 0xFF, 0xFF, 0x0F, 0xFF, 0x07, 0xFF, 0x03, 0xFF, 0xFF, 0xF8, 0x7F,
  0xF8, 0x3F, 0xF8, 0x1F, 0xFF, 0xFF, 0xC3, 0xFF, 0xC1, 0xFF, 0xC0, 0xFF,
  0xFF, 0xFE, 0x1F, 0xFE, 0x0F, 0xFE, 0x07, 0xFF, 0xFF, 0xF0, 0xFF, 0xF0,
  0x7F, 0xF0, 0x7F, 0xFF, 0xFF, 0x87, 0xFF, 0xC7, 0xFF, 0x87, 0xFF, 0xFF,
  0xFC, 0x3F, 0xFF, 0xFF, 0xFF, 0xFF, 0xFF, 0xFF, 0xE0, 0xFF, 0xFF, 0xFF,
  0xFF, 0xFF, 0xFF, 0xFF, 0x07, 0xFF, 0xFF, 0xFF, 0xFF, 0xFF, 0x7F, 0xF8,
  0x3F, 0xFF, 0xFF, 0xFF, 0xFF, 0xFB, 0xFF, 0xC0, 0xFF, 0xFE, 0xFF, 0xFF,
  0xFF, 0x9F, 0xFE, 0x03, 0xFF, 0xE7, 0xFF, 0xFF, 0xF8, 0xFF, 0xF0, 0x0F,
  0xFF, 0x3F, 0xFF, 0xFF, 0x87, 0xFF, 0x80, 0x0F, 0xC1, 0xFF, 0xFF, 0xC0,
  0x3F, 0xFC, 0x00, 0x00, 0x00, 0x00, 0x00, 0x01, 0xFF, 0xE0, 0x00, 0x00,
  0x00, 0x00, 0x00, 0x0F, 0xFF, 0x00, 0x00, 0x00, 0x00, 0x00, 0x00, 0x7F,
  0xF8, 0x00, 0x00, 0x00, 0x00, 0x00, 0x03, 0xFF, 0xC0, 0x00, 0x00, 0x00,
  0x00, 0x00, 0x1F, 0xFF, 0xFF, 0xFF, 0xFF, 0xFE, 0x00, 0x00, 0xFF, 0xFF,
  0xFF, 0xFF, 0xFF, 0xF0, 0x00, 0x07, 0xFF, 0xFF, 0xFF, 0xFF, 0xFF, 0x80,
  0x00, 0x1F, 0xFF, 0xFF, 0xFF, 0xFF, 0xFC, 0x00, 0x00, 0xFF, 0xFF, 0xFF,
  0xFF, 0xFF, 0xE0, 0x00, 0x03, 0xFF, 0xFF, 0xFF, 0xFF, 0xFF, 0x00, 0x00,
  0x0F, 0xFF, 0xFF, 0xFF, 0xFF, 0xF8, 0x00, 0x00, 0x3F, 0xFF, 0xFF, 0xFF,
  0xFF, 0xC0, 0x00, 0x00, 0x7F, 0xFF, 0xFF, 0xFF, 0xFE, 0x00, 0x00, 0x00,
  0x07, 0xFF, 0xFC, 0x00, 0x00, 0x01, 0xFF, 0xFF, 0x80, 0x00, 0x00, 0x3F,
  0xFF, 0xF0, 0x00, 0x00, 0x07, 0xFF, 0xFF, 0x00, 0x00, 0x00, 0xFF, 0xFF,
  0xE0, 0x00, 0x00, 0x3F, 0xFF, 0xFC, 0x00, 0x00, 0x07, 0xFF, 0xFF, 0x80,
  0x00, 0x00, 0xFF, 0xFF, 0xF8, 0x00, 0x00, 0x1F, 0xFF, 0xFF, 0x00, 0x00,
  0x07, 0xFF, 0xFF, 0xE0, 0x00, 0x00, 0xFF, 0xFF, 0xFC, 0x00, 0x00, 0x1F,
  0xFF, 0xFF, 0xC0, 0x00, 0x03, 0xFF, 0xFF, 0xF8, 0x00, 0x00, 0xFF, 0xFF,
  0xFF, 0x00, 0x00, 0x1F, 0xFF, 0xFF, 0xE0, 0x00, 0x03, 0xFF, 0xFF, 0xFE,
  0x00, 0x00, 0x7F, 0xFB, 0xFF, 0xC0, 0x00, 0x1F, 0xFF, 0x7F, 0xF8, 0x00,
  0x03, 0xFF, 0xCF, 0xFF, 0x00, 0x00, 0x7F, 0xF9, 0xFF, 0xF0, 0x00, 0x0F,
  0xFF, 0x3F, 0xFE, 0x00, 0x03, 0xFF, 0xE3, 0xFF, 0xC0, 0x00, 0x7F, 0xFC,
  0x7F, 0xF8, 0x00, 0x0F, 0xFF, 0x0F, 0xFF, 0x80, 0x01, 0xFF, 0xE1, 0xFF,
  0xF0, 0x00, 0x7F, 0xFC, 0x1F, 0xFE, 0x00, 0x0F, 0xFF, 0x83, 0xFF, 0xC0,
  0x01, 0xFF, 0xE0, 0x7F, 0xFC, 0x00, 0x3F, 0xFC, 0x0F, 0xFF, 0x80, 0x0F,
  0xFF, 0x81, 0xFF, 0xF0, 0x01, 0xFF, 0xF0, 0x1F, 0xFF, 0x00, 0x3F, 0xFE,
  0x03, 0xFF, 0xE0, 0x0F, 0xFF, 0x80, 0x7F, 0xFC, 0x01, 0xFF, 0xFF, 0xFF,
  0xFF, 0x80, 0x3F, 0xFF, 0xFF, 0xFF, 0xF8, 0x07, 0xFF, 0xFF, 0xFF, 0xFF,
  0x01, 0xFF, 0xFF, 0xFF, 0xFF, 0xE0, 0x3F, 0xFF, 0xFF, 0xFF, 0xFC, 0x07,
  0xFF, 0xFF, 0xFF, 0xFF, 0xC0, 0xFF, 0xFF, 0xFF, 0xFF, 0xF8, 0x3F, 0xFF,
  0xFF, 0xFF, 0xFF, 0x07, 0xFF, 0xFF, 0xFF, 0xFF, 0xE0, 0xFF, 0xF8, 0x00,
  0x7F, 0xFE, 0x1F, 0xFF, 0x00, 0x0F, 0xFF, 0xC7, 0xFF, 0xE0, 0x00, 0xFF,
  0xF8, 0xFF, 0xF8, 0x00, 0x1F, 0xFF, 0x1F, 0xFF, 0x00, 0x03, 0xFF, 0xF3,
  0xFF, 0xE0, 0x00, 0x7F, 0xFE, 0xFF, 0xFC, 0x00, 0x0F, 0xFF, 0xDF, 0xFF,
  0x80, 0x00, 0xFF, 0xFC, 0xFF, 0xFF, 0xFF, 0xF8, 0x1F, 0xFF, 0xFF, 0xFF,
  0xC3, 0xFF, 0xFF, 0xFF, 0xFC, 0x7F, 0xFF, 0xFF, 0xFF, 0xCF, 0xFF, 0xFF,
  0xFF, 0xFD, 0xFF, 0xFF, 0xFF, 0xFF, 0xBF, 0xFF, 0xFF, 0xFF, 0xF7, 0xFF,
  0xFF, 0xFF, 0xFF, 0xFF, 0xFF, 0xFF, 0xFF, 0xFF, 0xFF, 0x80, 0xFF, 0xFF,
  0xFF, 0xF0, 0x1F, 0xFF, 0xFF, 0xFE, 0x03, 0xFF, 0xFF, 0xFF, 0xC0, 0x7F,
  0xFF, 0xFF, 0xF8, 0x0F, 0xFF, 0xFF, 0xFF, 0x01, 0xFF, 0xFF, 0xFF, 0xE0,
  0x3F, 0xFF, 0xFF, 0xFC, 0x07, 0xFF, 0xFF, 0xFF, 0x80, 0xFF, 0xFF, 0xFF,
  0xF0, 0x1F, 0xFF, 0xFF, 0xFE, 0x03, 0xFF, 0xEF, 0xFF, 0xFF, 0xFF, 0xFD,
  0xFF, 0xFF, 0xFF, 0xFF, 0xBF, 0xFF, 0xFF, 0xFF, 0xE7, 0xFF, 0xFF, 0xFF,
  0xFC, 0xFF, 0xFF, 0xFF, 0xFE, 0x1F, 0xFF, 0xFF, 0xFF, 0xE3, 0xFF, 0xFF,
  0xFF, 0xFE, 0x7F, 0xFF, 0xFF, 0xFF, 0xEF, 0xFF, 0xFF, 0xFF, 0xFD, 0xFF,
  0xF8, 0x1F, 0xFF, 0xBF, 0xFF, 0x01, 0xFF, 0xFF, 0xFF, 0xE0, 0x3F, 0xFF,
  0xFF, 0xFC, 0x07, 0xFF, 0xFF, 0xFF, 0x80, 0xFF, 0xFF, 0xFF, 0xF0, 0x1F,
  0xFF, 0xFF, 0xFE, 0x03, 0xFF, 0xFF, 0xFF, 0xC0, 0x7F, 0xFF, 0xFF, 0xF8,
  0x0F, 0xFF, 0xFF, 0xFF, 0x01, 0xFF, 0xFF, 0xFF, 0xE0, 0x3F, 0xFF, 0xFF,
  0xFC, 0x07, 0xFF, 0xFF, 0xFF, 0xFF, 0xFF, 0xFF, 0xFF, 0xFF, 0xFF, 0xFF,
  0x7F, 0xFF, 0xFF, 0xFF, 0xEF, 0xFF, 0xFF, 0xFF, 0xFD, 0xFF, 0xFF, 0xFF,
  0xFF, 0x3F, 0xFF, 0xFF, 0xFF, 0xE7, 0xFF, 0xFF, 0xFF, 0xF8, 0xFF, 0xFF,
  0xFF, 0xFE, 0x1F, 0xFF, 0xFF, 0xFE, 0x00, 0x03, 0xFF, 0xFF, 0xF0, 0x07,
  0xFF, 0xFF, 0xFF, 0x03, 0xFF, 0xFF, 0xFF, 0xE1, 0xFF, 0xFF, 0xFF, 0xFC,
  0x7F, 0xFF, 0xFF, 0xFF, 0xBF, 0xFF, 0xFF, 0xFF, 0xEF, 0xFF, 0xFF, 0xFF,
  0xFB, 0xFF, 0xFF, 0xFF, 0xFF, 0xFF, 0xFF, 0xFF, 0xFF, 0xFF, 0xFF, 0x03,
  0xFF, 0xFF, 0xFF, 0x80, 0xFF, 0xFF, 0xFF, 0xE0, 0x3F, 0xFF, 0xFF, 0xF8,
  0x0F, 0xFF, 0xFF, 0xFE, 0x03, 0xFF, 0xFF, 0xFF, 0x80, 0xFF, 0xFF, 0xFF,
  0xE0, 0x3F, 0xFF, 0xFF, 0xF8, 0x0F, 0xFF, 0xFF, 0xFE, 0x03, 0xFF, 0xFF,
  0xFF, 0x80, 0xFF, 0xFF, 0xFF, 0xE0, 0x00, 0x00, 0xFF, 0xF8, 0x00, 0x00,
  0x3F, 0xFE, 0x00, 0x00, 0x0F, 0xFF, 0x80, 0x00, 0x03, 0xFF, 0xE0, 0x00,
  0x00, 0xFF, 0xF8, 0x00, 0x00, 0x3F, 0xFE, 0x00, 0x00, 0x0F, 0xFF, 0x80,
  0x00, 0x03, 0xFF, 0xE0, 0x00, 0x00, 0xFF, 0xF8, 0x00, 0x00, 0x3F, 0xFE,
  0x00, 0x00, 0x0F, 0xFF, 0x80, 0x00, 0x03, 0xFF, 0xE0, 0x00, 0x00, 0xFF,
  0xF8, 0x0F, 0xFF, 0xFF, 0xFE, 0x03, 0xFF, 0xFF, 0xFF, 0x80, 0xFF, 0xFF,
  0xFF, 0xE0, 0x3F, 0xFF, 0xFF, 0xF8, 0x0F, 0xFF, 0xFF, 0xFE, 0x03, 0xFF,
  0xFF, 0xFF, 0x80, 0xFF, 0xFF, 0xFF, 0xE0, 0x3F, 0xFF, 0xFF, 0xFC, 0x0F,
  0xFF, 0xFF, 0xFF, 0xFF, 0xFF, 0xFF, 0xFF, 0xFF, 0xFF, 0xFF, 0xFF, 0xFF,
  0xFF, 0xFE, 0xFF, 0xFF, 0xFF, 0xFF, 0x9F, 0xFF, 0xFF, 0xFF, 0xE3, 0xFF,
  0xFF, 0xFF, 0xF0, 0x7F, 0xFF, 0xFF, 0xF8, 0x0F, 0xFF, 0xFF, 0xFC, 0x00,
  0xFF, 0xFF, 0xF8, 0x00, 0xFF, 0xFF, 0xFF, 0xF8, 0x1F, 0xFF, 0xFF, 0xFF,
  0xC3, 0xFF, 0xFF, 0xFF, 0xFC, 0x7F, 0xFF, 0xFF, 0xFF, 0xCF, 0xFF, 0xFF,
  0xFF, 0xF9, 0xFF, 0xFF, 0xFF, 0xFF, 0xBF, 0xFF, 0xFF, 0xFF, 0xF7, 0xFF,
  0xFF, 0xFF, 0xFE, 0xFF, 0xFF, 0xFF, 0xFF, 0xDF, 0xFF, 0x80, 0xFF, 0xFF,
  0xFF, 0xF0, 0x1F, 0xFF, 0xFF, 0xFE, 0x03, 0xFF, 0xFF, 0xFF, 0xC0, 0x7F,
  0xFF, 0xFF, 0xF8, 0x0F, 0xFF, 0xFF, 0xFF, 0x01, 0xFF, 0xFF, 0xFF, 0xE0,
  0x3F, 0xFF, 0xFF, 0xFC, 0x07, 0xFF, 0xFF, 0xFF, 0x80, 0xFF, 0xFF, 0xFF,
  0xF0, 0x1F, 0xFF, 0xFF, 0xFE, 0x03, 0xFF, 0xFF, 0xFF, 0xC0, 0x7F, 0xFF,
  0xFF, 0xF8, 0x0F, 0xFF, 0xFF, 0xFF, 0x01, 0xFF, 0xFF, 0xFF, 0xE0, 0x3F,
  0xFF, 0xFF, 0xFC, 0x07, 0xFF, 0xFF, 0xFF, 0x80, 0xFF, 0xFF, 0xFF, 0xF0,
  0x1F, 0xFF, 0xFF, 0xFE, 0x03, 0xFF, 0xFF, 0xFF, 0xC0, 0x7F, 0xFF, 0xFF,
  0xF8, 0x0F, 0xFF, 0xFF, 0xFF, 0x01, 0xFF, 0xFF, 0xFF, 0xE0, 0x3F, 0xFF,
  0xFF, 0xFC, 0x07, 0xFF, 0xFF, 0xFF, 0x80, 0xFF, 0xFF, 0xFF, 0xF0, 0x1F,
  0xFF, 0xFF, 0xFE, 0x03, 0xFF, 0xFF, 0xFF, 0xC0, 0x7F, 0xFF, 0xFF, 0xF8,
  0x0F, 0xFF, 0xFF, 0xFF, 0x01, 0xFF, 0xFF, 0xFF, 0xE0, 0x3F, 0xFF, 0xFF,
  0xFC, 0x0F, 0xFF, 0xFF, 0xFF, 0xFF, 0xFF, 0xFB, 0xFF, 0xFF, 0xFF, 0xFF,
  0x7F, 0xFF, 0xFF, 0xFF, 0xEF, 0xFF, 0xFF, 0xFF, 0xFD, 0xFF, 0xFF, 0xFF,
  0xFF, 0x3F, 0xFF, 0xFF, 0xFF, 0xE7, 0xFF, 0xFF, 0xFF, 0xF8, 0xFF, 0xFF,
  0xFF, 0xFC, 0x1F, 0xFF, 0xFF, 0xFE, 0x00, 0xFF, 0xFF, 0xFF, 0xFD, 0xFF,
  0xFF, 0xFF, 0xFB, 0xFF, 0xFF, 0xFF, 0xF7, 0xFF, 0xFF, 0xFF, 0xEF, 0xFF,
  0xFF, 0xFF, 0xDF, 0xFF, 0xFF, 0xFF, 0xBF, 0xFF, 0xFF, 0xFF, 0x7F, 0xFF,
  0xFF, 0xFE, 0xFF, 0xFF, 0xFF, 0xFD, 0xFF, 0xFF, 0xFF, 0xFB, 0xFF, 0xF0,
  0x00, 0x07, 0xFF, 0xE0, 0x00, 0x0F, 0xFF, 0xC0, 0x00, 0x1F, 0xFF, 0x80,
  0x00, 0x3F, 0xFF, 0x00, 0x00, 0x7F, 0xFE, 0x00, 0x00, 0xFF, 0xFC, 0x00,
  0x01, 0xFF, 0xF8, 0x00, 0x03, 0xFF, 0xF0, 0x00, 0x07, 0xFF, 0xE0, 0x00,
  0x0F, 0xFF, 0xFF, 0xFF, 0x1F, 0xFF, 0xFF, 0xFE, 0x3F, 0xFF, 0xFF, 0xFC,
  0x7F, 0xFF, 0xFF, 0xF8, 0xFF, 0xFF, 0xFF, 0xF1, 0xFF, 0xFF, 0xFF, 0xE3,
  0xFF, 0xFF, 0xFF, 0xC7, 0xFF, 0xFF, 0xFF, 0x8F, 0xFF, 0xFF, 0xFF, 0x1F,
  0xFF, 0xFF, 0xFE, 0x3F, 0xFF, 0x00, 0x00, 0x7F, 0xFE, 0x00, 0x00, 0xFF,
  0xFC, 0x00, 0x01, 0xFF, 0xF8, 0x00, 0x03, 0xFF, 0xF0, 0x00, 0x07, 0xFF,
  0xE0, 0x00, 0x0F, 0xFF, 0xC0, 0x00, 0x1F, 0xFF, 0x80, 0x00, 0x3F, 0xFF,
  0x00, 0x00, 0x7F, 0xFE, 0x00, 0x00, 0xFF, 0xFF, 0xFF, 0xFF, 0xFF, 0xFF,
  0xFF, 0xFF, 0xFF, 0xFF, 0xFF, 0xFF, 0xFF, 0xFF, 0xFF, 0xFF, 0xFF, 0xFF,
  0xFF, 0xFF, 0xFF, 0xFF, 0xFF, 0xFF, 0xFF, 0xFF, 0xFF, 0xFF, 0xFF, 0xFF,
  0xFF, 0xFF, 0xFF, 0xFF, 0xFF, 0xFF, 0xFF, 0xFF, 0xFC, 0xFF, 0xFF, 0xFF,
  0xFF, 0xFF, 0xFF, 0xFF, 0xFF, 0xFF, 0xFF, 0xFF, 0xFF, 0xFF, 0xFF, 0xFF,
  0xFF, 0xFF, 0xFF, 0xFF, 0xFF, 0xFF, 0xFF, 0xFF, 0xFF, 0xFF, 0xFF, 0xFF,
  0xFF, 0xFF, 0xFF, 0xFF, 0xFF, 0xFF, 0xFF, 0xFF, 0xFF, 0xFF, 0xFF, 0xFF,
  0xC0, 0x00, 0x3F, 0xFF, 0x00, 0x00, 0xFF, 0xFC, 0x00, 0x03, 0xFF, 0xF0,
  0x00, 0x0F, 0xFF, 0xC0, 0x00, 0x3F, 0xFF, 0x00, 0x00, 0xFF, 0xFC, 0x00,
  0x03, 0xFF, 0xF0, 0x00, 0x0F, 0xFF, 0xC0, 0x00, 0x3F, 0xFF, 0x00, 0x00,
  0xFF, 0xFC, 0x00, 0x03, 0xFF, 0xF0, 0x00, 0x0F, 0xFF, 0xFF, 0xFF, 0x3F,
  0xFF, 0xFF, 0xFC, 0xFF, 0xFF, 0xFF, 0xF3, 0xFF, 0xFF, 0xFF, 0xCF, 0xFF,
  0xFF, 0xFF, 0x3F, 0xFF, 0xFF, 0xFC, 0xFF, 0xFF, 0xFF, 0xF3, 0xFF, 0xFF,
  0xFF, 0xCF, 0xFF, 0xFF, 0xFF, 0x3F, 0xFF, 0x00, 0x00, 0xFF, 0xFC, 0x00,
  0x03, 0xFF, 0xF0, 0x00, 0x0F, 0xFF, 0xC0, 0x00, 0x3F, 0xFF, 0x00, 0x00,
  0xFF, 0xFC, 0x00, 0x03, 0xFF, 0xF0, 0x00, 0x0F, 0xFF, 0xC0, 0x00, 0x3F,
  0xFF, 0x00, 0x00, 0xFF, 0xFC, 0x00, 0x03, 0xFF, 0xF0, 0x00, 0x0F, 0xFF,
  0xC0, 0x00, 0x3F, 0xFF, 0x00, 0x00, 0xFF, 0xFC, 0x00, 0x03, 0xFF, 0xF0,
  0x00, 0x0F, 0xFF, 0xC0, 0x00, 0x3F, 0xFF, 0x00, 0x00, 0xFF, 0xFC, 0x00,
  0x03, 0xFF, 0xF0, 0x00, 0x00, 0x03, 0xFF, 0xFF, 0xF0, 0x07, 0xFF, 0xFF,
  0xFF, 0x03, 0xFF, 0xFF, 0xFF, 0xE1, 0xFF, 0xFF, 0xFF, 0xFC, 0x7F, 0xFF,
  0xFF, 0xFF, 0xBF, 0xFF, 0xFF, 0xFF, 0xEF, 0xFF, 0xFF, 0xFF, 0xFF, 0xFF,
  0xFF, 0xFF, 0xFF, 0xFF, 0xFF, 0xFF, 0xFF, 0xFF, 0xFF, 0x03, 0xFF, 0xFF,
  0xFF, 0x80, 0xFF, 0xFF, 0xFF, 0xE0, 0x3F, 0xFF, 0xFF, 0xF8, 0x0F, 0xFF,
  0xFF, 0xFE, 0x03, 0xFF, 0xFF, 0xFF, 0x80, 0xFF, 0xFF, 0xFF, 0xE0, 0x3F,
  0xFF, 0xFF, 0xF8, 0x0F, 0xFF, 0xFF, 0xFE, 0x00, 0x00, 0x0F, 0xFF, 0x80,
  0x00, 0x03, 0xFF, 0xE0, 0x00, 0x00, 0xFF, 0xF8, 0x00, 0x00, 0x3F, 0xFE,
  0x00, 0x00, 0x0F, 0xFF, 0x8F, 0xFF, 0xFF, 0xFF, 0xE3, 0xFF, 0xFF, 0xFF,
  0xF8, 0xFF, 0xFF, 0xFF, 0xFE, 0x3F, 0xFF, 0xFF, 0xFF, 0x8F, 0xFF, 0xFF,
  0xFF, 0xE3, 0xFF, 0xFF, 0xFF, 0xF8, 0xFF, 0xFF, 0xFF, 0xFE, 0x3F, 0xFF,
  0xFF, 0xFF, 0x8F, 0xFF, 0xFF, 0xFF, 0xE0, 0x3F, 0xFF, 0xFF, 0xF8, 0x0F,
  0xFF, 0xFF, 0xFE, 0x03, 0xFF, 0xFF, 0xFF, 0x80, 0xFF, 0xFF, 0xFF, 0xE0,
  0x3F, 0xFF, 0xFF, 0xF8, 0x0F, 0xFF, 0xFF, 0xFE, 0x03, 0xFF, 0xFF, 0xFF,
  0x80, 0xFF, 0xFF, 0xFF, 0xE0, 0x3F, 0xFF, 0xFF, 0xFC, 0x0F, 0xFF, 0xFF,
  0xFF, 0xFF, 0xFF, 0xFF, 0xFF, 0xFF, 0xFF, 0xFF, 0xFF, 0xFF, 0xFF, 0xFE,
  0xFF, 0xFF, 0xFF, 0xFF, 0x9F, 0xFF, 0xFF, 0xFF, 0xE3, 0xFF, 0xFF, 0xFF,
  0xF0, 0x7F, 0xFF, 0xFF, 0xF8, 0x0F, 0xFF, 0xFF, 0xFC, 0x00, 0xFF, 0xFF,
  0xF8, 0x00, 0xFF, 0xFC, 0x01, 0xFF, 0xFF, 0xFF, 0xE0, 0x0F, 0xFF, 0xFF,
  0xFF, 0x00, 0x7F, 0xFF, 0xFF, 0xF8, 0x03, 0xFF, 0xFF, 0xFF, 0xC0, 0x1F,
  0xFF, 0xFF, 0xFE, 0x00, 0xFF, 0xFF, 0xFF, 0xF0, 0x07, 0xFF, 0xFF, 0xFF,
  0x80, 0x3F, 0xFF, 0xFF, 0xFC, 0x01, 0xFF, 0xFF, 0xFF, 0xE0, 0x0F, 0xFF,
  0xFF, 0xFF, 0x00, 0x7F, 0xFF, 0xFF, 0xF8, 0x03, 0xFF, 0xFF, 0xFF, 0xC0,
  0x1F, 0xFF, 0xFF, 0xFE, 0x00, 0xFF, 0xFF, 0xFF, 0xF0, 0x07, 0xFF, 0xFF,
  0xFF, 0x80, 0x3F, 0xFF, 0xFF, 0xFC, 0x01, 0xFF, 0xFF, 0xFF, 0xE0, 0x0F,
  0xFF, 0xFF, 0xFF, 0x00, 0x7F, 0xFF, 0xFF, 0xF8, 0x03, 0xFF, 0xFF, 0xFF,
  0xFF, 0xFF, 0xFF, 0xFF, 0xFF, 0xFF, 0xFF, 0xFF, 0xFF, 0xFF, 0xFF, 0xFF,
  0xFF, 0xFF, 0xFF, 0xFF, 0xFF, 0xFF, 0xFF, 0xFF, 0xFF, 0xFF, 0xFF, 0xFF,
  0xFF, 0xFF, 0xFF, 0xFF, 0xFF, 0xFF, 0xFF, 0xFF, 0xFF, 0xFF, 0xFF, 0xFF,
  0xFF, 0xFF, 0xFF, 0xFF, 0xFF, 0xFF, 0xFF, 0xFF, 0xFF, 0xFF, 0xF0, 0x07,
  0xFF, 0xFF, 0xFF, 0x80, 0x3F, 0xFF, 0xFF, 0xFC, 0x01, 0xFF, 0xFF, 0xFF,
  0xE0, 0x0F, 0xFF, 0xFF, 0xFF, 0x00, 0x7F, 0xFF, 0xFF, 0xF8, 0x03, 0xFF,
  0xFF, 0xFF, 0xC0, 0x1F, 0xFF, 0xFF, 0xFE, 0x00, 0xFF, 0xFF, 0xFF, 0xF0,
  0x07, 0xFF, 0xFF, 0xFF, 0x80, 0x3F, 0xFF, 0xFF, 0xFC, 0x01, 0xFF, 0xFF,
  0xFF, 0xE0, 0x0F, 0xFF, 0xFF, 0xFF, 0x00, 0x7F, 0xFF, 0xFF, 0xF8, 0x03,
  0xFF, 0xFF, 0xFF, 0xC0, 0x1F, 0xFF, 0xFF, 0xFE, 0x00, 0xFF, 0xFF, 0xFF,
  0xF0, 0x07, 0xFF, 0xFF, 0xFF, 0x80, 0x3F, 0xFF, 0xFF, 0xFC, 0x01, 0xFF,
  0xFF, 0xFF, 0xE0, 0x0F, 0xFF, 0xC0, 0xFF, 0xFF, 0xFF, 0xFF, 0xFF, 0xFF,
  0xFF, 0xFF, 0xFF, 0xFF, 0xFF, 0xFF, 0xFF, 0xFF, 0xFF, 0xFF, 0xFF, 0xFF,
  0xFF, 0xFF, 0xFF, 0xFF, 0xFF, 0xFF, 0xFF, 0xFF, 0xFF, 0xFF, 0xFF, 0xFF,
  0xFF, 0xFF, 0xFF, 0xFF, 0xFF, 0xFF, 0xFF, 0xFF, 0xFF, 0xFF, 0xFF, 0xFF,
  0xFF, 0xFF, 0xFF, 0xFF, 0xFF, 0xFF, 0xFF, 0xFF, 0xFF, 0xFF, 0xFF, 0xFF,
  0xFF, 0xFF, 0xFF, 0xFF, 0xFF, 0xFF, 0xFF, 0xFF, 0xFF, 0xFF, 0xFF, 0xFF,
  0xFF, 0xFF, 0xFF, 0xFF, 0xFF, 0xFF, 0xFF, 0xFF, 0xFF, 0xFF, 0xFF, 0xFF,
  0xFF, 0xFF, 0xFF, 0xFF, 0xFF, 0xFF, 0xFF, 0xFF, 0xFF, 0xF0, 0x00, 0x00,
  0x3F, 0xFF, 0x00, 0x00, 0x3F, 0xFF, 0x00, 0x00, 0x3F, 0xFF, 0x00, 0x00,
  0x3F, 0xFF, 0x00, 0x00, 0x3F, 0xFF, 0x00, 0x00, 0x3F, 0xFF, 0x00, 0x00,
  0x3F, 0xFF, 0x00, 0x00, 0x3F, 0xFF, 0x00, 0x00, 0x3F, 0xFF, 0x00, 0x00,
  0x3F, 0xFF, 0x00, 0x00, 0x3F, 0xFF, 0x00, 0x00, 0x3F, 0xFF, 0x00, 0x00,
  0x3F, 0xFF, 0x00, 0x00, 0x3F, 0xFF, 0x00, 0x00, 0x3F, 0xFF, 0x00, 0x00,
  0x3F, 0xFF, 0x00, 0x00, 0x3F, 0xFF, 0x00, 0x00, 0x3F, 0xFF, 0x00, 0x00,
  0x3F, 0xFF, 0x00, 0x00, 0x3F, 0xFF, 0x00, 0x00, 0x3F, 0xFF, 0x00, 0x00,
  0x3F, 0xFF, 0x00, 0x00, 0x3F, 0xFF, 0x00, 0x00, 0x3F, 0xFF, 0x00, 0x00,
  0x3F, 0xFF, 0x00, 0x00, 0x3F, 0xFF, 0x00, 0x00, 0x3F, 0xFF, 0x00, 0x00,
  0x3F, 0xFF, 0x00, 0x00, 0x3F, 0xFF, 0x00, 0x00, 0x3F, 0xFF, 0xFF, 0xF8,
  0x3F, 0xFF, 0xFF, 0xF8, 0x3F, 0xFF, 0xFF, 0xF8, 0x3F, 0xFF, 0xFF, 0xF8,
  0x3F, 0xFF, 0xFF, 0xF8, 0x3F, 0xFF, 0xFF, 0xF8, 0x3F, 0xFF, 0xFF, 0xF8,
  0x3F, 0xFF, 0xFF, 0xF8, 0x3F, 0xFF, 0xFF, 0xF8, 0x3F, 0xFF, 0xFF, 0xFC,
  0x3F, 0xFF, 0xFF, 0xFF, 0xFF, 0xFF, 0xFF, 0xFF, 0xFF, 0xFF, 0xFF, 0xFF,
  0xFF, 0xFF, 0xFF, 0xFF, 0xFF, 0xFF, 0x7F, 0xFF, 0xFF, 0xFE, 0x7F, 0xFF,
  0xFF, 0xFE, 0x3F, 0xFF, 0xFF, 0xFC, 0x1F, 0xFF, 0xFF, 0xF8, 0x0F, 0xFF,
  0xFF, 0xF0, 0x01, 0xFF, 0xFF, 0x80, 0xFF, 0xFC, 0x01, 0xFF, 0xFF, 0xFF,
  0xF0, 0x07, 0xFF, 0xEF, 0xFF, 0xC0, 0x3F, 0xFF, 0xBF, 0xFF, 0x00, 0xFF,
  0xFC, 0xFF, 0xFC, 0x07, 0xFF, 0xF3, 0xFF, 0xF0, 0x1F, 0xFF, 0xCF, 0xFF,
  0xC0, 0x7F, 0xFE, 0x3F, 0xFF, 0x03, 0xFF, 0xF8, 0xFF, 0xFC, 0x0F, 0xFF,
  0xC3, 0xFF, 0xF0, 0x3F, 0xFF, 0x0F, 0xFF, 0xC1, 0xFF, 0xFC, 0x3F, 0xFF,
  0x07, 0xFF, 0xE0, 0xFF, 0xFC, 0x3F, 0xFF, 0x83, 0xFF, 0xF0, 0xFF, 0xFC,
  0x0F, 0xFF, 0xC3, 0xFF, 0xF0, 0x3F, 0xFF, 0x1F, 0xFF, 0xC0, 0xFF, 0xFC,
  0x7F, 0xFE, 0x03, 0xFF, 0xF3, 0xFF, 0xF8, 0x0F, 0xFF, 0xCF, 0xFF, 0xE0,
  0x3F, 0xFF, 0x3F, 0xFF, 0x00, 0xFF, 0xFD, 0xFF, 0xFC, 0x03, 0xFF, 0xF7,
  0xFF, 0xE0, 0x0F, 0xFF, 0xDF, 0xFF, 0x80, 0x3F, 0xFF, 0xFF, 0xFE, 0x00,
  0xFF, 0xFF, 0xFF, 0xF0, 0x03, 0xFF, 0xFF, 0xFF, 0xE0, 0x0F, 0xFF, 0xDF,
  0xFF, 0x80, 0x3F, 0xFF, 0x7F, 0xFE, 0x00, 0xFF, 0xFD, 0xFF, 0xFC, 0x03,
  0xFF, 0xF3, 0xFF, 0xF0, 0x0F, 0xFF, 0xCF, 0xFF, 0xE0, 0x3F, 0xFF, 0x1F,
  0xFF, 0x80, 0xFF, 0xFC, 0x7F, 0xFE, 0x03, 0xFF, 0xF1, 0xFF, 0xFC, 0x0F,
  0xFF, 0xC3, 0xFF, 0xF0, 0x3F, 0xFF, 0x0F, 0xFF, 0xC0, 0xFF, 0xFC, 0x3F,
  0xFF, 0x83, 0xFF, 0xF0, 0x7F, 0xFE, 0x0F, 0xFF, 0xC1, 0xFF, 0xFC, 0x3F,
  0xFF, 0x07, 0xFF, 0xF0, 0xFF, 0xFC, 0x0F, 0xFF, 0xC3, 0xFF, 0xF0, 0x3F,
  0xFF, 0x8F, 0xFF, 0xC0, 0x7F, 0xFE, 0x3F, 0xFF, 0x01, 0xFF, 0xFC, 0xFF,
  0xFC, 0x07, 0xFF, 0xF3, 0xFF, 0xF0, 0x0F, 0xFF, 0xCF, 0xFF, 0xC0, 0x3F,
  0xFF, 0xBF, 0xFF, 0x00, 0xFF, 0xFE, 0xFF, 0xFC, 0x01, 0xFF, 0xFB, 0xFF,
  0xF0, 0x07, 0xFF, 0xF0, 0xFF, 0xFC, 0x00, 0x07, 0xFF, 0xE0, 0x00, 0x3F,
  0xFF, 0x00, 0x01, 0xFF, 0xF8, 0x00, 0x0F, 0xFF, 0xC0, 0x00, 0x7F, 0xFE,
  0x00, 0x03, 0xFF, 0xF0, 0x00, 0x1F, 0xFF, 0x80, 0x00, 0xFF, 0xFC, 0x00,
  0x07, 0xFF, 0xE0, 0x00, 0x3F, 0xFF, 0x00, 0x01, 0xFF, 0xF8, 0x00, 0x0F,
  0xFF, 0xC0, 0x00, 0x7F, 0xFE, 0x00, 0x03, 0xFF, 0xF0, 0x00, 0x1F, 0xFF,
  0x80, 0x00, 0xFF, 0xFC, 0x00, 0x07, 0xFF, 0xE0, 0x00, 0x3F, 0xFF, 0x00,
  0x01, 0xFF, 0xF8, 0x00, 0x0F, 0xFF, 0xC0, 0x00, 0x7F, 0xFE, 0x00, 0x03,
  0xFF, 0xF0, 0x00, 0x1F, 0xFF, 0x80, 0x00, 0xFF, 0xFC, 0x00, 0x07, 0xFF,
  0xE0, 0x00, 0x3F, 0xFF, 0x00, 0x01, 0xFF, 0xF8, 0x00, 0x0F, 0xFF, 0xC0,
  0x00, 0x7F, 0xFE, 0x00, 0x03, 0xFF, 0xF0, 0x00, 0x1F, 0xFF, 0x80, 0x00,
  0xFF, 0xFC, 0x00, 0x07, 0xFF, 0xE0, 0x00, 0x3F, 0xFF, 0x00, 0x01, 0xFF,
  0xF8, 0x00, 0x0F, 0xFF, 0xC0, 0x00, 0x7F, 0xFE, 0x00, 0x03, 0xFF, 0xF0,
  0x00, 0x1F, 0xFF, 0x80, 0x00, 0xFF, 0xFF, 0xFF, 0xFF, 0xFF, 0xFF, 0xFF,
  0xFF, 0xFF, 0xFF, 0xFF, 0xFF, 0xFF, 0xFF, 0xFF, 0xFF, 0xFF, 0xFF, 0xFF,
  0xFF, 0xFF, 0xFF, 0xFF, 0xFF, 0xFF, 0xFF, 0xFF, 0xFF, 0xFF, 0xFF, 0xFF,
  0xFF, 0xFF, 0xFF, 0xFF, 0xFF, 0xC0, 0xFF, 0xFE, 0x00, 0x01, 0xFF, 0xFF,
  0xFF, 0xFC, 0x00, 0x07, 0xFF, 0xFF, 0xFF, 0xF0, 0x00, 0x1F, 0xFF, 0xFF,
  0xFF, 0xC0, 0x00, 0xFF, 0xFF, 0xFF, 0xFF, 0x80, 0x03, 0xFF, 0xFF, 0xFF,
  0xFE, 0x00, 0x0F, 0xFF, 0xFF, 0xFF, 0xF8, 0x00, 0x7F, 0xFF, 0xFF, 0xFF,
  0xE0, 0x01, 0xFF, 0xFF, 0xFF, 0xFF, 0xC0, 0x07, 0xFF, 0xFF, 0xFF, 0xFF,
  0x00, 0x3F, 0xFF, 0xFF, 0xFF, 0xFC, 0x00, 0xFF, 0xFF, 0xFF, 0xFF, 0xF8,
  0x03, 0xFF, 0xFF, 0xFF, 0xFF, 0xE0, 0x0F, 0xFF, 0xFF, 0xFF, 0xFF, 0x80,
  0x7F, 0xFF, 0xFF, 0xFF, 0xFF, 0x01, 0xFF, 0xFF, 0xFF, 0xFF, 0xFC, 0x07,
  0xFF, 0xFF, 0xFF, 0xFF, 0xF0, 0x3F, 0xFF, 0xFF, 0xFF, 0xFF, 0xC0, 0xFF,
  0xFF, 0xFF, 0xFF, 0xFF, 0x83, 0xFF, 0xFF, 0xFF, 0xFD, 0xFE, 0x1F, 0xFF,
  0xFF, 0xFF, 0xF7, 0xF8, 0x7F, 0xBF, 0xFF, 0xFF, 0xDF, 0xF1, 0xFE, 0xFF,
  0xFF, 0xFF, 0x3F, 0xCF, 0xFB, 0xFF, 0xFF, 0xFC, 0xFF, 0x3F, 0xEF, 0xFF,
  0xFF, 0xF3, 0xFE, 0xFF, 0x3F, 0xFF, 0xFF, 0xC7, 0xFB, 0xFC, 0xFF, 0xFF,
  0xFF, 0x1F, 0xFF, 0xF3, 0xFF, 0xFF, 0xFC, 0x7F, 0xFF, 0x8F, 0xFF, 0xFF,
  0xF1, 0xFF, 0xFE, 0x3F, 0xFF, 0xFF, 0xC3, 0xFF, 0xF8, 0xFF, 0xFF, 0xFF,
  0x0F, 0xFF, 0xE3, 0xFF, 0xFF, 0xFC, 0x3F, 0xFF, 0x0F, 0xFF, 0xFF, 0xF0,
  0x7F, 0xFC, 0x3F, 0xFF, 0xFF, 0xC1, 0xFF, 0xF0, 0xFF, 0xFF, 0xFF, 0x07,
  0xFF, 0x83, 0xFF, 0xFF, 0xFC, 0x1F, 0xFE, 0x0F, 0xFF, 0xFF, 0xF0, 0x3F,
  0xF8, 0x3F, 0xFF, 0xFF, 0xC0, 0xFF, 0xC0, 0xFF, 0xFF, 0xFF, 0x03, 0xFF,
  0x03, 0xFF, 0xFF, 0xFC, 0x00, 0x00, 0x0F, 0xFF, 0xFF, 0xF0, 0x00, 0x00,
  0x3F, 0xFF, 0xFF, 0xC0, 0x00, 0x00, 0xFF, 0xFF, 0xFF, 0x00, 0x00, 0x03,
  0xFF, 0xFF, 0xFC, 0x00, 0x00, 0x0F, 0xFF, 0xFF, 0xF0, 0x00, 0x00, 0x3F,
  0xFF, 0xFF, 0xC0, 0x00, 0x00, 0xFF, 0xFF, 0xFF, 0x00, 0x00, 0x03, 0xFF,
  0xFF, 0xFC, 0x00, 0x00, 0x0F, 0xFF, 0xFF, 0xF0, 0x00, 0x00, 0x3F, 0xFF,
  0xFF, 0xC0, 0x00, 0x00, 0xFF, 0xF0, 0xFF, 0xF0, 0x01, 0xFF, 0xFF, 0xFF,
  0x80, 0x1F, 0xFF, 0xFF, 0xF8, 0x01, 0xFF, 0xFF, 0xFF, 0x80, 0x1F, 0xFF,
  0xFF, 0xFC, 0x01, 0xFF, 0xFF, 0xFF, 0xC0, 0x1F, 0xFF, 0xFF, 0xFE, 0x01,
  0xFF, 0xFF, 0xFF, 0xE0, 0x1F, 0xFF, 0xFF, 0xFF, 0x01, 0xFF, 0xFF, 0xFF,
  0xF0, 0x1F, 0xFF, 0xFF, 0xFF, 0x01, 0xFF, 0xFF, 0xFF, 0xF8, 0x1F, 0xFF,
  0xFF, 0xFF, 0x81, 0xFF, 0xFF, 0xFF, 0xFC, 0x1F, 0xFF, 0xFF, 0xFF, 0xC1,
  0xFF, 0xFF, 0xFF, 0xFC, 0x1F, 0xFF, 0xFF, 0xFF, 0xE1, 0xFF, 0xFF, 0xFF,
  0xFE, 0x1F, 0xFF, 0xFF, 0xFF, 0xF1, 0xFF, 0xFF, 0xFF, 0xFF, 0x1F, 0xFF,
  0xFF, 0xFF, 0xF9, 0xFF, 0xFF, 0xFF, 0xFF, 0x9F, 0xFF, 0xFF, 0xFF, 0xF9,
  0xFF, 0xFF, 0xFF, 0xFF, 0xDF, 0xFF, 0xFF, 0xFF, 0xFD, 0xFF, 0xFF, 0xFF,
  0xFF, 0xFF, 0xFF, 0xFF, 0xFB, 0xFF, 0xFF, 0xFF, 0xFF, 0xBF, 0xFF, 0xFF,
  0xFF, 0xF9, 0xFF, 0xFF, 0xFF, 0xFF, 0x9F, 0xFF, 0xFF, 0xFF, 0xF8, 0xFF,
  0xFF, 0xFF, 0xFF, 0x8F, 0xFF, 0xFF, 0xFF, 0xF8, 0xFF, 0xFF, 0xFF, 0xFF,
  0x87, 0xFF, 0xFF, 0xFF, 0xF8, 0x7F, 0xFF, 0xFF, 0xFF, 0x83, 0xFF, 0xFF,
  0xFF, 0xF8, 0x3F, 0xFF, 0xFF, 0xFF, 0x81, 0xFF, 0xFF, 0xFF, 0xF8, 0x1F,
  0xFF, 0xFF, 0xFF, 0x81, 0xFF, 0xFF, 0xFF, 0xF8, 0x0F, 0xFF, 0xFF, 0xFF,
  0x80, 0xFF, 0xFF, 0xFF, 0xF8, 0x07, 0xFF, 0xFF, 0xFF, 0x80, 0x7F, 0xFF,
  0xFF, 0xF8, 0x03, 0xFF, 0xFF, 0xFF, 0x80, 0x3F, 0xFF, 0xFF, 0xF8, 0x03,
  0xFF, 0xFF, 0xFF, 0x80, 0x1F, 0xFF, 0xFF, 0xF8, 0x01, 0xFF, 0xFF, 0xFF,
  0x80, 0x0F, 0xFF, 0x03, 0xFF, 0xFF, 0xF8, 0x01, 0xFF, 0xFF, 0xFF, 0xC0,
  0xFF, 0xFF, 0xFF, 0xFC, 0x1F, 0xFF, 0xFF, 0xFF, 0xC7, 0xFF, 0xFF, 0xFF,
  0xF8, 0xFF, 0xFF, 0xFF, 0xFF, 0xBF, 0xFF, 0xFF, 0xFF, 0xF7, 0xFF, 0xFF,
  0xFF, 0xFE, 0xFF, 0xFF, 0xFF, 0xFF, 0xDF, 0xFF, 0xFF, 0xFF, 0xFF, 0xFF,
  0xF0, 0x1F, 0xFF, 0xFF, 0xFE, 0x03, 0xFF, 0xFF, 0xFF, 0xC0, 0x7F, 0xFF,
  0xFF, 0xF8, 0x0F, 0xFF, 0xFF, 0xFF, 0x01, 0xFF, 0xFF, 0xFF, 0xE0, 0x3F,
  0xFF, 0xFF, 0xFC, 0x07, 0xFF, 0xFF, 0xFF, 0x80, 0xFF, 0xFF, 0xFF, 0xF0,
  0x1F, 0xFF, 0xFF, 0xFE, 0x03, 0xFF, 0xFF, 0xFF, 0xC0, 0x7F, 0xFF, 0xFF,
  0xF8, 0x0F, 0xFF, 0xFF, 0xFF, 0x01, 0xFF, 0xFF, 0xFF, 0xE0, 0x3F, 0xFF,
  0xFF, 0xFC, 0x07, 0xFF, 0xFF, 0xFF, 0x80, 0xFF, 0xFF, 0xFF, 0xF0, 0x1F,
  0xFF, 0xFF, 0xFE, 0x03, 0xFF, 0xFF, 0xFF, 0xC0, 0x7F, 0xFF, 0xFF, 0xF8,
  0x0F, 0xFF, 0xFF, 0xFF, 0x01, 0xFF, 0xFF, 0xFF, 0xE0, 0x3F, 0xFF, 0xFF,
  0xFC, 0x07, 0xFF, 0xFF, 0xFF, 0x80, 0xFF, 0xFF, 0xFF, 0xF0, 0x1F, 0xFF,
  0xFF, 0xFE, 0x03, 0xFF, 0xFF, 0xFF, 0xC0, 0x7F, 0xFF, 0xFF, 0xF8, 0x0F,
  0xFF, 0xFF, 0xFF, 0x01, 0xFF, 0xFF, 0xFF, 0xE0, 0x3F, 0xFF, 0xFF, 0xFF,
  0xFF, 0xFF, 0xFF, 0xFF, 0xFF, 0xFF, 0xFB, 0xFF, 0xFF, 0xFF, 0xFF, 0x7F,
  0xFF, 0xFF, 0xFF, 0xE7, 0xFF, 0xFF, 0xFF, 0xFC, 0xFF, 0xFF, 0xFF, 0xFF,
  0x0F, 0xFF, 0xFF, 0xFF, 0xE0, 0xFF, 0xFF, 0xFF, 0xF8, 0x0F, 0xFF, 0xFF,
  0xFC, 0x00, 0x3F, 0xFF, 0xFE, 0x00, 0xFF, 0xFF, 0xFF, 0xF8, 0x1F, 0xFF,
  0xFF, 0xFF, 0xC3, 0xFF, 0xFF, 0xFF, 0xFC, 0x7F, 0xFF, 0xFF, 0xFF, 0xCF,
  0xFF, 0xFF, 0xFF, 0xFD, 0xFF, 0xFF, 0xFF, 0xFF, 0xBF, 0xFF, 0xFF, 0xFF,
  0xFF, 0xFF, 0xFF, 0xFF, 0xFF, 0xFF, 0xFF, 0xFF, 0xFF, 0xFF, 0xFF, 0xFF,
  0xFF, 0xFF, 0xFF, 0xF0, 0x1F, 0xFF, 0xFF, 0xFE, 0x03, 0xFF, 0xFF, 0xFF,
  0xC0, 0x7F, 0xFF, 0xFF, 0xF8, 0x0F, 0xFF, 0xFF, 0xFF, 0x01, 0xFF, 0xFF,
  0xFF, 0xE0, 0x3F, 0xFF, 0xFF, 0xFC, 0x07, 0xFF, 0xFF, 0xFF, 0x80, 0xFF,
  0xFF, 0xFF, 0xF0, 0x1F, 0xFF, 0xFF, 0xFE, 0x03, 0xFF, 0xFF, 0xFF, 0xC0,
  0x7F, 0xFF, 0xFF, 0xF8, 0x0F, 0xFF, 0xFF, 0xFF, 0x01, 0xFF, 0xFF, 0xFF,
  0xE0, 0x7F, 0xFF, 0xFF, 0xFF, 0xFF, 0xFF, 0xFF, 0xFF, 0xFF, 0xFF, 0xFF,
  0xFF, 0xFF, 0xFF, 0xFF, 0xFF, 0xFF, 0xFF, 0xFF, 0xEF, 0xFF, 0xFF, 0xFF,
  0xFD, 0xFF, 0xFF, 0xFF, 0xFF, 0x3F, 0xFF, 0xFF, 0xFF, 0xE7, 0xFF, 0xFF,
  0xFF, 0xF8, 0xFF, 0xFF, 0xFF, 0xFC, 0x1F, 0xFF, 0xFF, 0xE0, 0x03, 0xFF,
  0xF0, 0x00, 0x00, 0x7F, 0xFE, 0x00, 0x00, 0x0F, 0xFF, 0xC0, 0x00, 0x01,
  0xFF, 0xF8, 0x00, 0x00, 0x3F, 0xFF, 0x00, 0x00, 0x07, 0xFF, 0xE0, 0x00,
  0x00, 0xFF, 0xFC, 0x00, 0x00, 0x1F, 0xFF, 0x80, 0x00, 0x03, 0xFF, 0xF0,
  0x00, 0x00, 0x7F, 0xFE, 0x00, 0x00, 0x0F, 0xFF, 0xC0, 0x00, 0x01, 0xFF,
  0xF8, 0x00, 0x00, 0x3F, 0xFF, 0x00, 0x00, 0x07, 0xFF, 0xE0, 0x00, 0x00,
  0xFF, 0xFC, 0x00, 0x00, 0x1F, 0xFF, 0x80, 0x00, 0x00, 0x03, 0xFF, 0xFF,
  0xF8, 0x00, 0x1F, 0xFF, 0xFF, 0xFC, 0x00, 0xFF, 0xFF, 0xFF, 0xFC, 0x01,
  0xFF, 0xFF, 0xFF, 0xFC, 0x07, 0xFF, 0xFF, 0xFF, 0xF8, 0x0F, 0xFF, 0xFF,
  0xFF, 0xF8, 0x3F, 0xFF, 0xFF, 0xFF, 0xF0, 0x7F, 0xFF, 0xFF, 0xFF, 0xE0,
  0xFF, 0xFF, 0xFF, 0xFF, 0xC1, 0xFF, 0xFF, 0xFF, 0xFF, 0xC3, 0xFF, 0xF0,
  0x1F, 0xFF, 0x87, 0xFF, 0xE0, 0x3F, 0xFF, 0x0F, 0xFF, 0xC0, 0x7F, 0xFE,
  0x1F, 0xFF, 0x80, 0xFF, 0xFC, 0x3F, 0xFF, 0x01, 0xFF, 0xF8, 0x7F, 0xFE,
  0x03, 0xFF, 0xF0, 0xFF, 0xFC, 0x07, 0xFF, 0xE1, 0xFF, 0xF8, 0x0F, 0xFF,
  0xC3, 0xFF, 0xF0, 0x1F, 0xFF, 0x87, 0xFF, 0xE0, 0x3F, 0xFF, 0x0F, 0xFF,
  0xC0, 0x7F, 0xFE, 0x1F, 0xFF, 0x80, 0xFF, 0xFC, 0x3F, 0xFF, 0x01, 0xFF,
  0xF8, 0x7F, 0xFE, 0x03, 0xFF, 0xF0, 0xFF, 0xFC, 0x07, 0xFF, 0xE1, 0xFF,
  0xF8, 0x0F, 0xFF, 0xC3, 0xFF, 0xF0, 0x1F, 0xFF, 0x87, 0xFF, 0xE0, 0x3F,
  0xFF, 0x0F, 0xFF, 0xC0, 0x7F, 0xFE, 0x1F, 0xFF, 0x80, 0xFF, 0xFC, 0x3F,
  0xFF, 0x01, 0xFF, 0xF8, 0x7F, 0xFE, 0x03, 0xFF, 0xF0, 0xFF, 0xFC, 0x07,
  0xFF, 0xE1, 0xFF, 0xF8, 0x0F, 0xFF, 0xC3, 0xFF, 0xF0, 0x1F, 0xFF, 0x87,
  0xFF, 0xE0, 0x3F, 0xFF, 0x0F, 0xFF, 0xC0, 0x7F, 0xFE, 0x1F, 0xFF, 0x80,
  0xFF, 0xFC, 0x3F, 0xFF, 0x01, 0xFF, 0xF8, 0x7F, 0xFE, 0x03, 0xFF, 0xF0,
  0xFF, 0xFF, 0xFF, 0xFF, 0xE1, 0xFF, 0xFF, 0xFF, 0xFF, 0x83, 0xFF, 0xFF,
  0xFF, 0xFF, 0x07, 0xFF, 0xFF, 0xFF, 0xFE, 0x07, 0xFF, 0xFF, 0xFF, 0xFC,
  0x0F, 0xFF, 0xFF, 0xFF, 0xF0, 0x0F, 0xFF, 0xFF, 0xFF, 0xE0, 0x0F, 0xFF,
  0xFF, 0xFF, 0x80, 0x0F, 0xFF, 0xFF, 0xFF, 0x80, 0x03, 0xFF, 0xFF, 0xFF,
  0x00, 0x00, 0x00, 0x7F, 0xFF, 0x00, 0x00, 0x00, 0x7F, 0xFF, 0x00, 0x00,
  0x00, 0x7F, 0xFF, 0x00, 0x00, 0x00, 0x7F, 0xFF, 0x00, 0x00, 0x00, 0x7F,
  0xFF, 0x80, 0xFF, 0xFF, 0xFF, 0xF8, 0x07, 0xFF, 0xFF, 0xFF, 0xF0, 0x3F,
  0xFF, 0xFF, 0xFF, 0xC1, 0xFF, 0xFF, 0xFF, 0xFF, 0x0F, 0xFF, 0xFF, 0xFF,
  0xFC, 0x7F, 0xFF, 0xFF, 0xFF, 0xE3, 0xFF, 0xFF, 0xFF, 0xFF, 0x9F, 0xFF,
  0xFF, 0xFF, 0xFC, 0xFF, 0xFF, 0xFF, 0xFF, 0xE7, 0xFF, 0xFF, 0xFF, 0xFF,
  0x3F, 0xFF, 0x01, 0xFF, 0xF9, 0xFF, 0xF8, 0x0F, 0xFF, 0xCF, 0xFF, 0xC0,
  0x7F, 0xFE, 0x7F, 0xFE, 0x03, 0xFF, 0xF3, 0xFF, 0xF0, 0x1F, 0xFF, 0x9F,
  0xFF, 0x80, 0xFF, 0xFC, 0xFF, 0xFC, 0x07, 0xFF, 0xE7, 0xFF, 0xE0, 0x3F,
  0xFF, 0x3F, 0xFF, 0x01, 0xFF, 0xF9, 0xFF, 0xF8, 0x0F, 0xFF, 0xCF, 0xFF,
  0xC0, 0x7F, 0xFE, 0x7F, 0xFE, 0x03, 0xFF, 0xF3, 0xFF, 0xF0, 0x3F, 0xFF,
  0x9F, 0xFF, 0xFF, 0xFF, 0xFC, 0xFF, 0xFF, 0xFF, 0xFF, 0xE7, 0xFF, 0xFF,
  0xFF, 0xFF, 0x3F, 0xFF, 0xFF, 0xFF, 0xF1, 0xFF, 0xFF, 0xFF, 0xFF, 0x8F,
  0xFF, 0xFF, 0xFF, 0xF8, 0x7F, 0xFF, 0xFF, 0xFF, 0x83, 0xFF, 0xFF, 0xFF,
  0xF8, 0x1F, 0xFF, 0xFF, 0xFF, 0x00, 0xFF, 0xFD, 0xFF, 0xF8, 0x07, 0xFF,
  0xEF, 0xFF, 0xC0, 0x3F, 0xFF, 0x3F, 0xFF, 0x01, 0xFF, 0xF9, 0xFF, 0xF8,
  0x0F, 0xFF, 0xC7, 0xFF, 0xE0, 0x7F, 0xFE, 0x3F, 0xFF, 0x03, 0xFF, 0xF0,
  0xFF, 0xFC, 0x1F, 0xFF, 0x87, 0xFF, 0xE0, 0xFF, 0xFC, 0x3F, 0xFF, 0x87,
  0xFF, 0xE0, 0xFF, 0xFC, 0x3F, 0xFF, 0x07, 0xFF, 0xF1, 0xFF, 0xF8, 0x1F,
  0xFF, 0x8F, 0xFF, 0xC0, 0xFF, 0xFE, 0x7F, 0xFE, 0x03, 0xFF, 0xF3, 0xFF,
  0xF0, 0x1F, 0xFF, 0xDF, 0xFF, 0x80, 0x7F, 0xFE, 0xFF, 0xFC, 0x03, 0xFF,
  0xFF, 0xFF, 0xE0, 0x1F, 0xFF, 0xC0, 0x03, 0xFF, 0xFF, 0xF0, 0x03, 0xFF,
  0xFF, 0xFF, 0x01, 0xFF, 0xFF, 0xFF, 0xE0, 0xFF, 0xFF, 0xFF, 0xFC, 0x7F,
  0xFF, 0xFF, 0xFF, 0x9F, 0xFF, 0xFF, 0xFF, 0xE7, 0xFF, 0xFF, 0xFF, 0xFF,
  0xFF, 0xFF, 0xFF, 0xFF, 0xFF, 0xFF, 0xFF, 0xFF, 0xFF, 0xFF, 0xFF, 0xFF,
  0xFF, 0xFF, 0xC0, 0xFF, 0xFF, 0xFF, 0xF0, 0x3F, 0xFF, 0xFF, 0xFC, 0x0F,
  0xFF, 0xFF, 0xFF, 0x03, 0xFF, 0xFF, 0xFF, 0xC0, 0xFF, 0xFF, 0xFF, 0xF0,
  0x00, 0x00, 0xFF, 0xFC, 0x00, 0x00, 0x3F, 0xFF, 0x00, 0x00, 0x0F, 0xFF,
  0xC0, 0x00, 0x03, 0xFF, 0xF0, 0x00, 0x00, 0xFF, 0xFF, 0xFF, 0x80, 0x3F,
  0xFF, 0xFF, 0xFF, 0x07, 0xFF, 0xFF, 0xFF, 0xE1, 0xFF, 0xFF, 0xFF, 0xFC,
  0x7F, 0xFF, 0xFF, 0xFF, 0x8F, 0xFF, 0xFF, 0xFF, 0xE3, 0xFF, 0xFF, 0xFF,
  0xFC, 0x7F, 0xFF, 0xFF, 0xFF, 0x07, 0xFF, 0xFF, 0xFF, 0xC0, 0x3F, 0xFF,
  0xFF, 0xF0, 0x00, 0x00, 0xFF, 0xFC, 0x00, 0x00, 0x3F, 0xFF, 0x00, 0x00,
  0x0F, 0xFF, 0xC0, 0x00, 0x03, 0xFF, 0xFF, 0xFF, 0xC0, 0xFF, 0xFF, 0xFF,
  0xF0, 0x3F, 0xFF, 0xFF, 0xFC, 0x0F, 0xFF, 0xFF, 0xFF, 0x03, 0xFF, 0xFF,
  0xFF, 0xC0, 0xFF, 0xFF, 0xFF, 0xF0, 0x3F, 0xFF, 0xFF, 0xFF, 0xFF, 0xFF,
  0xDF, 0xFF, 0xFF, 0xFF, 0xF7, 0xFF, 0xFF, 0xFF, 0xFD, 0xFF, 0xFF, 0xFF,
  0xFF, 0x7F, 0xFF, 0xFF, 0xFF, 0x8F, 0xFF, 0xFF, 0xFF, 0xE3, 0xFF, 0xFF,
  0xFF, 0xF0, 0x7F, 0xFF, 0xFF, 0xF8, 0x07, 0xFF, 0xFF, 0xFC, 0x00, 0x7F,
  0xFF, 0xFC, 0x00, 0xFF, 0xFF, 0xFF, 0xFF, 0xFF, 0xFF, 0xFF, 0xFF, 0xFF,
  0xFF, 0xFF, 0xFF, 0xFF, 0xFF, 0xFF, 0xFF, 0xFF, 0xFF, 0xFF, 0xFF, 0xFF,
  0xFF, 0xFF, 0xFF, 0xFF, 0xFF, 0xFF, 0xFF, 0xFF, 0xFF, 0xFF, 0xFF, 0xFF,
  0xFF, 0xFF, 0xFF, 0xFF, 0xFF, 0xFF, 0xFF, 0xFF, 0xC0, 0x0F, 0xFF, 0xC0,
  0x00, 0x07, 0xFF, 0xE0, 0x00, 0x03, 0xFF, 0xF0, 0x00, 0x01, 0xFF, 0xF8,
  0x00, 0x00, 0xFF, 0xFC, 0x00, 0x00, 0x7F, 0xFE, 0x00, 0x00, 0x3F, 0xFF,
  0x00, 0x00, 0x1F, 0xFF, 0x80, 0x00, 0x0F, 0xFF, 0xC0, 0x00, 0x07, 0xFF,
  0xE0, 0x00, 0x03, 0xFF, 0xF0, 0x00, 0x01, 0xFF, 0xF8, 0x00, 0x00, 0xFF,
  0xFC, 0x00, 0x00, 0x7F, 0xFE, 0x00, 0x00, 0x3F, 0xFF, 0x00, 0x00, 0x1F,
  0xFF, 0x80, 0x00, 0x0F, 0xFF, 0xC0, 0x00, 0x07, 0xFF, 0xE0, 0x00, 0x03,
  0xFF, 0xF0, 0x00, 0x01, 0xFF, 0xF8, 0x00, 0x00, 0xFF, 0xFC, 0x00, 0x00,
  0x7F, 0xFE, 0x00, 0x00, 0x3F, 0xFF, 0x00, 0x00, 0x1F, 0xFF, 0x80, 0x00,
  0x0F, 0xFF, 0xC0, 0x00, 0x07, 0xFF, 0xE0, 0x00, 0x03, 0xFF, 0xF0, 0x00,
  0x01, 0xFF, 0xF8, 0x00, 0x00, 0xFF, 0xFC, 0x00, 0x00, 0x7F, 0xFE, 0x00,
  0x00, 0x3F, 0xFF, 0x00, 0x00, 0x1F, 0xFF, 0x80, 0x00, 0x0F, 0xFF, 0xC0,
  0x00, 0x07, 0xFF, 0xE0, 0x00, 0x03, 0xFF, 0xF0, 0x00, 0x01, 0xFF, 0xF8,
  0x00, 0x00, 0xFF, 0xFC, 0x00, 0x00, 0x7F, 0xFE, 0x00, 0x00, 0x3F, 0xFF,
  0x00, 0x00, 0x1F, 0xFF, 0x80, 0x00, 0xFF, 0xFC, 0x07, 0xFF, 0xFF, 0xFF,
  0x80, 0xFF, 0xFF, 0xFF, 0xF0, 0x1F, 0xFF, 0xFF, 0xFE, 0x03, 0xFF, 0xFF,
  0xFF, 0xC0, 0x7F, 0xFF, 0xFF, 0xF8, 0x0F, 0xFF, 0xFF, 0xFF, 0x01, 0xFF,
  0xFF, 0xFF, 0xE0, 0x3F, 0xFF, 0xFF, 0xFC, 0x07, 0xFF, 0xFF, 0xFF, 0x80,
  0xFF, 0xFF, 0xFF, 0xF0, 0x1F, 0xFF, 0xFF, 0xFE, 0x03, 0xFF, 0xFF, 0xFF,
  0xC0, 0x7F, 0xFF, 0xFF, 0xF8, 0x0F, 0xFF, 0xFF, 0xFF, 0x01, 0xFF, 0xFF,
  0xFF, 0xE0, 0x3F, 0xFF, 0xFF, 0xFC, 0x07, 0xFF, 0xFF, 0xFF, 0x80, 0xFF,
  0xFF, 0xFF, 0xF0, 0x1F, 0xFF, 0xFF, 0xFE, 0x03, 0xFF, 0xFF, 0xFF, 0xC0,
  0x7F, 0xFF, 0xFF, 0xF8, 0x0F, 0xFF, 0xFF, 0xFF, 0x01, 0xFF, 0xFF, 0xFF,
  0xE0, 0x3F, 0xFF, 0xFF, 0xFC, 0x07, 0xFF, 0xFF, 0xFF, 0x80, 0xFF, 0xFF,
  0xFF, 0xF0, 0x1F, 0xFF, 0xFF, 0xFE, 0x03, 0xFF, 0xFF, 0xFF, 0xC0, 0x7F,
  0xFF, 0xFF, 0xF8, 0x0F, 0xFF, 0xFF, 0xFF, 0x01, 0xFF, 0xFF, 0xFF, 0xE0,
  0x3F, 0xFF, 0xFF, 0xFC, 0x07, 0xFF, 0xFF, 0xFF, 0x80, 0xFF, 0xFF, 0xFF,
  0xF0, 0x1F, 0xFF, 0xFF, 0xFE, 0x03, 0xFF, 0xFF, 0xFF, 0xC0, 0x7F, 0xFF,
  0xFF, 0xF8, 0x0F, 0xFF, 0xFF, 0xFF, 0x01, 0xFF, 0xFF, 0xFF, 0xE0, 0x3F,
  0xFF, 0xFF, 0xFF, 0xFF, 0xFF, 0xFF, 0xFF, 0xFF, 0xFF, 0xFF, 0xFF, 0xFF,
  0xFF, 0xFF, 0xBF, 0xFF, 0xFF, 0xFF, 0xE7, 0xFF, 0xFF, 0xFF, 0xFC, 0xFF,
  0xFF, 0xFF, 0xFF, 0x8F, 0xFF, 0xFF, 0xFF, 0xE0, 0xFF, 0xFF, 0xFF, 0xF8,
  0x0F, 0xFF, 0xFF, 0xFE, 0x00, 0x3F, 0xFF, 0xFE, 0x00, 0xFF, 0xFC, 0x00,
  0x3F, 0xFF, 0xFF, 0xFC, 0x00, 0x3F, 0xFF, 0xFF, 0xFC, 0x00, 0x7F, 0xFF,
  0xFF, 0xFC, 0x00, 0x7F, 0xFE, 0x7F, 0xFE, 0x00, 0x7F, 0xFE, 0x7F, 0xFE,
  0x00, 0x7F, 0xFE, 0x7F, 0xFE, 0x00, 0x7F, 0xFE, 0x7F, 0xFE, 0x00, 0xFF,
  0xFC, 0x3F, 0xFE, 0x00, 0xFF, 0xFC, 0x3F, 0xFF, 0x00, 0xFF, 0xFC, 0x3F,
  0xFF, 0x00, 0xFF, 0xFC, 0x3F, 0xFF, 0x00, 0xFF, 0xF8, 0x1F, 0xFF, 0x00,
  0xFF, 0xF8, 0x1F, 0xFF, 0x01, 0xFF, 0xF8, 0x1F, 0xFF, 0x01, 0xFF, 0xF8,
  0x1F, 0xFF, 0x81, 0xFF, 0xF0, 0x0F, 0xFF, 0x81, 0xFF, 0xF0, 0x0F, 0xFF,
  0x81, 0xFF, 0xF0, 0x0F, 0xFF, 0x83, 0xFF, 0xF0, 0x0F, 0xFF, 0x83, 0xFF,
  0xE0, 0x07, 0xFF, 0xC3, 0xFF, 0xE0, 0x07, 0xFF, 0xC3, 0xFF, 0xE0, 0x07,
  0xFF, 0xC3, 0xFF, 0xE0, 0x07, 0xFF, 0xC3, 0xFF, 0xC0, 0x03, 0xFF, 0xC7,
  0xFF, 0xC0, 0x03, 0xFF, 0xC7, 0xFF, 0xC0, 0x03, 0xFF, 0xE7, 0xFF, 0xC0,
  0x03, 0xFF, 0xE7, 0xFF, 0x80, 0x01, 0xFF, 0xE7, 0xFF, 0x80, 0x01, 0xFF,
  0xEF, 0xFF, 0x80, 0x01, 0xFF, 0xEF, 0xFF, 0x80, 0x01, 0xFF, 0xFF, 0xFF,
  0x00, 0x00, 0xFF, 0xFF, 0xFF, 0x00, 0x00, 0xFF, 0xFF, 0xFF, 0x00, 0x00,
  0xFF, 0xFF, 0xFF, 0x00, 0x00, 0xFF, 0xFF, 0xFE, 0x00, 0x00, 0x7F, 0xFF,
  0xFE, 0x00, 0x00, 0x7F, 0xFF, 0xFE, 0x00, 0x00, 0x7F, 0xFF, 0xFE, 0x00,
  0x00, 0x7F, 0xFF, 0xFC, 0x00, 0x00, 0x3F, 0xFF, 0xFC, 0x00, 0x00, 0x3F,
  0xFF, 0xFC, 0x00, 0x00, 0x3F, 0xFF, 0xFC, 0x00, 0x00, 0x3F, 0xFF, 0xF8,
  0x00, 0x00, 0x1F, 0xFF, 0xF8, 0x00, 0x00, 0x1F, 0xFF, 0xF8, 0x00, 0x00,
  0x1F, 0xFF, 0xF8, 0x00, 0x00, 0x1F, 0xFF, 0xF0, 0x00, 0x00, 0x0F, 0xFF,
  0xF0, 0x00, 0x00, 0x0F, 0xFF, 0xF0, 0x00, 0xFF, 0xFC, 0x00, 0x7F, 0xFE,
  0x00, 0x3F, 0xFF, 0xFF, 0xFC, 0x00, 0x7F, 0xFE, 0x00, 0x3F, 0xFE, 0xFF,
  0xFC, 0x00, 0xFF, 0xFE, 0x00, 0x3F, 0xFE, 0x7F, 0xFE, 0x00, 0xFF, 0xFE,
  0x00, 0x3F, 0xFE, 0x7F, 0xFE, 0x00, 0xFF, 0xFE, 0x00, 0x7F, 0xFE, 0x7F,
  0xFE, 0x00, 0xFF, 0xFF, 0x00, 0x7F, 0xFC, 0x7F, 0xFE, 0x00, 0xFF, 0xFF,
  0x00, 0x7F, 0xFC, 0x7F, 0xFE, 0x01, 0xFF, 0xFF, 0x00, 0x7F, 0xFC, 0x3F,
  0xFE, 0x01, 0xFF, 0xFF, 0x00, 0x7F, 0xFC, 0x3F, 0xFE, 0x01, 0xFF, 0xFF,
  0x00, 0x7F, 0xFC, 0x3F, 0xFE, 0x01, 0xFF, 0xFF, 0x80, 0x7F, 0xF8, 0x3F,
  0xFF, 0x01, 0xFF, 0xFF, 0x80, 0xFF, 0xF8, 0x3F, 0xFF, 0x03, 0xFF, 0xFF,
  0x80, 0xFF, 0xF8, 0x1F, 0xFF, 0x03, 0xFF, 0xFF, 0x80, 0xFF, 0xF8, 0x1F,
  0xFF, 0x03, 0xFF, 0xFF, 0x80, 0xFF, 0xF8, 0x1F, 0xFF, 0x03, 0xFF, 0xFF,
  0xC0, 0xFF, 0xF0, 0x1F, 0xFF, 0x03, 0xFF, 0xFF, 0xC0, 0xFF, 0xF0, 0x0F,
  0xFF, 0x07, 0xFF, 0xFF, 0xC1, 0xFF, 0xF0, 0x0F, 0xFF, 0x07, 0xFF, 0xFF,
  0xC1, 0xFF, 0xF0, 0x0F, 0xFF, 0x87, 0xFF, 0xFF, 0xC1, 0xFF, 0xF0, 0x0F,
  0xFF, 0x87, 0xFF, 0xFF, 0xE1, 0xFF, 0xE0, 0x0F, 0xFF, 0x87, 0xFE, 0xFF,
  0xE1, 0xFF, 0xE0, 0x07, 0xFF, 0x8F, 0xFE, 0xFF, 0xE1, 0xFF, 0xE0, 0x07,
  0xFF, 0x8F, 0xFE, 0xFF, 0xE1, 0xFF, 0xE0, 0x07, 0xFF, 0x8F, 0xFE, 0x7F,
  0xE3, 0xFF, 0xC0, 0x07, 0xFF, 0x8F, 0xFE, 0x7F, 0xF3, 0xFF, 0xC0, 0x07,
  0xFF, 0x8F, 0xFE, 0x7F, 0xF3, 0xFF, 0xC0, 0x03, 0xFF, 0xDF, 0xFC, 0x7F,
  0xF3, 0xFF, 0xC0, 0x03, 0xFF, 0xDF, 0xFC, 0x7F, 0xF3, 0xFF, 0xC0, 0x03,
  0xFF, 0xDF, 0xFC, 0x7F, 0xF3, 0xFF, 0x80, 0x03, 0xFF, 0xDF, 0xFC, 0x3F,
  0xFB, 0xFF, 0x80, 0x01, 0xFF, 0xDF, 0xFC, 0x3F, 0xFF, 0xFF, 0x80, 0x01,
  0xFF, 0xFF, 0xF8, 0x3F, 0xFF, 0xFF, 0x80, 0x01, 0xFF, 0xFF, 0xF8, 0x3F,
  0xFF, 0xFF, 0x80, 0x01, 0xFF, 0xFF, 0xF8, 0x3F, 0xFF, 0xFF, 0x00, 0x01,
  0xFF, 0xFF, 0xF8, 0x1F, 0xFF, 0xFF, 0x00, 0x00, 0xFF, 0xFF, 0xF8, 0x1F,
  0xFF, 0xFF, 0x00, 0x00, 0xFF, 0xFF, 0xF8, 0x1F, 0xFF, 0xFF, 0x00, 0x00,
  0xFF, 0xFF, 0xF0, 0x1F, 0xFF, 0xFE, 0x00, 0x00, 0xFF, 0xFF, 0xF0, 0x1F,
  0xFF, 0xFE, 0x00, 0x00, 0xFF, 0xFF, 0xF0, 0x0F, 0xFF, 0xFE, 0x00, 0x00,
  0x7F, 0xFF, 0xF0, 0x0F, 0xFF, 0xFE, 0x00, 0x00, 0x7F, 0xFF, 0xF0, 0x0F,
  0xFF, 0xFE, 0x00, 0x00, 0x7F, 0xFF, 0xE0, 0x0F, 0xFF, 0xFC, 0x00, 0x00,
  0x7F, 0xFF, 0xE0, 0x0F, 0xFF, 0xFC, 0x00, 0x00, 0x7F, 0xFF, 0xE0, 0x0F,
  0xFF, 0xFC, 0x00, 0x00, 0x3F, 0xFF, 0xE0, 0x07, 0xFF, 0xFC, 0x00, 0x00,
  0x3F, 0xFF, 0xE0, 0x07, 0xFF, 0xFC, 0x00, 0x00, 0x3F, 0xFF, 0xC0, 0x07,
  0xFF, 0xF8, 0x00, 0x00, 0x3F, 0xFF, 0xC0, 0x07, 0xFF, 0xF8, 0x00, 0xFF,
  0xFF, 0x00, 0xFF, 0xFE, 0x3F, 0xFF, 0x80, 0x7F, 0xFE, 0x0F, 0xFF, 0xE0,
  0x7F, 0xFF, 0x07, 0xFF, 0xF0, 0x3F, 0xFF, 0x01, 0xFF, 0xF8, 0x1F, 0xFF,
  0x80, 0xFF, 0xFE, 0x1F, 0xFF, 0x80, 0x3F, 0xFF, 0x0F, 0xFF, 0xC0, 0x1F,
  0xFF, 0x87, 0xFF, 0xC0, 0x07, 0xFF, 0xE7, 0xFF, 0xE0, 0x03, 0xFF, 0xF3,
  0xFF, 0xF0, 0x00, 0xFF, 0xF9, 0xFF, 0xF0, 0x00, 0x7F, 0xFF, 0xFF, 0xF8,
  0x00, 0x1F, 0xFF, 0xFF, 0xF8, 0x00, 0x0F, 0xFF, 0xFF, 0xFC, 0x00, 0x07,
  0xFF, 0xFF, 0xFC, 0x00, 0x01, 0xFF, 0xFF, 0xFE, 0x00, 0x00, 0xFF, 0xFF,
  0xFE, 0x00, 0x00, 0x3F, 0xFF, 0xFF, 0x00, 0x00, 0x1F, 0xFF, 0xFF, 0x00,
  0x00, 0x07, 0xFF, 0xFF, 0x80, 0x00, 0x03, 0xFF, 0xFF, 0xC0, 0x00, 0x00,
  0xFF, 0xFF, 0xC0, 0x00, 0x00, 0x7F, 0xFF, 0xE0, 0x00, 0x00, 0x1F, 0xFF,
  0xE0, 0x00, 0x00, 0x0F, 0xFF, 0xF0, 0x00, 0x00, 0x07, 0xFF, 0xF8, 0x00,
  0x00, 0x07, 0xFF, 0xFE, 0x00, 0x00, 0x03, 0xFF, 0xFF, 0x00, 0x00, 0x03,
  0xFF, 0xFF, 0xC0, 0x00, 0x01, 0xFF, 0xFF, 0xE0, 0x00, 0x01, 0xFF, 0xFF,
  0xF8, 0x00, 0x00, 0xFF, 0xFF, 0xFC, 0x00, 0x00, 0xFF, 0xFF, 0xFF, 0x00,
  0x00, 0x7F, 0xFF, 0xFF, 0x80, 0x00, 0x7F, 0xFF, 0xFF, 0xE0, 0x00, 0x3F,
  0xFF, 0xFF, 0xF0, 0x00, 0x3F, 0xFF, 0xFF, 0xFC, 0x00, 0x1F, 0xFF, 0x3F,
  0xFE, 0x00, 0x0F, 0xFF, 0x9F, 0xFF, 0x80, 0x0F, 0xFF, 0xCF, 0xFF, 0xC0,
  0x07, 0xFF, 0xC3, 0xFF, 0xF0, 0x07, 0xFF, 0xE1, 0xFF, 0xF8, 0x03, 0xFF,
  0xE0, 0x7F, 0xFE, 0x03, 0xFF, 0xF0, 0x3F, 0xFF, 0x01, 0xFF, 0xF8, 0x1F,
  0xFF, 0xC1, 0xFF, 0xF8, 0x07, 0xFF, 0xF0, 0xFF, 0xFC, 0x03, 0xFF, 0xF8,
  0xFF, 0xFE, 0x01, 0xFF, 0xFE, 0x7F, 0xFE, 0x00, 0x7F, 0xFF, 0x7F, 0xFF,
  0x00, 0x3F, 0xFF, 0xC0, 0xFF, 0xFC, 0x00, 0x3F, 0xFF, 0xBF, 0xFF, 0x00,
  0x1F, 0xFF, 0x9F, 0xFF, 0x80, 0x0F, 0xFF, 0xC7, 0xFF, 0xC0, 0x07, 0xFF,
  0xC3, 0xFF, 0xF0, 0x07, 0xFF, 0xE1, 0xFF, 0xF8, 0x03, 0xFF, 0xE0, 0x7F,
  0xFC, 0x01, 0xFF, 0xF0, 0x3F, 0xFE, 0x01, 0xFF, 0xF8, 0x0F, 0xFF, 0x80,
  0xFF, 0xF8, 0x07, 0xFF, 0xC0, 0x7F, 0xFC, 0x03, 0xFF, 0xE0, 0x3F, 0xFE,
  0x00, 0xFF, 0xF8, 0x3F, 0xFE, 0x00, 0x7F, 0xFC, 0x1F, 0xFF, 0x00, 0x1F,
  0xFE, 0x0F, 0xFF, 0x00, 0x0F, 0xFF, 0x8F, 0xFF, 0x80, 0x07, 0xFF, 0xC7,
  0xFF, 0xC0, 0x01, 0xFF, 0xE3, 0xFF, 0xC0, 0x00, 0xFF, 0xF9, 0xFF, 0xE0,
  0x00, 0x3F, 0xFD, 0xFF, 0xE0, 0x00, 0x1F, 0xFE, 0xFF, 0xF0, 0x00, 0x0F,
  0xFF, 0x7F, 0xF8, 0x00, 0x03, 0xFF, 0xFF, 0xF8, 0x00, 0x01, 0xFF, 0xFF,
  0xFC, 0x00, 0x00, 0x7F, 0xFF, 0xFC, 0x00, 0x00, 0x3F, 0xFF, 0xFE, 0x00,
  0x00, 0x0F, 0xFF, 0xFF, 0x00, 0x00, 0x07, 0xFF, 0xFF, 0x00, 0x00, 0x03,
  0xFF, 0xFF, 0x80, 0x00, 0x00, 0xFF, 0xFF, 0xC0, 0x00, 0x00, 0x7F, 0xFF,
  0xC0, 0x00, 0x00, 0x1F, 0xFF, 0xE0, 0x00, 0x00, 0x0F, 0xFF, 0xE0, 0x00,
  0x00, 0x07, 0xFF, 0xF0, 0x00, 0x00, 0x01, 0xFF, 0xF8, 0x00, 0x00, 0x00,
  0xFF, 0xFC, 0x00, 0x00, 0x00, 0x7F, 0xFE, 0x00, 0x00, 0x00, 0x3F, 0xFF,
  0x00, 0x00, 0x00, 0x1F, 0xFF, 0x80, 0x00, 0x00, 0x0F, 0xFF, 0xC0, 0x00,
  0x00, 0x07, 0xFF, 0xE0, 0x00, 0x00, 0x03, 0xFF, 0xF0, 0x00, 0x00, 0x01,
  0xFF, 0xF8, 0x00, 0x00, 0x00, 0xFF, 0xFC, 0x00, 0x00, 0x00, 0x7F, 0xFE,
  0x00, 0x00, 0x00, 0x3F, 0xFF, 0x00, 0x00, 0x00, 0x1F, 0xFF, 0x80, 0x00,
  0x00, 0x0F, 0xFF, 0xC0, 0x00, 0x00, 0x07, 0xFF, 0xE0, 0x00, 0x00, 0x03,
  0xFF, 0xF0, 0x00, 0x00, 0x01, 0xFF, 0xF8, 0x00, 0x00, 0x7F, 0xFF, 0xFF,
  0xFF, 0xBF, 0xFF, 0xFF, 0xFF, 0xDF, 0xFF, 0xFF, 0xFF, 0xEF, 0xFF, 0xFF,
  0xFF, 0xF7, 0xFF, 0xFF, 0xFF, 0xFB, 0xFF, 0xFF, 0xFF, 0xFD, 0xFF, 0xFF,
  0xFF, 0xFE, 0xFF, 0xFF, 0xFF, 0xFF, 0x7F, 0xFF, 0xFF, 0xFF, 0xBF, 0xFF,
  0xFF, 0xFF, 0xC0, 0x00, 0x0F, 0xFF, 0xC0, 0x00, 0x0F, 0xFF, 0xE0, 0x00,
  0x07, 0xFF, 0xE0, 0x00, 0x07, 0xFF, 0xE0, 0x00, 0x07, 0xFF, 0xF0, 0x00,
  0x03, 0xFF, 0xF0, 0x00, 0x03, 0xFF, 0xF0, 0x00, 0x01, 0xFF, 0xF8, 0x00,
  0x01, 0xFF, 0xF8, 0x00, 0x01, 0xFF, 0xFC, 0x00, 0x00, 0xFF, 0xFC, 0x00,
  0x00, 0xFF, 0xFC, 0x00, 0x00, 0xFF, 0xFE, 0x00, 0x00, 0x7F, 0xFE, 0x00,
  0x00, 0x7F, 0xFF, 0x00, 0x00, 0x3F, 0xFF, 0x00, 0x00, 0x3F, 0xFF, 0x00,
  0x00, 0x3F, 0xFF, 0x80, 0x00, 0x1F, 0xFF, 0x80, 0x00, 0x1F, 0xFF, 0xC0,
  0x00, 0x0F, 0xFF, 0xC0, 0x00, 0x0F, 0xFF, 0xC0, 0x00, 0x0F, 0xFF, 0xE0,
  0x00, 0x07, 0xFF, 0xE0, 0x00, 0x07, 0xFF, 0xE0, 0x00, 0x07, 0xFF, 0xF0,
  0x00, 0x03, 0xFF, 0xF0, 0x00, 0x03, 0xFF, 0xF8, 0x00, 0x01, 0xFF, 0xF8,
  0x00, 0x01, 0xFF, 0xF8, 0x00, 0x00, 0xFF, 0xFF, 0xFF, 0xFF, 0x7F, 0xFF,
  0xFF, 0xFF, 0xBF, 0xFF, 0xFF, 0xFF, 0xDF, 0xFF, 0xFF, 0xFF, 0xEF, 0xFF,
  0xFF, 0xFF, 0xF7, 0xFF, 0xFF, 0xFF, 0xFB, 0xFF, 0xFF, 0xFF, 0xFD, 0xFF,
  0xFF, 0xFF, 0xFE, 0xFF, 0xFF, 0xFF, 0xFF, 0x7F, 0xFF, 0xFF, 0xFF, 0x80,
  0xFF, 0xFF, 0xFF, 0xFF, 0xFF, 0xFF, 0xFF, 0xFF, 0xFF, 0xFF, 0xFF, 0xFF,
  0xFF, 0xFF, 0xFF, 0xFF, 0xFF, 0xFF, 0xFF, 0xFF, 0xFF, 0xFF, 0xFF, 0xFF,
  0xFF, 0xFF, 0xFF, 0xFF, 0x01, 0xFF, 0xF8, 0x0F, 0xFF, 0xC0, 0x7F, 0xFE,
  0x03, 0xFF, 0xF0, 0x1F, 0xFF, 0x80, 0xFF, 0xFC, 0x07, 0xFF, 0xE0, 0x3F,
  0xFF, 0x01, 0xFF, 0xF8, 0x0F, 0xFF, 0xC0, 0x7F, 0xFE, 0x03, 0xFF, 0xF0,
  0x1F, 0xFF, 0x80, 0xFF, 0xFC, 0x07, 0xFF, 0xE0, 0x3F, 0xFF, 0x01, 0xFF,
  0xF8, 0x0F, 0xFF, 0xC0, 0x7F, 0xFE, 0x03, 0xFF, 0xF0, 0x1F, 0xFF, 0x80,
  0xFF, 0xFC, 0x07, 0xFF, 0xE0, 0x3F, 0xFF, 0x01, 0xFF, 0xF8, 0x0F, 0xFF,
  0xC0, 0x7F, 0xFE, 0x03, 0xFF, 0xF0, 0x1F, 0xFF, 0x80, 0xFF, 0xFC, 0x07,
  0xFF, 0xE0, 0x3F, 0xFF, 0x01, 0xFF, 0xF8, 0x0F, 0xFF, 0xC0, 0x7F, 0xFE,
  0x03, 0xFF, 0xF0, 0x1F, 0xFF, 0x80, 0xFF, 0xFC, 0x07, 0xFF, 0xE0, 0x3F,
  0xFF, 0x01, 0xFF, 0xF8, 0x0F, 0xFF, 0xC0, 0x7F, 0xFE, 0x03, 0xFF, 0xF0,
  0x1F, 0xFF, 0x80, 0xFF, 0xFC, 0x07, 0xFF, 0xE0, 0x3F, 0xFF, 0x01, 0xFF,
  0xF8, 0x0F, 0xFF, 0xC0, 0x7F, 0xFE, 0x03, 0xFF, 0xF0, 0x1F, 0xFF, 0x80,
  0xFF, 0xFF, 0xFF, 0xFF, 0xFF, 0xFF, 0xFF, 0xFF, 0xFF, 0xFF, 0xFF, 0xFF,
  0xFF, 0xFF, 0xFF, 0xFF, 0xFF, 0xFF, 0xFF, 0xFF, 0xFF, 0xFF, 0xFF, 0xFF,
  0xFF, 0xFF, 0xC0, 0xFF, 0xF0, 0x00, 0x00, 0x07, 0xFF, 0x00, 0x00, 0x00,
  0x7F, 0xF8, 0x00, 0x00, 0x03, 0xFF, 0x80, 0x00, 0x00, 0x3F, 0xFC, 0x00,
  0x00, 0x01, 0xFF, 0xC0, 0x00, 0x00, 0x1F, 0xFC, 0x00, 0x00, 0x01, 0xFF,
  0xE0, 0x00, 0x00, 0x0F, 0xFE, 0x00, 0x00, 0x00, 0xFF, 0xF0, 0x00, 0x00,
  0x07, 0xFF, 0x00, 0x00, 0x00, 0x7F, 0xF0, 0x00, 0x00, 0x07, 0xFF, 0x80,
  0x00, 0x00, 0x3F, 0xF8, 0x00, 0x00, 0x03, 0xFF, 0xC0, 0x00, 0x00, 0x1F,
  0xFC, 0x00, 0x00, 0x01, 0xFF, 0xC0, 0x00, 0x00, 0x1F, 0xFE, 0x00, 0x00,
  0x00, 0xFF, 0xE0, 0x00, 0x00, 0x0F, 0xFF, 0x00, 0x00, 0x00, 0x7F, 0xF0,
  0x00, 0x00, 0x07, 0xFF, 0x00, 0x00, 0x00, 0x7F, 0xF8, 0x00, 0x00, 0x03,
  0xFF, 0x80, 0x00, 0x00, 0x3F, 0xFC, 0x00, 0x00, 0x01, 0xFF, 0xC0, 0x00,
  0x00, 0x1F, 0xFC, 0x00, 0x00, 0x00, 0xFF, 0xE0, 0x00, 0x00, 0x0F, 0xFE,
  0x00, 0x00, 0x00, 0xFF, 0xF0, 0x00, 0x00, 0x07, 0xFF, 0x00, 0x00, 0x00,
  0x7F, 0xF0, 0x00, 0x00, 0x03, 0xFF, 0x80, 0x00, 0x00, 0x3F, 0xF8, 0x00,
  0x00, 0x03, 0xFF, 0xC0, 0x00, 0x00, 0x1F, 0xFC, 0x00, 0x00, 0x01, 0xFF,
  0xC0, 0x00, 0x00, 0x0F, 0xFE, 0x00, 0x00, 0x00, 0xFF, 0xE0, 0x00, 0x00,
  0x0F, 0xFF, 0x00, 0x00, 0x00, 0x7F, 0xF0, 0x00, 0x00, 0x07, 0xFF, 0x00,
  0x00, 0x00, 0x3F, 0xF8, 0x00, 0x00, 0x03, 0xFF, 0x80, 0x00, 0x00, 0x3F,
  0xFC, 0x00, 0x00, 0x01, 0xFF, 0xC0, 0x00, 0x00, 0x1F, 0xFC, 0x00, 0x00,
  0x00, 0xFF, 0xE0, 0x00, 0x00, 0x0F, 0xFE, 0x00, 0x00, 0x00, 0xFF, 0xF0,
  0x00, 0x00, 0x07, 0xFF, 0x00, 0x00, 0x00, 0x7F, 0xF0, 0x00, 0x00, 0x03,
  0xFF, 0x80, 0x00, 0x00, 0x3F, 0xF8, 0x00, 0x00, 0x03, 0xFF, 0xC0, 0x00,
  0x00, 0x1F, 0xFC, 0x00, 0x00, 0x01, 0xFF, 0xC0, 0x00, 0x00, 0x0F, 0xFE,
  0x00, 0x00, 0x00, 0xFF, 0xE0, 0x00, 0x00, 0x0F, 0xFF, 0xFF, 0xFF, 0xFF,
  0xFF, 0xFF, 0xFF, 0xFF, 0xFF, 0xFF, 0xFF, 0xFF, 0xFF, 0xFF, 0xFF, 0xFF,
  0xFF, 0xFF, 0xFF, 0xFF, 0xFF, 0xFF, 0xFF, 0xFF, 0xFF, 0xFF, 0xFF, 0xC0,
  0x7F, 0xFE, 0x03, 0xFF, 0xF0, 0x1F, 0xFF, 0x80, 0xFF, 0xFC, 0x07, 0xFF,
  0xE0, 0x3F, 0xFF, 0x01, 0xFF, 0xF8, 0x0F, 0xFF, 0xC0, 0x7F, 0xFE, 0x03,
  0xFF, 0xF0, 0x1F, 0xFF, 0x80, 0xFF, 0xFC, 0x07, 0xFF, 0xE0, 0x3F, 0xFF,
  0x01, 0xFF, 0xF8, 0x0F, 0xFF, 0xC0, 0x7F, 0xFE, 0x03, 0xFF, 0xF0, 0x1F,
  0xFF, 0x80, 0xFF, 0xFC, 0x07, 0xFF, 0xE0, 0x3F, 0xFF, 0x01, 0xFF, 0xF8,
  0x0F, 0xFF, 0xC0, 0x7F, 0xFE, 0x03, 0xFF, 0xF0, 0x1F, 0xFF, 0x80, 0xFF,
  0xFC, 0x07, 0xFF, 0xE0, 0x3F, 0xFF, 0x01, 0xFF, 0xF8, 0x0F, 0xFF, 0xC0,
  0x7F, 0xFE, 0x03, 0xFF, 0xF0, 0x1F, 0xFF, 0x80, 0xFF, 0xFC, 0x07, 0xFF,
  0xE0, 0x3F, 0xFF, 0x01, 0xFF, 0xF8, 0x0F, 0xFF, 0xC0, 0x7F, 0xFE, 0x03,
  0xFF, 0xF0, 0x1F, 0xFF, 0x80, 0xFF, 0xFC, 0x07, 0xFF, 0xE0, 0x3F, 0xFF,
  0x01, 0xFF, 0xF8, 0x0F, 0xFF, 0xC0, 0x7F, 0xFE, 0x03, 0xFF, 0xF0, 0x1F,
  0xFF, 0x80, 0xFF, 0xFC, 0x07, 0xFF, 0xE0, 0x3F, 0xFF, 0xFF, 0xFF, 0xFF,
  0xFF, 0xFF, 0xFF, 0xFF, 0xFF, 0xFF, 0xFF, 0xFF, 0xFF, 0xFF, 0xFF, 0xFF,
  0xFF, 0xFF, 0xFF, 0xFF, 0xFF, 0xFF, 0xFF, 0xFF, 0xFF, 0xFF, 0xFF, 0xC0,
  0x00, 0x7F, 0xFF, 0xF0, 0x00, 0x03, 0xFF, 0xFF, 0xC0, 0x00, 0x1F, 0xFF,
  0xFE, 0x00, 0x00, 0xFF, 0xFF, 0xF0, 0x00, 0x0F, 0xFF, 0xFF, 0x80, 0x00,
  0x7F, 0xFF, 0xFE, 0x00, 0x03, 0xFF, 0xFF, 0xF0, 0x00, 0x3F, 0xFF, 0xFF,
  0x80, 0x01, 0xFF, 0xFF, 0xFE, 0x00, 0x0F, 0xFF, 0xFF, 0xF0, 0x00, 0xFF,
  0xFF, 0xFF, 0x80, 0x07, 0xFF, 0xFF, 0xFE, 0x00, 0x3F, 0xFD, 0xFF, 0xF0,
  0x03, 0xFF, 0xEF, 0xFF, 0x80, 0x1F, 0xFF, 0x3F, 0xFE, 0x00, 0xFF, 0xF9,
  0xFF, 0xF0, 0x0F, 0xFF, 0x8F, 0xFF, 0x80, 0x7F, 0xFC, 0x7F, 0xFE, 0x03,
  0xFF, 0xE1, 0xFF, 0xF0, 0x3F, 0xFF, 0x0F, 0xFF, 0x81, 0xFF, 0xF0, 0x7F,
  0xFC, 0x0F, 0xFF, 0x83, 0xFF, 0xF0, 0x7F, 0xFC, 0x0F, 0xFF, 0x87, 0xFF,
  0xE0, 0x7F, 0xFC, 0x3F, 0xFE, 0x03, 0xFF, 0xF1, 0xFF, 0xF0, 0x1F, 0xFF,
  0x9F, 0xFF, 0x80, 0x7F, 0xFC, 0xFF, 0xFC, 0x03, 0xFF, 0xF7, 0xFF, 0xC0,
  0x1F, 0xFF, 0xFF, 0xFE, 0x00, 0xFF, 0xFC, 0xFF, 0xFF, 0xFF, 0xFF, 0xFF,
  0xFF, 0xFF, 0xFF, 0xFF, 0xFF, 0xFF, 0xFF, 0xFF, 0xFF, 0xFF, 0xFF, 0xFF,
  0xFF, 0xFF, 0xFF, 0xFF, 0xFF, 0xFF, 0xFF, 0xFF, 0xFF, 0xFF, 0xFF, 0xFF,
  0xFF, 0xFF, 0xFF, 0xFF, 0xFF, 0xFF, 0xFF, 0xFF, 0xFF, 0xFF, 0xFF, 0xFF,
  0xF8, 0xFF, 0xF8, 0x07, 0xFF, 0xC0, 0x3F, 0xFE, 0x01, 0xFF, 0xE0, 0x0F,
  0xFF, 0x00, 0x7F, 0xF8, 0x03, 0xFF, 0x80, 0x1F, 0xFC, 0x01, 0xFF, 0xE0,
  0x0F, 0xFE, 0x00, 0x7F, 0xF0, 0x03, 0xFF, 0x1F, 0xFF, 0x0F, 0xFF, 0x9F,
  0xFF, 0x1F, 0xFF, 0xDF, 0xFF, 0x3F, 0xFF, 0xFF, 0xFF, 0x7F, 0xFF, 0xFF,
  0xFF, 0x7F, 0xFF, 0xFF, 0xFF, 0x7F, 0xFF, 0xFF, 0xFF, 0xFF, 0xFF, 0xFF,
  0xFF, 0xFF, 0xFF, 0xFF, 0xFF, 0xFF, 0xFF, 0xFF, 0xFF, 0xFF, 0xFC, 0x1F,
  0xFF, 0xFF, 0xFC, 0x1F, 0xFF, 0xFF, 0xFC, 0x1F, 0xFF, 0xFF, 0xFC, 0x1F,
  0xFF, 0xFF, 0xFC, 0x1F, 0xFF, 0xFF, 0xFC, 0x1F, 0xFF, 0xFF, 0xFC, 0x1F,
  0xFF, 0xFF, 0xFC, 0x1F, 0xFF, 0xFF, 0xFC, 0x1F, 0xFF, 0xFF, 0xFC, 0x1F,
  0xFF, 0xFF, 0xFC, 0x1F, 0xFF, 0xFF, 0xFC, 0x1F, 0xFF, 0xFF, 0xFC, 0x1F,
  0xFF, 0xFF, 0xFC, 0x1F, 0xFF, 0xFF, 0xFC, 0x1F, 0xFF, 0xFF, 0xFC, 0x1F,
  0xFF, 0xFF, 0xFC, 0x1F, 0xFF, 0xFF, 0xFC, 0x1F, 0xFF, 0xFF, 0xFC, 0x1F,
  0xFF, 0xFF, 0xFF, 0xFF, 0xFF, 0xFF, 0xFF, 0xFF, 0xFF, 0xFF, 0xFF, 0xFF,
  0xFF, 0x7F, 0xFF, 0xFF, 0xFF, 0x7F, 0xFF, 0xFF, 0xFF, 0x7F, 0xFF, 0xFF,
  0xFF, 0x3F, 0xFF, 0xFF, 0xFF, 0x1F, 0xFF, 0xDF, 0xFF, 0x0F, 0xFF, 0x9F,
  0xFF, 0x01, 0xFE, 0x1F, 0xFF, 0xFF, 0xF8, 0x00, 0x00, 0xFF, 0xF8, 0x00,
  0x00, 0xFF, 0xF8, 0x00, 0x00, 0xFF, 0xF8, 0x00, 0x00, 0xFF, 0xF8, 0x00,
  0x00, 0xFF, 0xF8, 0x00, 0x00, 0xFF, 0xF8, 0x00, 0x00, 0xFF, 0xF8, 0x00,
  0x00, 0xFF, 0xF8, 0x00, 0x00, 0xFF, 0xF8, 0x00, 0x00, 0xFF, 0xF8, 0x00,
  0x00, 0xFF, 0xF8, 0x00, 0x00, 0xFF, 0xF8, 0x00, 0x00, 0xFF, 0xF8, 0x7F,
  0xC0, 0xFF, 0xF9, 0xFF, 0xF0, 0xFF, 0xFB, 0xFF, 0xFC, 0xFF, 0xFB, 0xFF,
  0xFC, 0xFF, 0xFF, 0xFF, 0xFE, 0xFF, 0xFF, 0xFF, 0xFF, 0xFF, 0xFF, 0xFF,
  0xFF, 0xFF, 0xFF, 0xFF, 0xFF, 0xFF, 0xFF, 0xFF, 0xFF, 0xFF, 0xFF, 0xFF,
  0xFF, 0xFF, 0xFC, 0x1F, 0xFF, 0xFF, 0xF8, 0x1F, 0xFF, 0xFF, 0xF8, 0x1F,
  0xFF, 0xFF, 0xF8, 0x1F, 0xFF, 0xFF, 0xF8, 0x1F, 0xFF, 0xFF, 0xF8, 0x1F,
  0xFF, 0xFF, 0xF8, 0x1F, 0xFF, 0xFF, 0xF8, 0x1F, 0xFF, 0xFF, 0xF8, 0x1F,
  0xFF, 0xFF, 0xF8, 0x1F, 0xFF, 0xFF, 0xF8, 0x1F, 0xFF, 0xFF, 0xF8, 0x1F,
  0xFF, 0xFF, 0xF8, 0x1F, 0xFF, 0xFF, 0xF8, 0x1F, 0xFF, 0xFF, 0xF8, 0x1F,
  0xFF, 0xFF, 0xF8, 0x1F, 0xFF, 0xFF, 0xF8, 0x1F, 0xFF, 0xFF, 0xF8, 0x1F,
  0xFF, 0xFF, 0xFC, 0x1F, 0xFF, 0xFF, 0xFF, 0xFF, 0xFF, 0xFF, 0xFF, 0xFF,
  0xFF, 0xFF, 0xFF, 0xFF, 0xFF, 0xFF, 0xFF, 0xFF, 0xFF, 0xFF, 0xFF, 0xFF,
  0xFE, 0xFF, 0xFF, 0xFF, 0xFE, 0xFF, 0xFB, 0xFF, 0xFC, 0xFF, 0xFB, 0xFF,
  0xFC, 0xFF, 0xF9, 0xFF, 0xF0, 0xFF, 0xF8, 0x7F, 0xC0, 0x01, 0xFF, 0xFF,
  0x80, 0x0F, 0xFF, 0xFF, 0xF0, 0x1F, 0xFF, 0xFF, 0xF8, 0x3F, 0xFF, 0xFF,
  0xFC, 0x3F, 0xFF, 0xFF, 0xFE, 0x7F, 0xFF, 0xFF, 0xFE, 0x7F, 0xFF, 0xFF,
  0xFE, 0xFF, 0xFF, 0xFF, 0xFF, 0xFF, 0xFF, 0xFF, 0xFF, 0xFF, 0xFF, 0xFF,
  0xFF, 0xFF, 0xFC, 0x1F, 0xFF, 0xFF, 0xFC, 0x1F, 0xFF, 0xFF, 0xFC, 0x1F,
  0xFF, 0xFF, 0xFC, 0x1F, 0xFF, 0xFF, 0xFC, 0x1F, 0xFF, 0xFF, 0xFC, 0x00,
  0x00, 0xFF, 0xFC, 0x00, 0x00, 0xFF, 0xFC, 0x00, 0x00, 0xFF, 0xFC, 0x00,
  0x00, 0xFF, 0xFC, 0x00, 0x00, 0xFF, 0xFC, 0x00, 0x00, 0xFF, 0xFC, 0x00,
  0x00, 0xFF, 0xFC, 0x00, 0x00, 0xFF, 0xFC, 0x00, 0x00, 0xFF, 0xFC, 0x1F,
  0xFF, 0xFF, 0xFC, 0x1F, 0xFF, 0xFF, 0xFC, 0x1F, 0xFF, 0xFF, 0xFC, 0x1F,
  0xFF, 0xFF, 0xFC, 0x1F, 0xFF, 0xFF, 0xFF, 0xFF, 0xFF, 0xFF, 0xFF, 0xFF,
  0xFF, 0x7F, 0xFF, 0xFF, 0xFF, 0x7F, 0xFF, 0xFF, 0xFE, 0x7F, 0xFF, 0xFF,
  0xFE, 0x3F, 0xFF, 0xFF, 0xFE, 0x3F, 0xFF, 0xFF, 0xFC, 0x1F, 0xFF, 0xFF,
  0xF8, 0x0F, 0xFF, 0xFF, 0xF0, 0x01, 0xFF, 0xFF, 0x80, 0x00, 0x00, 0x1F,
  0xFF, 0x00, 0x00, 0x1F, 0xFF, 0x00, 0x00, 0x1F, 0xFF, 0x00, 0x00, 0x1F,
  0xFF, 0x00, 0x00, 0x1F, 0xFF, 0x00, 0x00, 0x1F, 0xFF, 0x00, 0x00, 0x1F,
  0xFF, 0x00, 0x00, 0x1F, 0xFF, 0x00, 0x00, 0x1F, 0xFF, 0x00, 0x00, 0x1F,
  0xFF, 0x00, 0x00, 0x1F, 0xFF, 0x00, 0x00, 0x1F, 0xFF, 0x00, 0x00, 0x1F,
  0xFF, 0x03, 0xFF, 0x1F, 0xFF, 0x0F, 0xFF, 0x9F, 0xFF, 0x1F, 0xFF, 0xDF,
  0xFF, 0x3F, 0xFF, 0xFF, 0xFF, 0x7F, 0xFF, 0xFF, 0xFF, 0x7F, 0xFF, 0xFF,
  0xFF, 0x7F, 0xFF, 0xFF, 0xFF, 0xFF, 0xFF, 0xFF, 0xFF, 0xFF, 0xFF, 0xFF,
  0xFF, 0xFF, 0xFF, 0xFF, 0xFF, 0xFF, 0xFC, 0x1F, 0xFF, 0xFF, 0xFC, 0x1F,
  0xFF, 0xFF, 0xFC, 0x1F, 0xFF, 0xFF, 0xFC, 0x1F, 0xFF, 0xFF, 0xFC, 0x1F,
  0xFF, 0xFF, 0xFC, 0x1F, 0xFF, 0xFF, 0xFC, 0x1F, 0xFF, 0xFF, 0xFC, 0x1F,
  0xFF, 0xFF, 0xFC, 0x1F, 0xFF, 0xFF, 0xFC, 0x1F, 0xFF, 0xFF, 0xFC, 0x1F,
  0xFF, 0xFF, 0xFC, 0x1F, 0xFF, 0xFF, 0xFC, 0x1F, 0xFF, 0xFF, 0xFC, 0x1F,
  0xFF, 0xFF, 0xFC, 0x1F, 0xFF, 0xFF, 0xFC, 0x1F, 0xFF, 0xFF, 0xFC, 0x1F,
  0xFF, 0xFF, 0xFC, 0x1F, 0xFF, 0xFF, 0xFC, 0x1F, 0xFF, 0xFF, 0xFF, 0xFF,
  0xFF, 0xFF, 0xFF, 0xFF, 0xFF, 0xFF, 0xFF, 0xFF, 0xFF, 0x7F, 0xFF, 0xFF,
  0xFF, 0x7F, 0xFF, 0xFF, 0xFF, 0x7F, 0xFF, 0xFF, 0xFF, 0x3F, 0xFF, 0xFF,
  0xFF, 0x1F, 0xFF, 0xDF, 0xFF, 0x0F, 0xFF, 0x9F, 0xFF, 0x01, 0xFE, 0x1F,
  0xFF, 0x01, 0xFF, 0xFF, 0xC0, 0x07, 0xFF, 0xFF, 0xFC, 0x07, 0xFF, 0xFF,
  0xFF, 0x07, 0xFF, 0xFF, 0xFF, 0xC3, 0xFF, 0xFF, 0xFF, 0xF3, 0xFF, 0xFF,
  0xFF, 0xF9, 0xFF, 0xFF, 0xFF, 0xFF, 0xFF, 0xFF, 0xFF, 0xFF, 0xFF, 0xFF,
  0xFF, 0xFF, 0xFF, 0xFC, 0x07, 0xFF, 0xFF, 0xFE, 0x03, 0xFF, 0xFF, 0xFF,
  0x01, 0xFF, 0xFF, 0xFF, 0x80, 0xFF, 0xFF, 0xFF, 0xC0, 0x7F, 0xFF, 0xFF,
  0xE0, 0x3F, 0xFF, 0xFF, 0xF0, 0x1F, 0xFF, 0xFF, 0xFF, 0xFF, 0xFF, 0xFF,
  0xFF, 0xFF, 0xFF, 0xFF, 0xFF, 0xFF, 0xFF, 0xFF, 0xFF, 0xFF, 0xFF, 0xFF,
  0xFF, 0xFF, 0xFF, 0xFF, 0xFF, 0xFF, 0xFF, 0xFF, 0xFF, 0xFF, 0xFF, 0xFF,
  0xFF, 0xF0, 0x00, 0x00, 0xFF, 0xF8, 0x00, 0x00, 0x7F, 0xFC, 0x00, 0x00,
  0x3F, 0xFE, 0x03, 0xFF, 0xFF, 0xFF, 0x01, 0xFF, 0xFF, 0xFF, 0x80, 0xFF,
  0xFF, 0xFF, 0xE0, 0x7F, 0xFF, 0xFF, 0xFF, 0xFF, 0xFE, 0xFF, 0xFF, 0xFF,
  0xFF, 0x7F, 0xFF, 0xFF, 0xFF, 0xBF, 0xFF, 0xFF, 0xFF, 0x8F, 0xFF, 0xFF,
  0xFF, 0xC7, 0xFF, 0xFF, 0xFF, 0xC1, 0xFF, 0xFF, 0xFF, 0xC0, 0x7F, 0xFF,
  0xFF, 0xC0, 0x07, 0xFF, 0xFF, 0x00, 0x00, 0x7F, 0xFE, 0x03, 0xFF, 0xFC,
  0x0F, 0xFF, 0xF8, 0x3F, 0xFF, 0xF0, 0x7F, 0xFF, 0xE1, 0xFF, 0xFF, 0xC3,
  0xFF, 0xFF, 0x87, 0xFF, 0xFF, 0x0F, 0xFF, 0xFE, 0x1F, 0xFF, 0x80, 0x3F,
  0xFE, 0x00, 0x7F, 0xFC, 0x00, 0xFF, 0xF8, 0x1F, 0xFF, 0xFF, 0xFF, 0xFF,
  0xFF, 0xFF, 0xFF, 0xFF, 0xFF, 0xFF, 0xFF, 0xFF, 0xFF, 0xFF, 0xFF, 0xFF,
  0xFF, 0xFF, 0xFF, 0xFF, 0xFF, 0xFF, 0xFF, 0xFF, 0xFF, 0xFF, 0xFF, 0xFF,
  0x87, 0xFF, 0xC0, 0x0F, 0xFF, 0x80, 0x1F, 0xFF, 0x00, 0x3F, 0xFE, 0x00,
  0x7F, 0xFC, 0x00, 0xFF, 0xF8, 0x01, 0xFF, 0xF0, 0x03, 0xFF, 0xE0, 0x07,
  0xFF, 0xC0, 0x0F, 0xFF, 0x80, 0x1F, 0xFF, 0x00, 0x3F, 0xFE, 0x00, 0x7F,
  0xFC, 0x00, 0xFF, 0xF8, 0x01, 0xFF, 0xF0, 0x03, 0xFF, 0xE0, 0x07, 0xFF,
  0xC0, 0x0F, 0xFF, 0x80, 0x1F, 0xFF, 0x00, 0x3F, 0xFE, 0x00, 0x7F, 0xFC,
  0x00, 0xFF, 0xF8, 0x01, 0xFF, 0xF0, 0x03, 0xFF, 0xE0, 0x07, 0xFF, 0xC0,
  0x0F, 0xFF, 0x80, 0x1F, 0xFF, 0x00, 0x3F, 0xFE, 0x00, 0x7F, 0xFC, 0x00,
  0x03, 0xFF, 0x1F, 0xFF, 0x0F, 0xFF, 0x9F, 0xFF, 0x1F, 0xFF, 0xDF, 0xFF,
  0x3F, 0xFF, 0xFF, 0xFF, 0x7F, 0xFF, 0xFF, 0xFF, 0x7F, 0xFF, 0xFF, 0xFF,
  0x7F, 0xFF, 0xFF, 0xFF, 0xFF, 0xFF, 0xFF, 0xFF, 0xFF, 0xFF, 0xFF, 0xFF,
  0xFF, 0xFF, 0xFF, 0xFF, 0xFF, 0xFC, 0x1F, 0xFF, 0xFF, 0xFC, 0x1F, 0xFF,
  0xFF, 0xFC, 0x1F, 0xFF, 0xFF, 0xFC, 0x1F, 0xFF, 0xFF, 0xFC, 0x1F, 0xFF,
  0xFF, 0xFC, 0x1F, 0xFF, 0xFF, 0xFC, 0x1F, 0xFF, 0xFF, 0xFC, 0x1F, 0xFF,
  0xFF, 0xFC, 0x1F, 0xFF, 0xFF, 0xFC, 0x1F, 0xFF, 0xFF, 0xFC, 0x1F, 0xFF,
  0xFF, 0xFC, 0x1F, 0xFF, 0xFF, 0xFC, 0x1F, 0xFF, 0xFF, 0xFC, 0x1F, 0xFF,
  0xFF, 0xFC, 0x1F, 0xFF, 0xFF, 0xFC, 0x1F, 0xFF, 0xFF, 0xFC, 0x3F, 0xFF,
  0xFF, 0xFF, 0xFF, 0xFF, 0xFF, 0xFF, 0xFF, 0xFF, 0x7F, 0xFF, 0xFF, 0xFF,
  0x7F, 0xFF, 0xFF, 0xFF, 0x7F, 0xFF, 0xFF, 0xFF, 0x3F, 0xFF, 0xFF, 0xFF,
  0x3F, 0xFF, 0xFF, 0xFF, 0x1F, 0xFF, 0xDF, 0xFF, 0x07, 0xFF, 0x9F, 0xFF,
  0x00, 0xFC, 0x1F, 0xFF, 0x00, 0x00, 0x1F, 0xFF, 0x00, 0x00, 0x1F, 0xFF,
  0x00, 0x00, 0x3F, 0xFF, 0x3F, 0xFF, 0xFF, 0xFF, 0x3F, 0xFF, 0xFF, 0xFF,
  0x3F, 0xFF, 0xFF, 0xFF, 0x3F, 0xFF, 0xFF, 0xFF, 0x3F, 0xFF, 0xFF, 0xFE,
  0x3F, 0xFF, 0xFF, 0xFE, 0x3F, 0xFF, 0xFF, 0xFC, 0x3F, 0xFF, 0xFF, 0xF0,
  0x3F, 0xFF, 0xFF, 0xC0, 0xFF, 0xF8, 0x00, 0x00, 0xFF, 0xF8, 0x00, 0x00,
  0xFF, 0xF8, 0x00, 0x00, 0xFF, 0xF8, 0x00, 0x00, 0xFF, 0xF8, 0x00, 0x00,
  0xFF, 0xF8, 0x00, 0x00, 0xFF, 0xF8, 0x00, 0x00, 0xFF, 0xF8, 0x00, 0x00,
  0xFF, 0xF8, 0x00, 0x00, 0xFF, 0xF8, 0x00, 0x00, 0xFF, 0xF8, 0x00, 0x00,
  0xFF, 0xF8, 0x00, 0x00, 0xFF, 0xF8, 0x00, 0x00, 0xFF, 0xF8, 0x7F, 0xC0,
  0xFF, 0xF9, 0xFF, 0xF0, 0xFF, 0xFB, 0xFF, 0xFC, 0xFF, 0xFB, 0xFF, 0xFC,
  0xFF, 0xFF, 0xFF, 0xFE, 0xFF, 0xFF, 0xFF, 0xFF, 0xFF, 0xFF, 0xFF, 0xFF,
  0xFF, 0xFF, 0xFF, 0xFF, 0xFF, 0xFF, 0xFF, 0xFF, 0xFF, 0xFF, 0xFF, 0xFF,
  0xFF, 0xFC, 0x1F, 0xFF, 0xFF, 0xF8, 0x1F, 0xFF, 0xFF, 0xF8, 0x1F, 0xFF,
  0xFF, 0xF8, 0x1F, 0xFF, 0xFF, 0xF8, 0x1F, 0xFF, 0xFF, 0xF8, 0x1F, 0xFF,
  0xFF, 0xF8, 0x1F, 0xFF, 0xFF, 0xF8, 0x1F, 0xFF, 0xFF, 0xF8, 0x1F, 0xFF,
  0xFF, 0xF8, 0x1F, 0xFF, 0xFF, 0xF8, 0x1F, 0xFF, 0xFF, 0xF8, 0x1F, 0xFF,
  0xFF, 0xF8, 0x1F, 0xFF, 0xFF, 0xF8, 0x1F, 0xFF, 0xFF, 0xF8, 0x1F, 0xFF,
  0xFF, 0xF8, 0x1F, 0xFF, 0xFF, 0xF8, 0x1F, 0xFF, 0xFF, 0xF8, 0x1F, 0xFF,
  0xFF, 0xF8, 0x1F, 0xFF, 0xFF, 0xF8, 0x1F, 0xFF, 0xFF, 0xF8, 0x1F, 0xFF,
  0xFF, 0xF8, 0x1F, 0xFF, 0xFF, 0xF8, 0x1F, 0xFF, 0xFF, 0xF8, 0x1F, 0xFF,
  0xFF, 0xF8, 0x1F, 0xFF, 0xFF, 0xF8, 0x1F, 0xFF, 0xFF, 0xF8, 0x1F, 0xFF,
  0xFF, 0xF8, 0x1F, 0xFF, 0xFF, 0xF8, 0x1F, 0xFF, 0xFF, 0xFF, 0xFF, 0xFF,
  0xFF, 0xFF, 0xFF, 0xFF, 0xFF, 0xFF, 0xFF, 0xFF, 0xFF, 0xFF, 0xFF, 0xFC,
  0x00, 0x00, 0x00, 0x00, 0x00, 0x00, 0x03, 0xFF, 0xEF, 0xFF, 0xBF, 0xFE,
  0xFF, 0xFB, 0xFF, 0xEF, 0xFF, 0xBF, 0xFE, 0xFF, 0xFB, 0xFF, 0xEF, 0xFF,
  0xBF, 0xFE, 0xFF, 0xFB, 0xFF, 0xEF, 0xFF, 0xBF, 0xFE, 0xFF, 0xFB, 0xFF,
  0xEF, 0xFF, 0xBF, 0xFE, 0xFF, 0xFB, 0xFF, 0xEF, 0xFF, 0xBF, 0xFE, 0xFF,
  0xFB, 0xFF, 0xEF, 0xFF, 0xBF, 0xFE, 0xFF, 0xFB, 0xFF, 0xEF, 0xFF, 0xBF,
  0xFE, 0xFF, 0xFB, 0xFF, 0xEF, 0xFF, 0xBF, 0xFE, 0xFF, 0xFB, 0xFF, 0xEF,
  0xFF, 0xBF, 0xFE, 0x0F, 0xFF, 0xC3, 0xFF, 0xF0, 0xFF, 0xFC, 0x3F, 0xFF,
  0x0F, 0xFF, 0xC3, 0xFF, 0xF0, 0xFF, 0xFC, 0x3F, 0xFF, 0x0F, 0xFF, 0xC0,
  0x00, 0x00, 0x00, 0x00, 0x00, 0x00, 0x00, 0x00, 0x03, 0xFF, 0xE0, 0xFF,
  0xF8, 0x3F, 0xFE, 0x0F, 0xFF, 0x83, 0xFF, 0xE0, 0xFF, 0xF8, 0x3F, 0xFE,
  0x0F, 0xFF, 0x83, 0xFF, 0xE0, 0xFF, 0xF8, 0x3F, 0xFE, 0x0F, 0xFF, 0x83,
  0xFF, 0xE0, 0xFF, 0xF8, 0x3F, 0xFE, 0x0F, 0xFF, 0x83, 0xFF, 0xE0, 0xFF,
  0xF8, 0x3F, 0xFE, 0x0F, 0xFF, 0x83, 0xFF, 0xE0, 0xFF, 0xF8, 0x3F, 0xFE,
  0x0F, 0xFF, 0x83, 0xFF, 0xE0, 0xFF, 0xF8, 0x3F, 0xFE, 0x0F, 0xFF, 0x83,
  0xFF, 0xE0, 0xFF, 0xF8, 0x3F, 0xFE, 0x0F, 0xFF, 0x83, 0xFF, 0xE0, 0xFF,
  0xF8, 0x3F, 0xFE, 0x0F, 0xFF, 0x83, 0xFF, 0xE0, 0xFF, 0xF8, 0x3F, 0xFE,
  0x1F, 0xFF, 0xBF, 0xFF, 0xEF, 0xFF, 0xFB, 0xFF, 0xFE, 0xFF, 0xFF, 0xBF,
  0xFF, 0xCF, 0xFF, 0xF3, 0xFF, 0xF8, 0xFF, 0xFC, 0x3F, 0xF8, 0x00, 0xFF,
  0xF8, 0x00, 0x00, 0x1F, 0xFF, 0x00, 0x00, 0x03, 0xFF, 0xE0, 0x00, 0x00,
  0x7F, 0xFC, 0x00, 0x00, 0x0F, 0xFF, 0x80, 0x00, 0x01, 0xFF, 0xF0, 0x00,
  0x00, 0x3F, 0xFE, 0x00, 0x00, 0x07, 0xFF, 0xC0, 0x00, 0x00, 0xFF, 0xF8,
  0x00, 0x00, 0x1F, 0xFF, 0x00, 0x00, 0x03, 0xFF, 0xE0, 0x00, 0x00, 0x7F,
  0xFC, 0x00, 0x00, 0x0F, 0xFF, 0x80, 0x00, 0x01, 0xFF, 0xF0, 0x0F, 0xFF,
  0xFF, 0xFE, 0x03, 0xFF, 0xF7, 0xFF, 0xC0, 0x7F, 0xFC, 0xFF, 0xF8, 0x1F,
  0xFF, 0x9F, 0xFF, 0x03, 0xFF, 0xF3, 0xFF, 0xE0, 0xFF, 0xFC, 0x7F, 0xFC,
  0x1F, 0xFF, 0x8F, 0xFF, 0x83, 0xFF, 0xE1, 0xFF, 0xF0, 0xFF, 0xFC, 0x3F,
  0xFE, 0x1F, 0xFF, 0x07, 0xFF, 0xC7, 0xFF, 0xE0, 0xFF, 0xF8, 0xFF, 0xFC,
  0x1F, 0xFF, 0x1F, 0xFF, 0x03, 0xFF, 0xE7, 0xFF, 0xE0, 0x7F, 0xFC, 0xFF,
  0xF8, 0x0F, 0xFF, 0xBF, 0xFF, 0x01, 0xFF, 0xF7, 0xFF, 0xC0, 0x3F, 0xFE,
  0xFF, 0xF8, 0x07, 0xFF, 0xFF, 0xFF, 0x00, 0xFF, 0xFF, 0xFF, 0xC0, 0x1F,
  0xFF, 0xFF, 0xFC, 0x03, 0xFF, 0xEF, 0xFF, 0x80, 0x7F, 0xFD, 0xFF, 0xF8,
  0x0F, 0xFF, 0x9F, 0xFF, 0x01, 0xFF, 0xF3, 0xFF, 0xE0, 0x3F, 0xFE, 0x7F,
  0xFE, 0x07, 0xFF, 0xC7, 0xFF, 0xC0, 0xFF, 0xF8, 0xFF, 0xFC, 0x1F, 0xFF,
  0x0F, 0xFF, 0x83, 0xFF, 0xE1, 0xFF, 0xF8, 0x7F, 0xFC, 0x3F, 0xFF, 0x0F,
  0xFF, 0x83, 0xFF, 0xE1, 0xFF, 0xF0, 0x7F, 0xFE, 0x3F, 0xFE, 0x07, 0xFF,
  0xC7, 0xFF, 0xC0, 0xFF, 0xFC, 0xFF, 0xF8, 0x1F, 0xFF, 0x9F, 0xFF, 0x01,
  0xFF, 0xFB, 0xFF, 0xE0, 0x3F, 0xFF, 0x7F, 0xFC, 0x03, 0xFF, 0xF0, 0xFF,
  0xFF, 0xFF, 0xFF, 0xFF, 0xFF, 0xFF, 0xFF, 0xFF, 0xFF, 0xFF, 0xFF, 0xFF,
  0xFF, 0xFF, 0xFF, 0xFF, 0xFF, 0xFF, 0xFF, 0xFF, 0xFF, 0xFF, 0xFF, 0xFF,
  0xFF, 0xFF, 0xFF, 0xFF, 0xFF, 0xFF, 0xFF, 0xFF, 0xFF, 0xFF, 0xFF, 0xFF,
  0xFF, 0xFF, 0xFF, 0xFF, 0xFF, 0xFF, 0xFF, 0xFF, 0xFF, 0xFF, 0xFF, 0xFF,
  0xFF, 0xFF, 0xFF, 0xFF, 0xFF, 0xFF, 0xFF, 0xFF, 0xFF, 0xFF, 0xFF, 0xFF,
  0xFF, 0xFF, 0xFF, 0xFF, 0xFF, 0xFF, 0xFF, 0xFF, 0xFF, 0xFF, 0xFF, 0xFF,
  0xFF, 0xFF, 0xFF, 0xFF, 0xFF, 0xFF, 0xFF, 0xFF, 0xFF, 0xFF, 0xFF, 0xF0,
  0xFF, 0xF8, 0x7F, 0xC0, 0x0F, 0xF8, 0x1F, 0xFF, 0x3F, 0xFE, 0x07, 0xFF,
  0xC3, 0xFF, 0xEF, 0xFF, 0xF1, 0xFF, 0xFC, 0x7F, 0xFD, 0xFF, 0xFE, 0x7F,
  0xFF, 0xCF, 0xFF, 0xFF, 0xFF, 0xFF, 0xFF, 0xFD, 0xFF, 0xFF, 0xFF, 0xFF,
  0xFF, 0xFF, 0xBF, 0xFF, 0xFF, 0xFF, 0xFF, 0xFF, 0xFF, 0xFF, 0xFF, 0xFF,
  0xFF, 0xFF, 0xFF, 0xFF, 0xFF, 0xFF, 0xFF, 0xFF, 0xFF, 0xFF, 0xFF, 0xFF,
  0xFF, 0xFF, 0xFF, 0xFF, 0xFF, 0xF0, 0x7F, 0xFE, 0x1F, 0xFF, 0xFF, 0xFC,
  0x0F, 0xFF, 0x81, 0xFF, 0xFF, 0xFF, 0x81, 0xFF, 0xF0, 0x3F, 0xFF, 0xFF,
  0xF0, 0x3F, 0xFE, 0x07, 0xFF, 0xFF, 0xFE, 0x07, 0xFF, 0xC0, 0xFF, 0xFF,
  0xFF, 0xC0, 0xFF, 0xF8, 0x1F, 0xFF, 0xFF, 0xF8, 0x1F, 0xFF, 0x03, 0xFF,
  0xFF, 0xFF, 0x03, 0xFF, 0xE0, 0x7F, 0xFF, 0xFF, 0xE0, 0x7F, 0xFC, 0x0F,
  0xFF, 0xFF, 0xFC, 0x0F, 0xFF, 0x81, 0xFF, 0xFF, 0xFF, 0x81, 0xFF, 0xF0,
  0x3F, 0xFF, 0xFF, 0xF0, 0x3F, 0xFE, 0x07, 0xFF, 0xFF, 0xFE, 0x07, 0xFF,
  0xC0, 0xFF, 0xFF, 0xFF, 0xC0, 0xFF, 0xF8, 0x1F, 0xFF, 0xFF, 0xF8, 0x1F,
  0xFF, 0x03, 0xFF, 0xFF, 0xFF, 0x03, 0xFF, 0xE0, 0x7F, 0xFF, 0xFF, 0xE0,
  0x7F, 0xFC, 0x0F, 0xFF, 0xFF, 0xFC, 0x0F, 0xFF, 0x81, 0xFF, 0xFF, 0xFF,
  0x81, 0xFF, 0xF0, 0x3F, 0xFF, 0xFF, 0xF0, 0x3F, 0xFE, 0x07, 0xFF, 0xFF,
  0xFE, 0x07, 0xFF, 0xC0, 0xFF, 0xFF, 0xFF, 0xC0, 0xFF, 0xF8, 0x1F, 0xFF,
  0xFF, 0xF8, 0x1F, 0xFF, 0x03, 0xFF, 0xFF, 0xFF, 0x03, 0xFF, 0xE0, 0x7F,
  0xFF, 0xFF, 0xE0, 0x7F, 0xFC, 0x0F, 0xFF, 0xFF, 0xFC, 0x0F, 0xFF, 0x81,
  0xFF, 0xFF, 0xFF, 0x81, 0xFF, 0xF0, 0x3F, 0xFF, 0xFF, 0xF0, 0x3F, 0xFE,
  0x07, 0xFF, 0xFF, 0xFE, 0x07, 0xFF, 0xC0, 0xFF, 0xF8, 0xFF, 0xF8, 0x7F,
  0xC0, 0xFF, 0xF9, 0xFF, 0xF0, 0xFF, 0xFB, 0xFF, 0xFC, 0xFF, 0xFB, 0xFF,
  0xFC, 0xFF, 0xFF, 0xFF, 0xFE, 0xFF, 0xFF, 0xFF, 0xFF, 0xFF, 0xFF, 0xFF,
  0xFF, 0xFF, 0xFF, 0xFF, 0xFF, 0xFF, 0xFF, 0xFF, 0xFF, 0xFF, 0xFF, 0xFF,
  0xFF, 0xFF, 0xFC, 0x1F, 0xFF, 0xFF, 0xF8, 0x1F, 0xFF, 0xFF, 0xF8, 0x1F,
  0xFF, 0xFF, 0xF8, 0x1F, 0xFF, 0xFF, 0xF8, 0x1F, 0xFF, 0xFF, 0xF8, 0x1F,
  0xFF, 0xFF, 0xF8, 0x1F, 0xFF, 0xFF, 0xF8, 0x1F, 0xFF, 0xFF, 0xF8, 0x1F,
  0xFF, 0xFF, 0xF8, 0x1F, 0xFF, 0xFF, 0xF8, 0x1F, 0xFF, 0xFF, 0xF8, 0x1F,
  0xFF, 0xFF, 0xF8, 0x1F, 0xFF, 0xFF, 0xF8, 0x1F, 0xFF, 0xFF, 0xF8, 0x1F,
  0xFF, 0xFF, 0xF8, 0x1F, 0xFF, 0xFF, 0xF8, 0x1F, 0xFF, 0xFF, 0xF8, 0x1F,
  0xFF, 0xFF, 0xF8, 0x1F, 0xFF, 0xFF, 0xF8, 0x1F, 0xFF, 0xFF, 0xF8, 0x1F,
  0xFF, 0xFF, 0xF8, 0x1F, 0xFF, 0xFF, 0xF8, 0x1F, 0xFF, 0xFF, 0xF8, 0x1F,
  0xFF, 0xFF, 0xF8, 0x1F, 0xFF, 0xFF, 0xF8, 0x1F, 0xFF, 0xFF, 0xF8, 0x1F,
  0xFF, 0xFF, 0xF8, 0x1F, 0xFF, 0xFF, 0xF8, 0x1F, 0xFF, 0x03, 0xFF, 0xFF,
  0xC0, 0x1F, 0xFF, 0xFF, 0xF0, 0x3F, 0xFF, 0xFF, 0xF8, 0x7F, 0xFF, 0xFF,
  0xFC, 0x7F, 0xFF, 0xFF, 0xFE, 0xFF, 0xFF, 0xFF, 0xFE, 0xFF, 0xFF, 0xFF,
  0xFF, 0xFF, 0xFF, 0xFF, 0xFF, 0xFF, 0xFF, 0xFF, 0xFF, 0xFF, 0xFC, 0x3F,
  0xFF, 0xFF, 0xF8, 0x1F, 0xFF, 0xFF, 0xF8, 0x1F, 0xFF, 0xFF, 0xF8, 0x1F,
  0xFF, 0xFF, 0xF8, 0x1F, 0xFF, 0xFF, 0xF8, 0x1F, 0xFF, 0xFF, 0xF8, 0x1F,
  0xFF, 0xFF, 0xF8, 0x1F, 0xFF, 0xFF, 0xF8, 0x1F, 0xFF, 0xFF, 0xF8, 0x1F,
  0xFF, 0xFF, 0xF8, 0x1F, 0xFF, 0xFF, 0xF8, 0x1F, 0xFF, 0xFF, 0xF8, 0x1F,
  0xFF, 0xFF, 0xF8, 0x1F, 0xFF, 0xFF, 0xF8, 0x1F, 0xFF, 0xFF, 0xF8, 0x1F,
  0xFF, 0xFF, 0xF8, 0x1F, 0xFF, 0xFF, 0xF8, 0x1F, 0xFF, 0xFF, 0xF8, 0x1F,
  0xFF, 0xFF, 0xF8, 0x1F, 0xFF, 0xFF, 0xFC, 0x3F, 0xFF, 0xFF, 0xFF, 0xFF,
  0xFF, 0xFF, 0xFF, 0xFF, 0xFF, 0xFF, 0xFF, 0xFF, 0xFF, 0xFF, 0xFF, 0xFF,
  0xFE, 0x7F, 0xFF, 0xFF, 0xFE, 0x7F, 0xFF, 0xFF, 0xFC, 0x3F, 0xFF, 0xFF,
  0xF8, 0x0F, 0xFF, 0xFF, 0xF0, 0x03, 0xFF, 0xFF, 0x80, 0xFF, 0xF8, 0x7F,
  0xC0, 0xFF, 0xF9, 0xFF, 0xF0, 0xFF, 0xFB, 0xFF, 0xFC, 0xFF, 0xFB, 0xFF,
  0xFC, 0xFF, 0xFF, 0xFF, 0xFE, 0xFF, 0xFF, 0xFF, 0xFF, 0xFF, 0xFF, 0xFF,
  0xFF, 0xFF, 0xFF, 0xFF, 0xFF, 0xFF, 0xFF, 0xFF, 0xFF, 0xFF, 0xFF, 0xFF,
  0xFF, 0xFF, 0xFC, 0x1F, 0xFF, 0xFF, 0xF8, 0x1F, 0xFF, 0xFF, 0xF8, 0x1F,
  0xFF, 0xFF, 0xF8, 0x1F, 0xFF, 0xFF, 0xF8, 0x1F, 0xFF, 0xFF, 0xF8, 0x1F,
  0xFF, 0xFF, 0xF8, 0x1F, 0xFF, 0xFF, 0xF8, 0x1F, 0xFF, 0xFF, 0xF8, 0x1F,
  0xFF, 0xFF, 0xF8, 0x1F, 0xFF, 0xFF, 0xF8, 0x1F, 0xFF, 0xFF, 0xF8, 0x1F,
  0xFF, 0xFF, 0xF8, 0x1F, 0xFF, 0xFF, 0xF8, 0x1F, 0xFF, 0xFF, 0xF8, 0x1F,
  0xFF, 0xFF, 0xF8, 0x1F, 0xFF, 0xFF, 0xF8, 0x1F, 0xFF, 0xFF, 0xF8, 0x1F,
  0xFF, 0xFF, 0xFC, 0x1F, 0xFF, 0xFF, 0xFF, 0xFF, 0xFF, 0xFF, 0xFF, 0xFF,
  0xFF, 0xFF, 0xFF, 0xFF, 0xFF, 0xFF, 0xFF, 0xFF, 0xFF, 0xFF, 0xFF, 0xFF,
  0xFE, 0xFF, 0xFF, 0xFF, 0xFE, 0xFF, 0xFB, 0xFF, 0xFC, 0xFF, 0xFB, 0xFF,
  0xFC, 0xFF, 0xF9, 0xFF, 0xF0, 0xFF, 0xF8, 0x7F, 0xC0, 0xFF, 0xF8, 0x00,
  0x00, 0xFF, 0xF8, 0x00, 0x00, 0xFF, 0xF8, 0x00, 0x00, 0xFF, 0xF8, 0x00,
  0x00, 0xFF, 0xF8, 0x00, 0x00, 0xFF, 0xF8, 0x00, 0x00, 0xFF, 0xF8, 0x00,
  0x00, 0xFF, 0xF8, 0x00, 0x00, 0xFF, 0xF8, 0x00, 0x00, 0xFF, 0xF8, 0x00,
  0x00, 0x03, 0xFF, 0x1F, 0xFF, 0x0F, 0xFF, 0x9F, 0xFF, 0x1F, 0xFF, 0xDF,
  0xFF, 0x3F, 0xFF, 0xFF, 0xFF, 0x7F, 0xFF, 0xFF, 0xFF, 0x7F, 0xFF, 0xFF,
  0xFF, 0x7F, 0xFF, 0xFF, 0xFF, 0xFF, 0xFF, 0xFF, 0xFF, 0xFF, 0xFF, 0xFF,
  0xFF, 0xFF, 0xFF, 0xFF, 0xFF, 0xFF, 0xFC, 0x1F, 0xFF, 0xFF, 0xFC, 0x1F,
  0xFF, 0xFF, 0xFC, 0x1F, 0xFF, 0xFF, 0xFC, 0x1F, 0xFF, 0xFF, 0xFC, 0x1F,
  0xFF, 0xFF, 0xFC, 0x1F, 0xFF, 0xFF, 0xFC, 0x1F, 0xFF, 0xFF, 0xFC, 0x1F,
  0xFF, 0xFF, 0xFC, 0x1F, 0xFF, 0xFF, 0xFC, 0x1F, 0xFF, 0xFF, 0xFC, 0x1F,
  0xFF, 0xFF, 0xFC, 0x1F, 0xFF, 0xFF, 0xFC, 0x1F, 0xFF, 0xFF, 0xFC, 0x1F,
  0xFF, 0xFF, 0xFC, 0x1F, 0xFF, 0xFF, 0xFC, 0x1F, 0xFF, 0xFF, 0xFC, 0x1F,
  0xFF, 0xFF, 0xFC, 0x1F, 0xFF, 0xFF, 0xFC, 0x1F, 0xFF, 0xFF, 0xFF, 0xFF,
  0xFF, 0xFF, 0xFF, 0xFF, 0xFF, 0xFF, 0xFF, 0xFF, 0xFF, 0x7F, 0xFF, 0xFF,
  0xFF, 0x7F, 0xFF, 0xFF, 0xFF, 0x7F, 0xFF, 0xFF, 0xFF, 0x3F, 0xFF, 0xFF,
  0xFF, 0x1F, 0xFF, 0xDF, 0xFF, 0x0F, 0xFF, 0x9F, 0xFF, 0x01, 0xFE, 0x1F,
  0xFF, 0x00, 0x00, 0x1F, 0xFF, 0x00, 0x00, 0x1F, 0xFF, 0x00, 0x00, 0x1F,
  0xFF, 0x00, 0x00, 0x1F, 0xFF, 0x00, 0x00, 0x1F, 0xFF, 0x00, 0x00, 0x1F,
  0xFF, 0x00, 0x00, 0x1F, 0xFF, 0x00, 0x00, 0x1F, 0xFF, 0x00, 0x00, 0x1F,
  0xFF, 0x00, 0x00, 0x1F, 0xFF, 0xFF, 0xF8, 0x7F, 0xFF, 0xF1, 0xFF, 0xFF,
  0xE7, 0xFF, 0xFF, 0xDF, 0xFF, 0xFF, 0xBF, 0xFF, 0xFF, 0xFF, 0xFF, 0xFF,
  0xFF, 0xFF, 0xFF, 0xFF, 0xFF, 0xFF, 0xFF, 0xFF, 0xFF, 0xFF, 0xFF, 0xFF,
  0xFF, 0xFF, 0xF8, 0x0F, 0xFF, 0xE0, 0x1F, 0xFF, 0x80, 0x3F, 0xFF, 0x00,
  0x7F, 0xFC, 0x00, 0xFF, 0xF8, 0x01, 0xFF, 0xF0, 0x03, 0xFF, 0xE0, 0x07,
  0xFF, 0xC0, 0x0F, 0xFF, 0x80, 0x1F, 0xFF, 0x00, 0x3F, 0xFE, 0x00, 0x7F,
  0xFC, 0x00, 0xFF, 0xF8, 0x01, 0xFF, 0xF0, 0x03, 0xFF, 0xE0, 0x07, 0xFF,
  0xC0, 0x0F, 0xFF, 0x80, 0x1F, 0xFF, 0x00, 0x3F, 0xFE, 0x00, 0x7F, 0xFC,
  0x00, 0xFF, 0xF8, 0x01, 0xFF, 0xF0, 0x03, 0xFF, 0xE0, 0x07, 0xFF, 0xC0,
  0x0F, 0xFF, 0x80, 0x1F, 0xFF, 0x00, 0x3F, 0xFE, 0x00, 0x00, 0x03, 0xFF,
  0xFF, 0x00, 0x1F, 0xFF, 0xFF, 0x80, 0x7F, 0xFF, 0xFF, 0xC1, 0xFF, 0xFF,
  0xFF, 0x87, 0xFF, 0xFF, 0xFF, 0x8F, 0xFF, 0xFF, 0xFF, 0xBF, 0xFF, 0xFF,
  0xFF, 0x7F, 0xFF, 0xFF, 0xFE, 0xFF, 0xFF, 0xFF, 0xFD, 0xFF, 0xF0, 0xFF,
  0xFB, 0xFF, 0xE0, 0xFF, 0xF7, 0xFF, 0xC1, 0xFF, 0xEF, 0xFF, 0x83, 0xFF,
  0xDF, 0xFF, 0x00, 0x00, 0x3F, 0xFE, 0x00, 0x00, 0x7F, 0xFF, 0xFE, 0x00,
  0xFF, 0xFF, 0xFF, 0xC1, 0xFF, 0xFF, 0xFF, 0xE1, 0xFF, 0xFF, 0xFF, 0xE3,
  0xFF, 0xFF, 0xFF, 0xE3, 0xFF, 0xFF, 0xFF, 0xC3, 0xFF, 0xFF, 0xFF, 0x83,
  0xFF, 0xFF, 0xFF, 0x80, 0x7F, 0xFF, 0xFF, 0x00, 0x00, 0x3F, 0xFE, 0x00,
  0x00, 0x7F, 0xFF, 0xFF, 0xE0, 0xFF, 0xFF, 0xFF, 0xC1, 0xFF, 0xFF, 0xFF,
  0x83, 0xFF, 0xFF, 0xFF, 0x07, 0xFF, 0xFF, 0xFF, 0xFF, 0xFF, 0xFF, 0xFF,
  0xFF, 0xFF, 0x7F, 0xFF, 0xFF, 0xFC, 0xFF, 0xFF, 0xFF, 0xF9, 0xFF, 0xFF,
  0xFF, 0xF1, 0xFF, 0xFF, 0xFF, 0xC1, 0xFF, 0xFF, 0xFF, 0x01, 0xFF, 0xFF,
  0xFC, 0x00, 0x7F, 0xFF, 0xC0, 0x00, 0x07, 0xFF, 0xC0, 0x0F, 0xFF, 0x80,
  0x1F, 0xFF, 0x00, 0x3F, 0xFE, 0x00, 0x7F, 0xFC, 0x00, 0xFF, 0xF8, 0x01,
  0xFF, 0xF0, 0x03, 0xFF, 0xE0, 0xFF, 0xFF, 0xFF, 0xFF, 0xFF, 0xFF, 0xFF,
  0xFF, 0xFF, 0xFF, 0xFF, 0xFF, 0xFF, 0xFF, 0xFF, 0xFF, 0xFF, 0xFF, 0xFF,
  0xFF, 0xFF, 0xFF, 0xFF, 0xFF, 0xFF, 0xFF, 0xFF, 0xFF, 0xFC, 0x1F, 0xFF,
  0x00, 0x3F, 0xFE, 0x00, 0x7F, 0xFC, 0x00, 0xFF, 0xF8, 0x01, 0xFF, 0xF0,
  0x03, 0xFF, 0xE0, 0x07, 0xFF, 0xC0, 0x0F, 0xFF, 0x80, 0x1F, 0xFF, 0x00,
  0x3F, 0xFE, 0x00, 0x7F, 0xFC, 0x00, 0xFF, 0xF8, 0x01, 0xFF, 0xF0, 0x03,
  0xFF, 0xE0, 0x07, 0xFF, 0xC0, 0x0F, 0xFF, 0x80, 0x1F, 0xFF, 0x00, 0x3F,
  0xFE, 0x00, 0x7F, 0xFC, 0x00, 0xFF, 0xFF, 0xC1, 0xFF, 0xFF, 0x83, 0xFF,
  0xFF, 0x07, 0xFF, 0xFE, 0x0F, 0xFF, 0xFC, 0x0F, 0xFF, 0xF8, 0x0F, 0xFF,
  0xF0, 0x1F, 0xFF, 0xE0, 0x0F, 0xFF, 0xC0, 0x07, 0xFF, 0x80, 0xFF, 0xF8,
  0x3F, 0xFF, 0xFF, 0xF8, 0x3F, 0xFF, 0xFF, 0xF8, 0x3F, 0xFF, 0xFF, 0xF8,
  0x3F, 0xFF, 0xFF, 0xF8, 0x3F, 0xFF, 0xFF, 0xF8, 0x3F, 0xFF, 0xFF, 0xF8,
  0x3F, 0xFF, 0xFF, 0xF8, 0x3F, 0xFF, 0xFF, 0xF8, 0x3F, 0xFF, 0xFF, 0xF8,
  0x3F, 0xFF, 0xFF, 0xF8, 0x3F, 0xFF, 0xFF, 0xF8, 0x3F, 0xFF, 0xFF, 0xF8,
  0x3F, 0xFF, 0xFF, 0xF8, 0x3F, 0xFF, 0xFF, 0xF8, 0x3F, 0xFF, 0xFF, 0xF8,
  0x3F, 0xFF, 0xFF, 0xF8, 0x3F, 0xFF, 0xFF, 0xF8, 0x3F, 0xFF, 0xFF, 0xF8,
  0x3F, 0xFF, 0xFF, 0xF8, 0x3F, 0xFF, 0xFF, 0xF8, 0x3F, 0xFF, 0xFF, 0xF8,
  0x3F, 0xFF, 0xFF, 0xF8, 0x3F, 0xFF, 0xFF, 0xF8, 0x3F, 0xFF, 0xFF, 0xF8,
  0x3F, 0xFF, 0xFF, 0xF8, 0x3F, 0xFF, 0xFF, 0xF8, 0x3F, 0xFF, 0xFF, 0xF8,
  0x3F, 0xFF, 0xFF, 0xF8, 0x3F, 0xFF, 0xFF, 0xFF, 0xFF, 0xFF, 0xFF, 0xFF,
  0xFF, 0xFF, 0xFF, 0xFF, 0xFF, 0xFF, 0xFF, 0xFF, 0xFF, 0xFF, 0xFF, 0xFF,
  0xFF, 0xFF, 0x7F, 0xFF, 0xFF, 0xFF, 0x7F, 0xFF, 0xDF, 0xFF, 0x3F, 0xFF,
  0xDF, 0xFF, 0x0F, 0xFF, 0x9F, 0xFF, 0x03, 0xFE, 0x1F, 0xFF, 0xFF, 0xF8,
  0x01, 0xFF, 0xFF, 0xFF, 0xC0, 0x3F, 0xFF, 0x7F, 0xFC, 0x03, 0xFF, 0xE7,
  0xFF, 0xC0, 0x3F, 0xFE, 0x7F, 0xFC, 0x03, 0xFF, 0xE7, 0xFF, 0xC0, 0x3F,
  0xFE, 0x3F, 0xFC, 0x07, 0xFF, 0xC3, 0xFF, 0xE0, 0x7F, 0xFC, 0x3F, 0xFE,
  0x07, 0xFF, 0xC3, 0xFF, 0xE0, 0x7F, 0xFC, 0x1F, 0xFE, 0x07, 0xFF, 0x81,
  0xFF, 0xE0, 0x7F, 0xF8, 0x1F, 0xFF, 0x0F, 0xFF, 0x81, 0xFF, 0xF0, 0xFF,
  0xF0, 0x0F, 0xFF, 0x0F, 0xFF, 0x00, 0xFF, 0xF0, 0xFF, 0xF0, 0x0F, 0xFF,
  0x0F, 0xFF, 0x00, 0x7F, 0xF9, 0xFF, 0xE0, 0x07, 0xFF, 0x9F, 0xFE, 0x00,
  0x7F, 0xF9, 0xFF, 0xE0, 0x07, 0xFF, 0x9F, 0xFE, 0x00, 0x3F, 0xF9, 0xFF,
  0xC0, 0x03, 0xFF, 0xFF, 0xFC, 0x00, 0x3F, 0xFF, 0xFF, 0xC0, 0x03, 0xFF,
  0xFF, 0xFC, 0x00, 0x1F, 0xFF, 0xFF, 0x80, 0x01, 0xFF, 0xFF, 0xF8, 0x00,
  0x1F, 0xFF, 0xFF, 0x80, 0x01, 0xFF, 0xFF, 0xF8, 0x00, 0x0F, 0xFF, 0xFF,
  0x00, 0x00, 0xFF, 0xFF, 0xF0, 0x00, 0x0F, 0xFF, 0xFF, 0x00, 0x00, 0xFF,
  0xFF, 0xF0, 0x00, 0x07, 0xFF, 0xFE, 0x00, 0x00, 0x7F, 0xFF, 0xE0, 0x00,
  0x07, 0xFF, 0xFE, 0x00, 0x00, 0x7F, 0xFF, 0xE0, 0x00, 0x03, 0xFF, 0xFC,
  0x00, 0x00, 0x3F, 0xFF, 0xC0, 0x00, 0xFF, 0xF8, 0x07, 0xFF, 0x80, 0xFF,
  0xFB, 0xFF, 0xC0, 0x7F, 0xFC, 0x07, 0xFF, 0x9F, 0xFE, 0x03, 0xFF, 0xE0,
  0x3F, 0xFC, 0xFF, 0xF0, 0x1F, 0xFF, 0x01, 0xFF, 0xE7, 0xFF, 0x80, 0xFF,
  0xF8, 0x0F, 0xFF, 0x1F, 0xFC, 0x07, 0xFF, 0xC0, 0x7F, 0xF8, 0xFF, 0xF0,
  0x7F, 0xFF, 0x03, 0xFF, 0x87, 0xFF, 0x83, 0xFF, 0xF8, 0x3F, 0xFC, 0x3F,
  0xFC, 0x1F, 0xFF, 0xC1, 0xFF, 0xE1, 0xFF, 0xE0, 0xFF, 0xFE, 0x0F, 0xFF,
  0x07, 0xFF, 0x07, 0xFF, 0xF0, 0x7F, 0xF8, 0x3F, 0xF8, 0x7F, 0xFF, 0xC3,
  0xFF, 0x81, 0xFF, 0xC3, 0xFF, 0xFE, 0x1F, 0xFC, 0x0F, 0xFE, 0x1F, 0xFF,
  0xF0, 0xFF, 0xE0, 0x7F, 0xF0, 0xFF, 0xFF, 0x8F, 0xFF, 0x01, 0xFF, 0xC7,
  0xFF, 0xFC, 0x7F, 0xF0, 0x0F, 0xFE, 0x7F, 0xFF, 0xE3, 0xFF, 0x80, 0x7F,
  0xF3, 0xFE, 0xFF, 0x9F, 0xFC, 0x03, 0xFF, 0x9F, 0xF7, 0xFC, 0xFF, 0xE0,
  0x1F, 0xFC, 0xFF, 0xBF, 0xE7, 0xFF, 0x00, 0x7F, 0xEF, 0xF9, 0xFF, 0x3F,
  0xF0, 0x03, 0xFF, 0x7F, 0xC7, 0xFB, 0xFF, 0x80, 0x1F, 0xFB, 0xFE, 0x3F,
  0xFF, 0xFC, 0x00, 0xFF, 0xFF, 0xF1, 0xFF, 0xFF, 0xE0, 0x07, 0xFF, 0xFF,
  0x8F, 0xFF, 0xFF, 0x00, 0x1F, 0xFF, 0xF8, 0x7F, 0xFF, 0xF0, 0x00, 0xFF,
  0xFF, 0xC1, 0xFF, 0xFF, 0x80, 0x07, 0xFF, 0xFE, 0x0F, 0xFF, 0xFC, 0x00,
  0x3F, 0xFF, 0xF0, 0x7F, 0xFF, 0xE0, 0x01, 0xFF, 0xFF, 0x83, 0xFF, 0xFE,
  0x00, 0x07, 0xFF, 0xF8, 0x1F, 0xFF, 0xF0, 0x00, 0x3F, 0xFF, 0xC0, 0x7F,
  0xFF, 0x80, 0x01, 0xFF, 0xFE, 0x03, 0xFF, 0xFC, 0x00, 0x0F, 0xFF, 0xF0,
  0x1F, 0xFF, 0xE0, 0x00, 0x7F, 0xFF, 0x80, 0xFF, 0xFE, 0x00, 0x01, 0xFF,
  0xF8, 0x07, 0xFF, 0xF0, 0x00, 0x0F, 0xFF, 0xC0, 0x1F, 0xFF, 0x80, 0x00,
  0x7F, 0xFE, 0x00, 0xFF, 0xFC, 0x00, 0x03, 0xFF, 0xF0, 0x07, 0xFF, 0xE0,
  0x00, 0xFF, 0xFC, 0x0F, 0xFF, 0xCF, 0xFF, 0x81, 0xFF, 0xF1, 0xFF, 0xF8,
  0x3F, 0xFE, 0x1F, 0xFF, 0x07, 0xFF, 0x83, 0xFF, 0xE1, 0xFF, 0xF0, 0x3F,
  0xFE, 0x3F, 0xFC, 0x07, 0xFF, 0xC7, 0xFF, 0x80, 0x7F, 0xF9, 0xFF, 0xE0,
  0x0F, 0xFF, 0xBF, 0xFC, 0x00, 0xFF, 0xF7, 0xFF, 0x80, 0x1F, 0xFF, 0xFF,
  0xE0, 0x01, 0xFF, 0xFF, 0xFC, 0x00, 0x3F, 0xFF, 0xFF, 0x00, 0x03, 0xFF,
  0xFF, 0xE0, 0x00, 0x7F, 0xFF, 0xF8, 0x00, 0x07, 0xFF, 0xFF, 0x00, 0x00,
  0xFF, 0xFF, 0xC0, 0x00, 0x0F, 0xFF, 0xF8, 0x00, 0x01, 0xFF, 0xFE, 0x00,
  0x00, 0x3F, 0xFF, 0xE0, 0x00, 0x07, 0xFF, 0xFC, 0x00, 0x01, 0xFF, 0xFF,
  0xC0, 0x00, 0x3F, 0xFF, 0xF8, 0x00, 0x0F, 0xFF, 0xFF, 0x80, 0x01, 0xFF,
  0xFF, 0xF0, 0x00, 0x7F, 0xFF, 0xFF, 0x00, 0x0F, 0xFF, 0xFF, 0xE0, 0x01,
  0xFF, 0xFF, 0xFC, 0x00, 0x7F, 0xFB, 0xFF, 0xC0, 0x0F, 0xFF, 0x7F, 0xF8,
  0x03, 0xFF, 0xCF, 0xFF, 0x80, 0x7F, 0xF8, 0xFF, 0xF0, 0x1F, 0xFF, 0x1F,
  0xFF, 0x03, 0xFF, 0xC1, 0xFF, 0xE0, 0xFF, 0xF8, 0x3F, 0xFE, 0x1F, 0xFF,
  0x07, 0xFF, 0xC3, 0xFF, 0xC0, 0x7F, 0xFC, 0xFF, 0xF8, 0x0F, 0xFF, 0xBF,
  0xFF, 0x01, 0xFF, 0xF8, 0xFF, 0xFC, 0x01, 0xFF, 0xFF, 0xFF, 0xC0, 0x1F,
  0xFF, 0x7F, 0xFC, 0x03, 0xFF, 0xF7, 0xFF, 0xE0, 0x3F, 0xFE, 0x7F, 0xFE,
  0x03, 0xFF, 0xE3, 0xFF, 0xE0, 0x3F, 0xFE, 0x3F, 0xFE, 0x03, 0xFF, 0xE3,
  0xFF, 0xE0, 0x3F, 0xFC, 0x1F, 0xFF, 0x07, 0xFF, 0xC1, 0xFF, 0xF0, 0x7F,
  0xFC, 0x1F, 0xFF, 0x07, 0xFF, 0xC1, 0xFF, 0xF0, 0x7F, 0xF8, 0x0F, 0xFF,
  0x07, 0xFF, 0x80, 0xFF, 0xF8, 0x7F, 0xF8, 0x0F, 0xFF, 0x8F, 0xFF, 0x80,
  0x7F, 0xF8, 0xFF, 0xF0, 0x07, 0xFF, 0x8F, 0xFF, 0x00, 0x7F, 0xF8, 0xFF,
  0xF0, 0x03, 0xFF, 0xCF, 0xFF, 0x00, 0x3F, 0xFD, 0xFF, 0xE0, 0x03, 0xFF,
  0xDF, 0xFE, 0x00, 0x3F, 0xFD, 0xFF, 0xE0, 0x01, 0xFF, 0xDF, 0xFE, 0x00,
  0x1F, 0xFF, 0xFF, 0xC0, 0x01, 0xFF, 0xFF, 0xFC, 0x00, 0x0F, 0xFF, 0xFF,
  0xC0, 0x00, 0xFF, 0xFF, 0xFC, 0x00, 0x0F, 0xFF, 0xFF, 0x80, 0x00, 0x7F,
  0xFF, 0xF8, 0x00, 0x07, 0xFF, 0xFF, 0x80, 0x00, 0x7F, 0xFF, 0xF8, 0x00,
  0x07, 0xFF, 0xFF, 0x00, 0x00, 0x3F, 0xFF, 0xF0, 0x00, 0x03, 0xFF, 0xFF,
  0x00, 0x00, 0x3F, 0xFF, 0xF0, 0x00, 0x01, 0xFF, 0xFE, 0x00, 0x00, 0x00,
  0xFF, 0xE0, 0x00, 0x00, 0x1F, 0xFE, 0x00, 0x00, 0x03, 0xFF, 0xC0, 0x00,
  0x7F, 0xFF, 0xFC, 0x00, 0x07, 0xFF, 0xFF, 0xC0, 0x00, 0x7F, 0xFF, 0xF8,
  0x00, 0x07, 0xFF, 0xFF, 0x80, 0x00, 0x7F, 0xFF, 0xF0, 0x00, 0x07, 0xFF,
  0xFE, 0x00, 0x00, 0x7F, 0xFF, 0xE0, 0x00, 0x07, 0xFF, 0xF8, 0x00, 0x00,
  0x7F, 0xFF, 0x00, 0x00, 0x07, 0xFF, 0x80, 0x00, 0x00, 0x7F, 0xFF, 0xFF,
  0xF3, 0xFF, 0xFF, 0xFF, 0x9F, 0xFF, 0xFF, 0xFC, 0xFF, 0xFF, 0xFF, 0xE7,
  0xFF, 0xFF, 0xFF, 0x3F, 0xFF, 0xFF, 0xF9, 0xFF, 0xFF, 0xFF, 0xCF, 0xFF,
  0xFF, 0xFE, 0x7F, 0xFF, 0xFF, 0xF0, 0x00, 0x1F, 0xFF, 0x80, 0x01, 0xFF,
  0xF8, 0x00, 0x1F, 0xFF, 0x80, 0x00, 0xFF, 0xFC, 0x00, 0x0F, 0xFF, 0xC0,
  0x00, 0xFF, 0xFC, 0x00, 0x0F, 0xFF, 0xE0, 0x00, 0x7F, 0xFE, 0x00, 0x07,
  0xFF, 0xE0, 0x00, 0x7F, 0xFF, 0x00, 0x03, 0xFF, 0xF0, 0x00, 0x3F, 0xFF,
  0x00, 0x03, 0xFF, 0xF8, 0x00, 0x1F, 0xFF, 0x80, 0x01, 0xFF, 0xF8, 0x00,
  0x1F, 0xFF, 0x80, 0x00, 0xFF, 0xFC, 0x00, 0x0F, 0xFF, 0xC0, 0x00, 0xFF,
  0xFC, 0x00, 0x07, 0xFF, 0xE0, 0x00, 0x7F, 0xFE, 0x00, 0x03, 0xFF, 0xFF,
  0xFF, 0xFF, 0xFF, 0xFF, 0xFF, 0xFF, 0xFF, 0xFF, 0xFF, 0xFF, 0xFF, 0xFF,
  0xFF, 0xFF, 0xFF, 0xFF, 0xFF, 0xFF, 0xFF, 0xFF, 0xFF, 0xFF, 0xFF, 0xFF,
  0xFF, 0xFF, 0xFF, 0xFF, 0xFF, 0xFF, 0xE0, 0x00, 0x07, 0xFF, 0x00, 0x1F,
  0xFF, 0x00, 0x7F, 0xFF, 0x00, 0xFF, 0xFF, 0x00, 0xFF, 0xFF, 0x01, 0xFF,
  0xFF, 0x01, 0xFF, 0xFF, 0x03, 0xFF, 0xFF, 0x03, 0xFF, 0xFF, 0x03, 0xFF,
  0xF0, 0x03, 0xFF, 0xF0, 0x03, 0xFF, 0xF0, 0x03, 0xFF, 0xF0, 0x03, 0xFF,
  0xF0, 0x03, 0xFF, 0xF0, 0x03, 0xFF, 0xF0, 0x03, 0xFF, 0xF0, 0x03, 0xFF,
  0xF0, 0x03, 0xFF, 0xF0, 0x03, 0xFF, 0xF0, 0x03, 0xFF, 0xF0, 0x03, 0xFF,
  0xF0, 0x03, 0xFF, 0xF0, 0x03, 0xFF, 0xF0, 0x03, 0xFF, 0xF0, 0x03, 0xFF,
  0xF0, 0x03, 0xFF, 0xF0, 0x03, 0xFF, 0xF0, 0x03, 0xFF, 0xF0, 0x03, 0xFF,
  0xF0, 0x07, 0xFF, 0xE0, 0x07, 0xFF, 0xE0, 0x3F, 0xFF, 0xE0, 0xFF, 0xFF,
  0xC0, 0xFF, 0xFF, 0xC0, 0xFF, 0xFF, 0x80, 0xFF, 0xFE, 0x00, 0xFF, 0xFE,
  0x00, 0xFF, 0xFF, 0x80, 0xFF, 0xFF, 0xC0, 0xFF, 0xFF, 0xE0, 0xFF, 0xFF,
  0xE0, 0x0F, 0xFF, 0xE0, 0x07, 0xFF, 0xF0, 0x03, 0xFF, 0xF0, 0x03, 0xFF,
  0xF0, 0x03, 0xFF, 0xF0, 0x03, 0xFF, 0xF0, 0x03, 0xFF, 0xF0, 0x03, 0xFF,
  0xF0, 0x03, 0xFF, 0xF0, 0x03, 0xFF, 0xF0, 0x03, 0xFF, 0xF0, 0x03, 0xFF,
  0xF0, 0x03, 0xFF, 0xF0, 0x03, 0xFF, 0xF0, 0x03, 0xFF, 0xF0, 0x03, 0xFF,
  0xF0, 0x03, 0xFF, 0xF0, 0x03, 0xFF, 0xF0, 0x03, 0xFF, 0xF0, 0x03, 0xFF,
  0xF0, 0x03, 0xFF, 0xF0, 0x03, 0xFF, 0xF0, 0x03, 0xFF, 0xF0, 0x03, 0xFF,
  0xFF, 0x03, 0xFF, 0xFF, 0x01, 0xFF, 0xFF, 0x01, 0xFF, 0xFF, 0x01, 0xFF,
  0xFF, 0x00, 0xFF, 0xFF, 0x00, 0x7F, 0xFF, 0x00, 0x3F, 0xFF, 0x00, 0x0F,
  0xFF, 0xFF, 0xFF, 0xFF, 0xFF, 0xFF, 0xFF, 0xFF, 0xFF, 0xFF, 0xFF, 0xFF,
  0xFF, 0xFF, 0xFF, 0xFF, 0xFF, 0xFF, 0xFF, 0xFF, 0xFF, 0xFF, 0xFF, 0xFF,
  0xFF, 0xFF, 0xFF, 0xFF, 0xFF, 0xFF, 0xFF, 0xFF, 0xFF, 0xFF, 0xFF, 0xFF,
  0xFF, 0xFF, 0xFF, 0xFF, 0xFF, 0xFF, 0xFF, 0xFF, 0xFF, 0xFF, 0xFF, 0xFF,
  0xFF, 0xFF, 0xFF, 0xFF, 0xFF, 0xFF, 0xFF, 0xFF, 0xFF, 0xFF, 0xFF, 0xFF,
  0xFF, 0xFF, 0xFF, 0xFF, 0xFF, 0xFF, 0xFF, 0xFF, 0xFF, 0xFF, 0xFF, 0xFF,
  0xFF, 0xFF, 0xFF, 0xFF, 0xFF, 0xFF, 0xFF, 0xFF, 0xFF, 0xFF, 0xFF, 0xFF,
  0xFF, 0xFF, 0xFF, 0xFF, 0xFF, 0xFF, 0xFF, 0xFF, 0xFF, 0xFF, 0xFF, 0xFF,
  0xFF, 0xFF, 0xFF, 0xFF, 0xFF, 0xFF, 0xFF, 0xFF, 0xFF, 0xFF, 0xFF, 0xFF,
  0xFF, 0xFF, 0xFF, 0xFF, 0xFF, 0xFF, 0xFF, 0xFF, 0xFF, 0xFF, 0xFF, 0xFF,
  0xFF, 0xFF, 0xC0, 0x01, 0xFF, 0xF0, 0x03, 0xFF, 0xF0, 0x07, 0xFF, 0xF0,
  0x0F, 0xFF, 0xF0, 0x1F, 0xFF, 0xE0, 0x3F, 0xFF, 0xE0, 0x7F, 0xFF, 0xC0,
  0xFF, 0xFF, 0x80, 0x3F, 0xFF, 0x00, 0x3F, 0xFE, 0x00, 0x7F, 0xFC, 0x00,
  0xFF, 0xF8, 0x01, 0xFF, 0xF0, 0x03, 0xFF, 0xE0, 0x07, 0xFF, 0xC0, 0x0F,
  0xFF, 0x80, 0x1F, 0xFF, 0x00, 0x3F, 0xFE, 0x00, 0x7F, 0xFC, 0x00, 0xFF,
  0xF8, 0x01, 0xFF, 0xF0, 0x03, 0xFF, 0xE0, 0x07, 0xFF, 0xC0, 0x0F, 0xFF,
  0x80, 0x1F, 0xFF, 0x00, 0x3F, 0xFE, 0x00, 0x7F, 0xFE, 0x00, 0xFF, 0xFC,
  0x01, 0xFF, 0xF8, 0x03, 0xFF, 0xF0, 0x07, 0xFF, 0xF0, 0x07, 0xFF, 0xFC,
  0x0F, 0xFF, 0xFC, 0x0F, 0xFF, 0xF8, 0x0F, 0xFF, 0xF0, 0x0F, 0xFF, 0xE0,
  0x1F, 0xFF, 0xC0, 0xFF, 0xFF, 0x81, 0xFF, 0xFF, 0x07, 0xFF, 0xFE, 0x1F,
  0xFF, 0xFC, 0x3F, 0xFF, 0x80, 0x7F, 0xFE, 0x00, 0xFF, 0xFC, 0x01, 0xFF,
  0xF8, 0x03, 0xFF, 0xF0, 0x07, 0xFF, 0xC0, 0x0F, 0xFF, 0x80, 0x1F, 0xFF,
  0x00, 0x3F, 0xFE, 0x00, 0x7F, 0xFC, 0x00, 0xFF, 0xF8, 0x01, 0xFF, 0xF0,
  0x03, 0xFF, 0xE0, 0x07, 0xFF, 0xC0, 0x0F, 0xFF, 0x80, 0x1F, 0xFF, 0x00,
  0x3F, 0xFE, 0x00, 0x7F, 0xFC, 0x00, 0xFF, 0xF8, 0x01, 0xFF, 0xF0, 0x03,
  0xFF, 0xE0, 0x07, 0xFF, 0xC0, 0x0F, 0xFF, 0x81, 0xFF, 0xFF, 0x03, 0xFF,
  0xFE, 0x07, 0xFF, 0xFC, 0x0F, 0xFF, 0xF8, 0x1F, 0xFF, 0xE0, 0x3F, 0xFF,
  0x80, 0x7F, 0xFF, 0x00, 0xFF, 0xF8, 0x01, 0xFF, 0xC0, 0x00, 0x1F, 0xFF,
  0xC0, 0x0F, 0xFF, 0x7F, 0xFF, 0xF0, 0x0F, 0xFF, 0x7F, 0xFF, 0xF8, 0x0F,
  0xFF, 0xFF, 0xFF, 0xFC, 0x0F, 0xFF, 0xFF, 0xFF, 0xFF, 0x0F, 0xFF, 0xFF,
  0xFF, 0xFF, 0xDF, 0xFF, 0xFF, 0xFF, 0xFF, 0xFF, 0xFF, 0xFF, 0xFF, 0xFF,
  0xFF, 0xFF, 0xFF, 0xF0, 0xFF, 0xFF, 0xFF, 0xFF, 0xF0, 0x3F, 0xFF, 0xFF,
  0xFF, 0xF0, 0x1F, 0xFF, 0xFF, 0xFF, 0xF0, 0x0F, 0xFF, 0xFE, 0xFF, 0xF0,
  0x03, 0xFF, 0xFC, 0xFF, 0xF0, 0x01, 0xFF, 0xF0 };

const GFXglyph Teko_Bold40pt7bGlyphs[] PROGMEM = {
  {     0,   1,   1,  16,    0,    0 },   // 0x20 ' '
  {     1,  15,  50,  23,    4,  -49 },   // 0x21 '!'
  {    95,  28,  21,  34,    3,  -49 },   // 0x22 '"'
  {   169,  49,  50,  53,    2,  -49 },   // 0x23 '#'
  {   476,  34,  64,  38,    2,  -56 },   // 0x24 '$'
  {   748,  66,  50,  70,    2,  -49 },   // 0x25 '%'
  {  1161,  50,  53,  49,    2,  -49 },   // 0x26 '&'
  {  1493,  13,  21,  19,    3,  -49 },   // 0x27 '''
  {  1528,  23,  76,  26,    3,  -62 },   // 0x28 '('
  {  1747,  22,  76,  26,    1,  -62 },   // 0x29 ')'
  {  1956,  28,  26,  31,    1,  -49 },   // 0x2A '*'
  {  2047,  38,  34,  40,    1,  -41 },   // 0x2B '+'
  {  2209,  14,  25,  20,    3,  -12 },   // 0x2C ','
  {  2253,  23,   9,  27,    2,  -27 },   // 0x2D '-'
  {  2279,  14,  13,  20,    3,  -12 },   // 0x2E '.'
  {  2302,  36,  60,  32,   -2,  -54 },   // 0x2F '/'
  {  2572,  33,  50,  39,    3,  -49 },   // 0x30 '0'
  {  2779,  21,  50,  25,    1,  -49 },   // 0x31 '1'
  {  2911,  32,  50,  37,    2,  -49 },   // 0x32 '2'
  {  3111,  33,  50,  37,    2,  -49 },   // 0x33 '3'
  {  3318,  39,  50,  40,    1,  -49 },   // 0x34 '4'
  {  3562,  34,  50,  39,    3,  -49 },   // 0x35 '5'
  {  3775,  33,  50,  39,    3,  -49 },   // 0x36 '6'
  {  3982,  32,  50,  33,    1,  -49 },   // 0x37 '7'
  {  4182,  33,  50,  39,    3,  -49 },   // 0x38 '8'
  {  4389,  34,  50,  39,    2,  -49 },   // 0x39 '9'
  {  4602,  14,  39,  20,    3,  -38 },   // 0x3A ':'
  {  4671,  14,  51,  20,    3,  -38 },   // 0x3B ';'
  {  4761,  38,  34,  42,    2,  -41 },   // 0x3C '<'
  {  4923,  38,  26,  42,    2,  -37 },   // 0x3D '='
  {  5047,  38,  34,  42,    2,  -41 },   // 0x3E '>'
  {  5209,  33,  50,  37,    2,  -49 },   // 0x3F '?'
  {  5416,  61,  56,  68,    3,  -47 },   // 0x40 '@'
  {  5843,  43,  50,  43,    0,  -49 },   // 0x41 'A'
  {  6112,  35,  50,  40,    3,  -49 },   // 0x42 'B'
  {  6331,  34,  50,  39,    3,  -49 },   // 0x43 'C'
  {  6544,  35,  50,  41,    4,  -49 },   // 0x44 'D'
  {  6763,  31,  50,  35,    3,  -49 },   // 0x45 'E'
  {  6957,  30,  50,  34,    3,  -49 },   // 0x46 'F'
  {  7145,  34,  50,  39,    3,  -49 },   // 0x47 'G'
  {  7358,  37,  50,  43,    3,  -49 },   // 0x48 'H'
  {  7590,  14,  50,  20,    3,  -49 },   // 0x49 'I'
  {  7678,  32,  50,  36,    1,  -49 },   // 0x4A 'J'
  {  7878,  38,  50,  42,    3,  -49 },   // 0x4B 'K'
  {  8116,  29,  50,  32,    3,  -49 },   // 0x4C 'L'
  {  8298,  46,  50,  52,    3,  -49 },   // 0x4D 'M'
  {  8586,  36,  50,  42,    3,  -49 },   // 0x4E 'N'
  {  8811,  35,  50,  40,    3,  -49 },   // 0x4F 'O'
  {  9030,  35,  50,  39,    3,  -49 },   // 0x50 'P'
  {  9249,  39,  55,  40,    3,  -49 },   // 0x51 'Q'
  {  9518,  37,  50,  40,    3,  -49 },   // 0x52 'R'
  {  9750,  34,  50,  38,    2,  -49 },   // 0x53 'S'
  {  9963,  33,  50,  34,    0,  -49 },   // 0x54 'T'
  { 10170,  35,  50,  41,    3,  -49 },   // 0x55 'U'
  { 10389,  40,  50,  42,    1,  -49 },   // 0x56 'V'
  { 10639,  64,  50,  65,    1,  -49 },   // 0x57 'W'
  { 11039,  41,  50,  41,    0,  -49 },   // 0x58 'X'
  { 11296,  41,  50,  41,    0,  -49 },   // 0x59 'Y'
  { 11553,  33,  50,  36,    2,  -49 },   // 0x5A 'Z'
  { 11760,  21,  74,  25,    3,  -61 },   // 0x5B '['
  { 11955,  36,  60,  32,   -2,  -54 },   // 0x5C '\'
  { 12225,  21,  74,  25,    1,  -61 },   // 0x5D ']'
  { 12420,  37,  30,  55,    7,  -51 },   // 0x5E '^'
  { 12559,  37,   9,  37,    0,    4 },   // 0x5F '_'
  { 12601,  20,  11,  39,    8,  -52 },   // 0x60 '`'
  { 12629,  32,  39,  38,    2,  -38 },   // 0x61 'a'
  { 12785,  32,  52,  38,    3,  -51 },   // 0x62 'b'
  { 12993,  32,  39,  35,    2,  -38 },   // 0x63 'c'
  { 13149,  32,  52,  38,    2,  -51 },   // 0x64 'd'
  { 13357,  33,  39,  37,    2,  -38 },   // 0x65 'e'
  { 13518,  23,  52,  25,    1,  -51 },   // 0x66 'f'
  { 13668,  32,  49,  38,    2,  -38 },   // 0x67 'g'
  { 13864,  32,  52,  38,    3,  -51 },   // 0x68 'h'
  { 14072,  14,  52,  20,    3,  -51 },   // 0x69 'i'
  { 14163,  18,  62,  20,   -1,  -51 },   // 0x6A 'j'
  { 14303,  35,  52,  37,    3,  -51 },   // 0x6B 'k'
  { 14531,  13,  52,  20,    3,  -51 },   // 0x6C 'l'
  { 14616,  51,  39,  57,    3,  -38 },   // 0x6D 'm'
  { 14865,  32,  39,  38,    3,  -38 },   // 0x6E 'n'
  { 15021,  32,  39,  38,    3,  -38 },   // 0x6F 'o'
  { 15177,  32,  49,  38,    3,  -38 },   // 0x70 'p'
  { 15373,  32,  49,  38,    2,  -38 },   // 0x71 'q'
  { 15569,  23,  39,  26,    3,  -38 },   // 0x72 'r'
  { 15682,  31,  39,  35,    2,  -38 },   // 0x73 's'
  { 15834,  23,  47,  24,    0,  -46 },   // 0x74 't'
  { 15970,  32,  39,  38,    3,  -38 },   // 0x75 'u'
  { 16126,  36,  39,  36,    0,  -38 },   // 0x76 'v'
  { 16302,  53,  39,  53,    0,  -38 },   // 0x77 'w'
  { 16561,  35,  39,  35,    0,  -38 },   // 0x78 'x'
  { 16732,  36,  49,  36,    0,  -38 },   // 0x79 'y'
  { 16953,  29,  39,  31,    1,  -38 },   // 0x7A 'z'
  { 17095,  24,  74,  26,    1,  -61 },   // 0x7B '{'
  { 17317,  12,  80,  21,    4,  -64 },   // 0x7C '|'
  { 17437,  23,  74,  26,    1,  -61 },   // 0x7D '}'
  { 17650,  40,  14,  56,    8,  -29 } }; // 0x7E '~'

const GFXfont Teko_Bold40pt7b PROGMEM = {
  (uint8_t  *)Teko_Bold40pt7bBitmaps,
  (GFXglyph *)Teko_Bold40pt7bGlyphs,
  0x20, 0x7E, 112 };

// Approx. 18392 bytes
