/*******************************************************************************
 * Size: 26 px
 * Bpp: 4
 * Opts: --font Teko-Medium.ttf --no-compress --bpp 4 --size 26 --format lvgl -o out/lv_font_teko_medium_26.c --lv-include lvgl.h --range 0x20-0x7E,0xA0-0xFF
 ******************************************************************************/

#ifdef LV_LVGL_H_INCLUDE_SIMPLE
#include "lvgl.h"
#else
#include "lvgl.h"
#endif

#ifndef LV_FONT_TEKO_MEDIUM_26
#define LV_FONT_TEKO_MEDIUM_26 1
#endif

#if LV_FONT_TEKO_MEDIUM_26

/*-----------------
 *    BITMAPS
 *----------------*/

/*Store the image of the glyphs*/
static LV_ATTRIBUTE_LARGE_CONST const uint8_t glyph_bitmap[] = {
    /* U+0020 " " */

    /* U+0021 "!" */
    0xaf, 0xfc, 0xaf, 0xfb, 0x9f, 0xfa, 0x8f, 0xf9,
    0x7f, 0xf9, 0x7f, 0xf8, 0x6f, 0xf7, 0x5f, 0xf6,
    0x4f, 0xf6, 0x4f, 0xf5, 0x3f, 0xf4, 0x1, 0x10,
    0x0, 0x0, 0x59, 0x95, 0x8f, 0xf9, 0x8f, 0xf9,
    0x8f, 0xf9,

    /* U+0022 "\"" */
    0xf, 0xfa, 0xf, 0xfb, 0xf, 0xfa, 0xf, 0xfb,
    0xf, 0xfa, 0xf, 0xfb, 0xf, 0xfa, 0xf, 0xfb,
    0xf, 0xfa, 0xf, 0xfb, 0xf, 0xfa, 0xf, 0xfb,
    0x4, 0x42, 0x3, 0x42,

    /* U+0023 "#" */
    0x0, 0x0, 0x6f, 0xf3, 0x0, 0xff, 0xa0, 0x0,
    0x0, 0x9f, 0xf0, 0x2, 0xff, 0x70, 0x0, 0x0,
    0xcf, 0xd0, 0x5, 0xff, 0x40, 0x0, 0x0, 0xff,
    0xa0, 0x8, 0xff, 0x10, 0x4, 0xff, 0xff, 0xff,
    0xff, 0xff, 0xf8, 0x4, 0xff, 0xff, 0xff, 0xff,
    0xff, 0xf8, 0x0, 0x29, 0xff, 0x32, 0x3f, 0xf9,
    0x21, 0x0, 0xa, 0xfe, 0x0, 0x3f, 0xf5, 0x0,
    0x0, 0xd, 0xfb, 0x0, 0x6f, 0xf2, 0x0, 0x0,
    0xf, 0xf8, 0x0, 0x9f, 0xf0, 0x0, 0x2, 0x5f,
    0xf7, 0x22, 0xdf, 0xd2, 0x10, 0x3f, 0xff, 0xff,
    0xff, 0xff, 0xff, 0x80, 0x3f, 0xff, 0xff, 0xff,
    0xff, 0xff, 0x80, 0x0, 0xcf, 0xc0, 0x5, 0xff,
    0x30, 0x0, 0x0, 0xff, 0x90, 0x8, 0xff, 0x0,
    0x0, 0x2, 0xff, 0x60, 0xb, 0xfd, 0x0, 0x0,
    0x5, 0xff, 0x30, 0xe, 0xfa, 0x0, 0x0,

    /* U+0024 "$" */
    0x0, 0x3, 0xff, 0x90, 0x0, 0x0, 0x3, 0xff,
    0x90, 0x0, 0x3, 0xcf, 0xff, 0xfe, 0x60, 0xd,
    0xff, 0xff, 0xff, 0xf2, 0xf, 0xff, 0x87, 0xdf,
    0xf6, 0x1f, 0xfe, 0x0, 0x9f, 0xf6, 0x1f, 0xfe,
    0x0, 0x9f, 0xf6, 0x1f, 0xfe, 0x0, 0x35, 0x52,
    0x1f, 0xfe, 0x0, 0x0, 0x0, 0xf, 0xff, 0x44,
    0x32, 0x0, 0xd, 0xff, 0xff, 0xff, 0xc0, 0x3,
    0xdf, 0xff, 0xff, 0xf6, 0x0, 0x0, 0x0, 0x9f,
    0xf7, 0x0, 0x0, 0x0, 0x8f, 0xf7, 0xb, 0xbb,
    0x0, 0x8f, 0xf7, 0xf, 0xff, 0x0, 0x8f, 0xf7,
    0xf, 0xff, 0x54, 0xbf, 0xf7, 0xd, 0xff, 0xff,
    0xff, 0xf4, 0x3, 0xcf, 0xff, 0xfe, 0x80, 0x0,
    0x3, 0xff, 0x90, 0x0, 0x0, 0x3, 0xff, 0x90,
    0x0,

    /* U+0025 "%" */
    0x8, 0xff, 0xff, 0x90, 0x0, 0x1, 0xff, 0x40,
    0x0, 0x2f, 0xff, 0xff, 0xf3, 0x0, 0x8, 0xfd,
    0x0, 0x0, 0x4f, 0xf2, 0x1f, 0xf5, 0x0, 0xf,
    0xf5, 0x0, 0x0, 0x4f, 0xf2, 0x1f, 0xf5, 0x0,
    0x7f, 0xd0, 0x0, 0x0, 0x4f, 0xf2, 0x1f, 0xf5,
    0x0, 0xef, 0x60, 0x0, 0x0, 0x4f, 0xf2, 0x1f,
    0xf5, 0x6, 0xfe, 0x0, 0x0, 0x0, 0x4f, 0xf2,
    0x1f, 0xf5, 0xe, 0xf6, 0x0, 0x0, 0x0, 0x4f,
    0xf3, 0x1f, 0xf5, 0x6f, 0xe0, 0x0, 0x0, 0x0,
    0x2f, 0xff, 0xff, 0xf3, 0xdf, 0x73, 0xdf, 0xff,
    0xe4, 0x6, 0xde, 0xed, 0x85, 0xff, 0xa, 0xff,
    0xef, 0xfc, 0x0, 0x0, 0x0, 0xc, 0xf8, 0xc,
    0xfb, 0x8, 0xfe, 0x0, 0x0, 0x0, 0x4f, 0xf1,
    0xc, 0xfa, 0x8, 0xfe, 0x0, 0x0, 0x0, 0xcf,
    0x90, 0xc, 0xfa, 0x8, 0xfe, 0x0, 0x0, 0x3,
    0xff, 0x10, 0xc, 0xfa, 0x8, 0xfe, 0x0, 0x0,
    0xb, 0xf9, 0x0, 0xc, 0xfb, 0x8, 0xfe, 0x0,
    0x0, 0x3f, 0xf2, 0x0, 0xa, 0xff, 0xff, 0xfc,
    0x0, 0x0, 0xaf, 0xa0, 0x0, 0x3, 0xdf, 0xff,
    0xe4,

    /* U+0026 "&" */
    0x0, 0x6e, 0xff, 0xff, 0xc2, 0x0, 0x0, 0x0,
    0x2f, 0xff, 0xff, 0xff, 0xb0, 0x0, 0x0, 0x5,
    0xff, 0xb3, 0x3f, 0xfe, 0x0, 0x0, 0x0, 0x5f,
    0xf9, 0x0, 0xff, 0xf0, 0x0, 0x0, 0x5, 0xff,
    0x90, 0xf, 0xff, 0x0, 0x0, 0x0, 0x4f, 0xfa,
    0x0, 0xff, 0xe0, 0x0, 0x0, 0x0, 0xef, 0xf2,
    0xaf, 0xfb, 0x0, 0x0, 0x0, 0x5, 0xff, 0xff,
    0xff, 0x30, 0x0, 0x0, 0x0, 0xd, 0xff, 0xfd,
    0x30, 0x0, 0x0, 0x0, 0x2d, 0xff, 0xff, 0x80,
    0x0, 0x0, 0x0, 0xc, 0xff, 0xdd, 0xff, 0x50,
    0x45, 0x20, 0x0, 0xff, 0xe0, 0x2e, 0xff, 0x3e,
    0xf8, 0x0, 0x1f, 0xfc, 0x0, 0x3f, 0xfe, 0xff,
    0x80, 0x1, 0xff, 0xc0, 0x0, 0x5f, 0xff, 0xf8,
    0x0, 0xf, 0xfe, 0x33, 0x33, 0xaf, 0xff, 0x70,
    0x0, 0xdf, 0xff, 0xff, 0xff, 0xff, 0xf9, 0x0,
    0x3, 0xcf, 0xff, 0xff, 0xff, 0xff, 0xf5, 0x0,
    0x0, 0x0, 0x0, 0x0, 0x1, 0xde, 0xe2,

    /* U+0027 "'" */
    0xf, 0xfd, 0xf, 0xfd, 0xf, 0xfd, 0xf, 0xfd,
    0xf, 0xfd, 0xf, 0xfd, 0x4, 0x43,

    /* U+0028 "(" */
    0x0, 0x0, 0x48, 0x60, 0x1, 0xcf, 0xfb, 0x0,
    0xdf, 0xff, 0xb0, 0x8f, 0xfd, 0x30, 0xe, 0xff,
    0x30, 0x3, 0xff, 0xc0, 0x0, 0x7f, 0xf8, 0x0,
    0xa, 0xff, 0x50, 0x0, 0xbf, 0xf3, 0x0, 0xc,
    0xff, 0x20, 0x0, 0xdf, 0xf2, 0x0, 0xd, 0xff,
    0x20, 0x0, 0xdf, 0xf2, 0x0, 0xd, 0xff, 0x20,
    0x0, 0xdf, 0xf2, 0x0, 0xd, 0xff, 0x20, 0x0,
    0xdf, 0xf2, 0x0, 0xc, 0xff, 0x30, 0x0, 0xbf,
    0xf4, 0x0, 0x8, 0xff, 0x70, 0x0, 0x5f, 0xfa,
    0x0, 0x1, 0xff, 0xf0, 0x0, 0xb, 0xff, 0x90,
    0x0, 0x2f, 0xff, 0xc6, 0x0, 0x6f, 0xff, 0xb0,
    0x0, 0x3b, 0xeb,

    /* U+0029 ")" */
    0x39, 0x61, 0x0, 0x0, 0x5f, 0xff, 0x50, 0x0,
    0x4f, 0xff, 0xf4, 0x0, 0x1, 0x9f, 0xfd, 0x0,
    0x0, 0xd, 0xff, 0x50, 0x0, 0x6, 0xff, 0xa0,
    0x0, 0x2, 0xff, 0xd0, 0x0, 0x0, 0xff, 0xf0,
    0x0, 0x0, 0xdf, 0xf2, 0x0, 0x0, 0xcf, 0xf3,
    0x0, 0x0, 0xcf, 0xf3, 0x0, 0x0, 0xcf, 0xf3,
    0x0, 0x0, 0xcf, 0xf3, 0x0, 0x0, 0xcf, 0xf3,
    0x0, 0x0, 0xcf, 0xf3, 0x0, 0x0, 0xcf, 0xf3,
    0x0, 0x0, 0xcf, 0xf3, 0x0, 0x0, 0xdf, 0xf2,
    0x0, 0x0, 0xef, 0xf1, 0x0, 0x0, 0xff, 0xf0,
    0x0, 0x4, 0xff, 0xb0, 0x0, 0x9, 0xff, 0x70,
    0x0, 0x3f, 0xff, 0x10, 0x2a, 0xff, 0xf8, 0x0,
    0x5f, 0xff, 0xb0, 0x0, 0x5f, 0xc7, 0x0, 0x0,

    /* U+002A "*" */
    0x0, 0xb, 0xf9, 0x0, 0x0, 0x40, 0xbf, 0x90,
    0x30, 0x2f, 0xed, 0xfc, 0xff, 0x6, 0xff, 0xff,
    0xff, 0xf4, 0x3, 0xaf, 0xff, 0x92, 0x0, 0x2f,
    0xfe, 0xfe, 0x10, 0x7, 0xfe, 0x3f, 0xf5, 0x0,
    0x5, 0x50, 0x53, 0x0,

    /* U+002B "+" */
    0x0, 0x0, 0x58, 0x81, 0x0, 0x0, 0x0, 0xb,
    0xff, 0x20, 0x0, 0x0, 0x0, 0xbf, 0xf2, 0x0,
    0x0, 0x0, 0xb, 0xff, 0x20, 0x0, 0x25, 0x55,
    0xdf, 0xf7, 0x55, 0x47, 0xff, 0xff, 0xff, 0xff,
    0xfe, 0x7f, 0xff, 0xff, 0xff, 0xff, 0xe0, 0x0,
    0xb, 0xff, 0x20, 0x0, 0x0, 0x0, 0xbf, 0xf2,
    0x0, 0x0, 0x0, 0xb, 0xff, 0x20, 0x0, 0x0,
    0x0, 0xbf, 0xf2, 0x0, 0x0,

    /* U+002C "," */
    0x5, 0x55, 0x1, 0xff, 0xf1, 0x1f, 0xff, 0x1,
    0xff, 0xa0, 0x1f, 0xf4, 0x1, 0xfd, 0x0, 0x1f,
    0x70, 0x1, 0xf1, 0x0,

    /* U+002D "-" */
    0x33, 0x33, 0x33, 0x1f, 0xff, 0xff, 0xf5, 0xff,
    0xff, 0xff, 0x50,

    /* U+002E "." */
    0x19, 0x99, 0x1, 0xff, 0xf1, 0x1f, 0xff, 0x11,
    0xff, 0xf1,

    /* U+002F "/" */
    0x0, 0x0, 0x0, 0x0, 0x68, 0x60, 0x0, 0x0,
    0x0, 0x1f, 0xf8, 0x0, 0x0, 0x0, 0x6, 0xff,
    0x30, 0x0, 0x0, 0x0, 0xcf, 0xd0, 0x0, 0x0,
    0x0, 0x1f, 0xf8, 0x0, 0x0, 0x0, 0x7, 0xff,
    0x20, 0x0, 0x0, 0x0, 0xcf, 0xd0, 0x0, 0x0,
    0x0, 0x2f, 0xf7, 0x0, 0x0, 0x0, 0x7, 0xff,
    0x20, 0x0, 0x0, 0x0, 0xdf, 0xc0, 0x0, 0x0,
    0x0, 0x2f, 0xf7, 0x0, 0x0, 0x0, 0x8, 0xff,
    0x10, 0x0, 0x0, 0x0, 0xdf, 0xc0, 0x0, 0x0,
    0x0, 0x3f, 0xf6, 0x0, 0x0, 0x0, 0x8, 0xff,
    0x10, 0x0, 0x0, 0x0, 0xef, 0xb0, 0x0, 0x0,
    0x0, 0x3f, 0xf6, 0x0, 0x0, 0x0, 0x9, 0xff,
    0x10, 0x0, 0x0, 0x0, 0xef, 0xb0, 0x0, 0x0,
    0x0, 0x4f, 0xf5, 0x0, 0x0, 0x0, 0x9, 0xff,
    0x0, 0x0, 0x0, 0x0, 0xef, 0xb0, 0x0, 0x0,
    0x0,

    /* U+0030 "0" */
    0x1b, 0xff, 0xff, 0xfb, 0x1a, 0xff, 0xff, 0xff,
    0xf9, 0xdf, 0xf8, 0x58, 0xff, 0xdd, 0xff, 0x20,
    0x2f, 0xfd, 0xdf, 0xf2, 0x2, 0xff, 0xdd, 0xff,
    0x20, 0x2f, 0xfd, 0xdf, 0xf2, 0x2, 0xff, 0xdd,
    0xff, 0x20, 0x2f, 0xfd, 0xdf, 0xf2, 0x2, 0xff,
    0xdd, 0xff, 0x20, 0x2f, 0xfd, 0xdf, 0xf2, 0x2,
    0xff, 0xdd, 0xff, 0x20, 0x2f, 0xfd, 0xdf, 0xf2,
    0x2, 0xff, 0xdd, 0xff, 0x20, 0x2f, 0xfd, 0xdf,
    0xf8, 0x58, 0xff, 0xda, 0xff, 0xff, 0xff, 0xf9,
    0x1b, 0xff, 0xff, 0xfb, 0x10,

    /* U+0031 "1" */
    0x8f, 0xff, 0xf8, 0x8f, 0xff, 0xf8, 0x25, 0xaf,
    0xf8, 0x0, 0x7f, 0xf8, 0x0, 0x7f, 0xf8, 0x0,
    0x7f, 0xf8, 0x0, 0x7f, 0xf8, 0x0, 0x7f, 0xf8,
    0x0, 0x7f, 0xf8, 0x0, 0x7f, 0xf8, 0x0, 0x7f,
    0xf8, 0x0, 0x7f, 0xf8, 0x0, 0x7f, 0xf8, 0x0,
    0x7f, 0xf8, 0x0, 0x7f, 0xf8, 0x0, 0x7f, 0xf8,
    0x0, 0x7f, 0xf8,

    /* U+0032 "2" */
    0x6, 0xef, 0xff, 0xfb, 0x12, 0xff, 0xff, 0xff,
    0xf9, 0x5f, 0xfc, 0x58, 0xff, 0xc6, 0xff, 0x90,
    0x2f, 0xfd, 0x6f, 0xf9, 0x2, 0xff, 0xc3, 0x99,
    0x50, 0x3f, 0xfc, 0x0, 0x0, 0x7, 0xff, 0x90,
    0x0, 0x1, 0xef, 0xf3, 0x0, 0x0, 0x9f, 0xfa,
    0x0, 0x0, 0x2f, 0xff, 0x10, 0x0, 0xc, 0xff,
    0x80, 0x0, 0x5, 0xff, 0xe0, 0x0, 0x0, 0xef,
    0xf6, 0x0, 0x0, 0x8f, 0xfd, 0x0, 0x0, 0x2f,
    0xff, 0x95, 0x55, 0x44, 0xff, 0xff, 0xff, 0xfe,
    0x4f, 0xff, 0xff, 0xff, 0xe0,

    /* U+0033 "3" */
    0x5, 0xdf, 0xff, 0xfc, 0x20, 0x1f, 0xff, 0xff,
    0xff, 0xc0, 0x3f, 0xfe, 0x55, 0xff, 0xf0, 0x4f,
    0xfb, 0x0, 0xff, 0xf0, 0x4f, 0xfb, 0x0, 0xff,
    0xf0, 0x3b, 0xb8, 0x0, 0xff, 0xf0, 0x0, 0x0,
    0x0, 0xff, 0xf0, 0x0, 0x2, 0x34, 0xff, 0xe0,
    0x0, 0xa, 0xff, 0xff, 0x60, 0x0, 0xa, 0xff,
    0xff, 0xb0, 0x0, 0x0, 0x0, 0xff, 0xf0, 0x1,
    0x10, 0x0, 0xff, 0xf0, 0x4f, 0xfb, 0x0, 0xff,
    0xf0, 0x4f, 0xfb, 0x0, 0xff, 0xf0, 0x4f, 0xfe,
    0x55, 0xff, 0xf0, 0x1f, 0xff, 0xff, 0xff, 0xd0,
    0x6, 0xef, 0xff, 0xfc, 0x30,

    /* U+0034 "4" */
    0x0, 0x0, 0xe, 0xff, 0x10, 0x0, 0x0, 0x5,
    0xff, 0x90, 0x0, 0x0, 0x0, 0xcf, 0xf2, 0x0,
    0x0, 0x0, 0x4f, 0xfa, 0x0, 0x0, 0x0, 0xb,
    0xff, 0x30, 0x0, 0x0, 0x2, 0xff, 0xb0, 0x0,
    0x0, 0x0, 0x9f, 0xf4, 0x0, 0x0, 0x0, 0x1f,
    0xfc, 0x0, 0x0, 0x0, 0x8, 0xff, 0x50, 0xab,
    0xb0, 0x0, 0xef, 0xd0, 0xd, 0xff, 0x0, 0x6f,
    0xf6, 0x0, 0xdf, 0xf0, 0xc, 0xff, 0x65, 0x5e,
    0xff, 0x53, 0xdf, 0xff, 0xff, 0xff, 0xff, 0x8d,
    0xff, 0xff, 0xff, 0xff, 0xf8, 0x0, 0x0, 0x0,
    0xdf, 0xf0, 0x0, 0x0, 0x0, 0xd, 0xff, 0x0,
    0x0, 0x0, 0x0, 0xdf, 0xf0, 0x0,

    /* U+0035 "5" */
    0xdf, 0xff, 0xff, 0xff, 0x6d, 0xff, 0xff, 0xff,
    0xf6, 0xdf, 0xf6, 0x55, 0x55, 0x2d, 0xff, 0x10,
    0x0, 0x0, 0xdf, 0xf1, 0x0, 0x0, 0xd, 0xff,
    0x10, 0x0, 0x0, 0xdf, 0xf6, 0x55, 0x40, 0xd,
    0xff, 0xff, 0xff, 0xd0, 0xdf, 0xff, 0xff, 0xff,
    0x60, 0x0, 0x0, 0x8f, 0xf7, 0x0, 0x0, 0x7,
    0xff, 0x75, 0x55, 0x0, 0x7f, 0xf7, 0xff, 0xf1,
    0x7, 0xff, 0x7f, 0xff, 0x10, 0x7f, 0xf7, 0xff,
    0xf7, 0x5b, 0xff, 0x7c, 0xff, 0xff, 0xff, 0xf4,
    0x2c, 0xff, 0xff, 0xe8, 0x0,

    /* U+0036 "6" */
    0x1b, 0xff, 0xff, 0xf9, 0xa, 0xff, 0xff, 0xff,
    0xf7, 0xdf, 0xf7, 0x59, 0xff, 0xad, 0xff, 0x10,
    0x4f, 0xfa, 0xdf, 0xf1, 0x4, 0xff, 0xad, 0xff,
    0x10, 0x3, 0x32, 0xdf, 0xf1, 0x0, 0x0, 0xd,
    0xff, 0xff, 0xff, 0xa1, 0xdf, 0xff, 0xff, 0xff,
    0x9d, 0xff, 0x54, 0x7f, 0xfc, 0xdf, 0xf1, 0x2,
    0xff, 0xcd, 0xff, 0x10, 0x2f, 0xfc, 0xdf, 0xf1,
    0x2, 0xff, 0xcd, 0xff, 0x10, 0x2f, 0xfc, 0xdf,
    0xf7, 0x58, 0xff, 0xca, 0xff, 0xff, 0xff, 0xf9,
    0x1b, 0xff, 0xff, 0xfa, 0x10,

    /* U+0037 "7" */
    0xdf, 0xff, 0xff, 0xff, 0x6d, 0xff, 0xff, 0xff,
    0xf6, 0x57, 0x77, 0x7e, 0xff, 0x30, 0x0, 0x1,
    0xff, 0xe0, 0x0, 0x0, 0x6f, 0xf9, 0x0, 0x0,
    0xb, 0xff, 0x40, 0x0, 0x0, 0xff, 0xf0, 0x0,
    0x0, 0x4f, 0xfb, 0x0, 0x0, 0x9, 0xff, 0x60,
    0x0, 0x0, 0xef, 0xf1, 0x0, 0x0, 0x3f, 0xfc,
    0x0, 0x0, 0x8, 0xff, 0x80, 0x0, 0x0, 0xdf,
    0xf3, 0x0, 0x0, 0x2f, 0xfe, 0x0, 0x0, 0x7,
    0xff, 0x90, 0x0, 0x0, 0xcf, 0xf4, 0x0, 0x0,
    0x1f, 0xff, 0x0, 0x0, 0x0,

    /* U+0038 "8" */
    0x1b, 0xff, 0xff, 0xfa, 0x1a, 0xff, 0xff, 0xff,
    0xf9, 0xdf, 0xf6, 0x46, 0xff, 0xce, 0xff, 0x0,
    0x1f, 0xfc, 0xef, 0xf0, 0x1, 0xff, 0xce, 0xff,
    0x0, 0x1f, 0xfc, 0xef, 0xf0, 0x1, 0xff, 0xcc,
    0xff, 0x31, 0x3f, 0xfb, 0x5f, 0xff, 0xff, 0xff,
    0x48, 0xff, 0xff, 0xff, 0xf6, 0xdf, 0xf1, 0x2,
    0xff, 0xce, 0xff, 0x0, 0x1f, 0xfc, 0xef, 0xf0,
    0x1, 0xff, 0xce, 0xff, 0x0, 0x1f, 0xfc, 0xdf,
    0xf6, 0x46, 0xff, 0xcb, 0xff, 0xff, 0xff, 0xf9,
    0x2b, 0xff, 0xff, 0xfb, 0x10,

    /* U+0039 "9" */
    0x3, 0xcf, 0xff, 0xfe, 0x80, 0xd, 0xff, 0xff,
    0xff, 0xf5, 0xf, 0xff, 0x55, 0xaf, 0xf8, 0x1f,
    0xfe, 0x0, 0x6f, 0xf8, 0x1f, 0xfe, 0x0, 0x6f,
    0xf8, 0x1f, 0xfe, 0x0, 0x6f, 0xf8, 0x1f, 0xfe,
    0x0, 0x6f, 0xf8, 0xf, 0xfe, 0x0, 0x6f, 0xf8,
    0xe, 0xff, 0xff, 0xff, 0xf8, 0x5, 0xff, 0xff,
    0xff, 0xf8, 0x0, 0x3, 0x33, 0x8f, 0xf8, 0x2,
    0x32, 0x0, 0x6f, 0xf8, 0xf, 0xff, 0x0, 0x6f,
    0xf8, 0xf, 0xff, 0x0, 0x6f, 0xf8, 0xf, 0xff,
    0x65, 0xaf, 0xf8, 0xc, 0xff, 0xff, 0xff, 0xf5,
    0x2, 0xcf, 0xff, 0xfe, 0x80,

    /* U+003A ":" */
    0x1f, 0xff, 0x11, 0xff, 0xf1, 0x1f, 0xff, 0x11,
    0x99, 0x90, 0x0, 0x0, 0x0, 0x0, 0x0, 0x0,
    0x0, 0x0, 0x0, 0x0, 0x0, 0x0, 0x1, 0x99,
    0x90, 0x1f, 0xff, 0x11, 0xff, 0xf1, 0x1f, 0xff,
    0x10,

    /* U+003B ";" */
    0x1f, 0xff, 0x11, 0xff, 0xf1, 0x1f, 0xff, 0x11,
    0x99, 0x90, 0x0, 0x0, 0x0, 0x0, 0x0, 0x0,
    0x0, 0x0, 0x0, 0x0, 0x0, 0x0, 0x0, 0x55,
    0x50, 0x1f, 0xff, 0x11, 0xff, 0xf0, 0x1f, 0xfa,
    0x1, 0xff, 0x40, 0x1f, 0xd0, 0x1, 0xf7, 0x0,
    0x1f, 0x10, 0x0,

    /* U+003C "<" */
    0x0, 0x0, 0x0, 0x0, 0x0, 0x0, 0x0, 0x0,
    0x0, 0x0, 0x4a, 0xe0, 0x0, 0x0, 0x5, 0xaf,
    0xff, 0xf0, 0x1, 0x6b, 0xff, 0xff, 0xfd, 0x90,
    0x3f, 0xff, 0xff, 0xc7, 0x20, 0x0, 0x4f, 0xff,
    0x71, 0x0, 0x0, 0x0, 0x4f, 0xff, 0xfc, 0x72,
    0x0, 0x0, 0x4, 0x9e, 0xff, 0xff, 0xe9, 0x40,
    0x0, 0x0, 0x49, 0xef, 0xff, 0xf0, 0x0, 0x0,
    0x0, 0x4, 0x9e, 0xf0, 0x0, 0x0, 0x0, 0x0,
    0x0, 0x30,

    /* U+003D "=" */
    0x16, 0x66, 0x66, 0x66, 0x66, 0x60, 0x4f, 0xff,
    0xff, 0xff, 0xff, 0xf0, 0x4f, 0xff, 0xff, 0xff,
    0xff, 0xf0, 0x0, 0x0, 0x0, 0x0, 0x0, 0x0,
    0x0, 0x0, 0x0, 0x0, 0x0, 0x0, 0x17, 0x77,
    0x77, 0x77, 0x77, 0x70, 0x4f, 0xff, 0xff, 0xff,
    0xff, 0xf0, 0x4f, 0xff, 0xff, 0xff, 0xff, 0xf0,

    /* U+003E ">" */
    0x0, 0x0, 0x0, 0x0, 0x0, 0x0, 0x4e, 0x83,
    0x0, 0x0, 0x0, 0x0, 0x4f, 0xff, 0xe9, 0x40,
    0x0, 0x0, 0x1a, 0xef, 0xff, 0xff, 0xa5, 0x0,
    0x0, 0x3, 0x8d, 0xff, 0xff, 0xf0, 0x0, 0x0,
    0x0, 0x29, 0xff, 0xf0, 0x0, 0x0, 0x38, 0xdf,
    0xff, 0xf0, 0x5, 0xae, 0xff, 0xff, 0xd8, 0x30,
    0x4f, 0xff, 0xfd, 0x83, 0x0, 0x0, 0x4f, 0xd8,
    0x20, 0x0, 0x0, 0x0, 0x12, 0x0, 0x0, 0x0,
    0x0, 0x0,

    /* U+003F "?" */
    0x7, 0xef, 0xff, 0xfc, 0x24, 0xff, 0xff, 0xff,
    0xfb, 0x7f, 0xfb, 0x34, 0xff, 0xf7, 0xff, 0x80,
    0xf, 0xff, 0x7f, 0xf8, 0x0, 0xff, 0xf0, 0x11,
    0x0, 0xf, 0xff, 0x0, 0x0, 0x0, 0xff, 0xf0,
    0x0, 0x0, 0x2f, 0xff, 0x0, 0xe, 0xff, 0xff,
    0xb0, 0x0, 0xdf, 0xfe, 0xb1, 0x0, 0xc, 0xfe,
    0x0, 0x0, 0x0, 0x68, 0x60, 0x0, 0x0, 0x0,
    0x0, 0x0, 0x0, 0x0, 0x99, 0x91, 0x0, 0x0,
    0x1f, 0xff, 0x10, 0x0, 0x1, 0xff, 0xf1, 0x0,
    0x0, 0x1f, 0xff, 0x10, 0x0,

    /* U+0040 "@" */
    0x6, 0xef, 0xff, 0xff, 0xff, 0xff, 0xff, 0xfd,
    0x40, 0x1f, 0xff, 0xff, 0xff, 0xff, 0xff, 0xff,
    0xff, 0xe0, 0x4f, 0xfa, 0x44, 0x44, 0x44, 0x44,
    0x44, 0xbf, 0xf2, 0x5f, 0xf6, 0x0, 0x0, 0x0,
    0x0, 0x0, 0x8f, 0xf2, 0x5f, 0xf6, 0x0, 0x1,
    0x10, 0x11, 0x0, 0x8f, 0xf2, 0x5f, 0xf6, 0x3,
    0xef, 0xfb, 0xef, 0x90, 0x8f, 0xf2, 0x5f, 0xf6,
    0xb, 0xff, 0xff, 0xff, 0x90, 0x8f, 0xf2, 0x5f,
    0xf6, 0xd, 0xfe, 0x1, 0xff, 0x90, 0x8f, 0xf2,
    0x5f, 0xf6, 0xd, 0xfd, 0x0, 0xff, 0x90, 0x8f,
    0xf2, 0x5f, 0xf6, 0xd, 0xfd, 0x0, 0xff, 0x90,
    0x8f, 0xf2, 0x5f, 0xf6, 0xd, 0xfd, 0x0, 0xff,
    0x90, 0x8f, 0xf2, 0x5f, 0xf6, 0xd, 0xfe, 0x12,
    0xff, 0x91, 0x9f, 0xf2, 0x5f, 0xf6, 0xb, 0xff,
    0xff, 0xff, 0xff, 0xff, 0xe0, 0x5f, 0xf6, 0x2,
    0xcf, 0xfa, 0xdf, 0xff, 0xfd, 0x40, 0x5f, 0xf6,
    0x0, 0x0, 0x0, 0x0, 0x0, 0x0, 0x0, 0x4f,
    0xfa, 0x44, 0x44, 0x44, 0x44, 0x20, 0x0, 0x0,
    0x1f, 0xff, 0xff, 0xff, 0xff, 0xff, 0xa0, 0x0,
    0x0, 0x6, 0xef, 0xff, 0xff, 0xff, 0xff, 0xa0,
    0x0, 0x0,

    /* U+0041 "A" */
    0x0, 0x9, 0xff, 0xfa, 0x0, 0x0, 0x0, 0xcf,
    0xff, 0xd0, 0x0, 0x0, 0xf, 0xff, 0xff, 0x0,
    0x0, 0x2, 0xff, 0xdf, 0xf4, 0x0, 0x0, 0x5f,
    0xf7, 0xff, 0x70, 0x0, 0x8, 0xff, 0x2f, 0xfa,
    0x0, 0x0, 0xcf, 0xe0, 0xdf, 0xd0, 0x0, 0xf,
    0xfc, 0xa, 0xff, 0x10, 0x2, 0xff, 0x90, 0x8f,
    0xf4, 0x0, 0x5f, 0xf7, 0x5, 0xff, 0x70, 0x8,
    0xff, 0x40, 0x2f, 0xfa, 0x0, 0xbf, 0xff, 0xff,
    0xff, 0xe0, 0xe, 0xff, 0xff, 0xff, 0xff, 0x11,
    0xff, 0xd4, 0x44, 0xbf, 0xf4, 0x4f, 0xf9, 0x0,
    0x7, 0xff, 0x78, 0xff, 0x70, 0x0, 0x4f, 0xfb,
    0xbf, 0xf4, 0x0, 0x1, 0xff, 0xe0,

    /* U+0042 "B" */
    0xcf, 0xff, 0xff, 0xfe, 0x50, 0xcf, 0xff, 0xff,
    0xff, 0xf1, 0xcf, 0xf6, 0x33, 0xcf, 0xf4, 0xcf,
    0xf3, 0x0, 0xaf, 0xf5, 0xcf, 0xf3, 0x0, 0xaf,
    0xf5, 0xcf, 0xf3, 0x0, 0xaf, 0xf5, 0xcf, 0xf3,
    0x0, 0xaf, 0xf5, 0xcf, 0xf6, 0x33, 0xcf, 0xf3,
    0xcf, 0xff, 0xff, 0xff, 0xb0, 0xcf, 0xff, 0xff,
    0xff, 0xe1, 0xcf, 0xf3, 0x0, 0xbf, 0xf4, 0xcf,
    0xf3, 0x0, 0xaf, 0xf5, 0xcf, 0xf3, 0x0, 0xaf,
    0xf5, 0xcf, 0xf3, 0x0, 0xaf, 0xf5, 0xcf, 0xf6,
    0x33, 0xcf, 0xf5, 0xcf, 0xff, 0xff, 0xff, 0xf2,
    0xcf, 0xff, 0xff, 0xfe, 0x60,

    /* U+0043 "C" */
    0x1b, 0xff, 0xff, 0xfb, 0x1a, 0xff, 0xff, 0xff,
    0xf9, 0xdf, 0xf6, 0x36, 0xff, 0xde, 0xff, 0x20,
    0x3f, 0xfd, 0xef, 0xf2, 0x3, 0xff, 0xde, 0xff,
    0x20, 0x19, 0x98, 0xef, 0xf2, 0x0, 0x0, 0xe,
    0xff, 0x20, 0x0, 0x0, 0xef, 0xf2, 0x0, 0x0,
    0xe, 0xff, 0x20, 0x0, 0x0, 0xef, 0xf2, 0x0,
    0x0, 0xe, 0xff, 0x20, 0x18, 0x87, 0xef, 0xf2,
    0x3, 0xff, 0xde, 0xff, 0x20, 0x3f, 0xfd, 0xdf,
    0xf6, 0x37, 0xff, 0xda, 0xff, 0xff, 0xff, 0xf9,
    0x1b, 0xff, 0xff, 0xfb, 0x10,

    /* U+0044 "D" */
    0xaf, 0xff, 0xff, 0xfe, 0x70, 0xaf, 0xff, 0xff,
    0xff, 0xf3, 0xaf, 0xf8, 0x33, 0xbf, 0xf6, 0xaf,
    0xf6, 0x0, 0x9f, 0xf7, 0xaf, 0xf6, 0x0, 0x9f,
    0xf7, 0xaf, 0xf6, 0x0, 0x9f, 0xf7, 0xaf, 0xf6,
    0x0, 0x9f, 0xf7, 0xaf, 0xf6, 0x0, 0x9f, 0xf7,
    0xaf, 0xf6, 0x0, 0x9f, 0xf7, 0xaf, 0xf6, 0x0,
    0x9f, 0xf7, 0xaf, 0xf6, 0x0, 0x9f, 0xf7, 0xaf,
    0xf6, 0x0, 0x9f, 0xf7, 0xaf, 0xf6, 0x0, 0x9f,
    0xf7, 0xaf, 0xf6, 0x0, 0x9f, 0xf7, 0xaf, 0xf8,
    0x33, 0xbf, 0xf7, 0xaf, 0xff, 0xff, 0xff, 0xf4,
    0xaf, 0xff, 0xff, 0xfe, 0x70,

    /* U+0045 "E" */
    0xcf, 0xff, 0xff, 0xff, 0xc, 0xff, 0xff, 0xff,
    0xf0, 0xcf, 0xf8, 0x55, 0x55, 0xc, 0xff, 0x40,
    0x0, 0x0, 0xcf, 0xf4, 0x0, 0x0, 0xc, 0xff,
    0x40, 0x0, 0x0, 0xcf, 0xf4, 0x0, 0x0, 0xc,
    0xff, 0xff, 0xff, 0x40, 0xcf, 0xff, 0xff, 0xf4,
    0xc, 0xff, 0x85, 0x55, 0x10, 0xcf, 0xf4, 0x0,
    0x0, 0xc, 0xff, 0x40, 0x0, 0x0, 0xcf, 0xf4,
    0x0, 0x0, 0xc, 0xff, 0x40, 0x0, 0x0, 0xcf,
    0xf8, 0x55, 0x55, 0x1c, 0xff, 0xff, 0xff, 0xf4,
    0xcf, 0xff, 0xff, 0xff, 0x40,

    /* U+0046 "F" */
    0xcf, 0xff, 0xff, 0xff, 0x3c, 0xff, 0xff, 0xff,
    0xf3, 0xcf, 0xf8, 0x55, 0x55, 0x1c, 0xff, 0x40,
    0x0, 0x0, 0xcf, 0xf4, 0x0, 0x0, 0xc, 0xff,
    0x40, 0x0, 0x0, 0xcf, 0xf4, 0x0, 0x0, 0xc,
    0xff, 0x73, 0x33, 0x10, 0xcf, 0xff, 0xff, 0xf4,
    0xc, 0xff, 0xff, 0xff, 0x40, 0xcf, 0xf4, 0x0,
    0x0, 0xc, 0xff, 0x40, 0x0, 0x0, 0xcf, 0xf4,
    0x0, 0x0, 0xc, 0xff, 0x40, 0x0, 0x0, 0xcf,
    0xf4, 0x0, 0x0, 0xc, 0xff, 0x40, 0x0, 0x0,
    0xcf, 0xf4, 0x0, 0x0, 0x0,

    /* U+0047 "G" */
    0x1b, 0xff, 0xff, 0xfb, 0x1a, 0xff, 0xff, 0xff,
    0xf9, 0xdf, 0xf6, 0x37, 0xff, 0xce, 0xff, 0x20,
    0x3f, 0xfd, 0xef, 0xf2, 0x3, 0xff, 0xde, 0xff,
    0x20, 0x16, 0x65, 0xef, 0xf2, 0x0, 0x0, 0xe,
    0xff, 0x20, 0x0, 0x0, 0xef, 0xf2, 0x37, 0x77,
    0x6e, 0xff, 0x27, 0xff, 0xfd, 0xef, 0xf2, 0x6d,
    0xff, 0xee, 0xff, 0x20, 0x3f, 0xfd, 0xef, 0xf2,
    0x3, 0xff, 0xde, 0xff, 0x20, 0x3f, 0xfd, 0xdf,
    0xf6, 0x37, 0xff, 0xda, 0xff, 0xff, 0xff, 0xfa,
    0x1b, 0xff, 0xff, 0xfb, 0x10,

    /* U+0048 "H" */
    0xcf, 0xf3, 0x0, 0x6f, 0xf9, 0xcf, 0xf3, 0x0,
    0x6f, 0xf9, 0xcf, 0xf3, 0x0, 0x6f, 0xf9, 0xcf,
    0xf3, 0x0, 0x6f, 0xf9, 0xcf, 0xf3, 0x0, 0x6f,
    0xf9, 0xcf, 0xf3, 0x0, 0x6f, 0xf9, 0xcf, 0xf3,
    0x0, 0x6f, 0xf9, 0xcf, 0xf7, 0x55, 0x9f, 0xf9,
    0xcf, 0xff, 0xff, 0xff, 0xf9, 0xcf, 0xff, 0xff,
    0xff, 0xf9, 0xcf, 0xf3, 0x0, 0x6f, 0xf9, 0xcf,
    0xf3, 0x0, 0x6f, 0xf9, 0xcf, 0xf3, 0x0, 0x6f,
    0xf9, 0xcf, 0xf3, 0x0, 0x6f, 0xf9, 0xcf, 0xf3,
    0x0, 0x6f, 0xf9, 0xcf, 0xf3, 0x0, 0x6f, 0xf9,
    0xcf, 0xf3, 0x0, 0x6f, 0xf9,

    /* U+0049 "I" */
    0x9f, 0xf6, 0x9f, 0xf6, 0x9f, 0xf6, 0x9f, 0xf6,
    0x9f, 0xf6, 0x9f, 0xf6, 0x9f, 0xf6, 0x9f, 0xf6,
    0x9f, 0xf6, 0x9f, 0xf6, 0x9f, 0xf6, 0x9f, 0xf6,
    0x9f, 0xf6, 0x9f, 0xf6, 0x9f, 0xf6, 0x9f, 0xf6,
    0x9f, 0xf6,

    /* U+004A "J" */
    0x0, 0x0, 0x9, 0xff, 0x70, 0x0, 0x0, 0x9f,
    0xf7, 0x0, 0x0, 0x9, 0xff, 0x70, 0x0, 0x0,
    0x9f, 0xf7, 0x0, 0x0, 0x9, 0xff, 0x70, 0x0,
    0x0, 0x9f, 0xf7, 0x0, 0x0, 0x9, 0xff, 0x70,
    0x0, 0x0, 0x9f, 0xf7, 0x0, 0x0, 0x9, 0xff,
    0x70, 0x0, 0x0, 0x9f, 0xf7, 0x0, 0x0, 0x9,
    0xff, 0x79, 0xee, 0x40, 0x9f, 0xf7, 0xaf, 0xf5,
    0x9, 0xff, 0x7a, 0xff, 0x50, 0x9f, 0xf7, 0xaf,
    0xfa, 0x5c, 0xff, 0x77, 0xff, 0xff, 0xff, 0xf3,
    0xa, 0xff, 0xff, 0xe7, 0x0,

    /* U+004B "K" */
    0xcf, 0xf3, 0x0, 0x8f, 0xfa, 0xcf, 0xf3, 0x0,
    0xef, 0xf4, 0xcf, 0xf3, 0x5, 0xff, 0xd0, 0xcf,
    0xf3, 0xb, 0xff, 0x70, 0xcf, 0xf3, 0x1f, 0xff,
    0x10, 0xcf, 0xf3, 0x7f, 0xfa, 0x0, 0xcf, 0xf3,
    0xdf, 0xf4, 0x0, 0xcf, 0xf7, 0xff, 0xd0, 0x0,
    0xcf, 0xfc, 0xff, 0x90, 0x0, 0xcf, 0xf7, 0xff,
    0xe0, 0x0, 0xcf, 0xf3, 0xdf, 0xf4, 0x0, 0xcf,
    0xf3, 0x7f, 0xfa, 0x0, 0xcf, 0xf3, 0x1f, 0xff,
    0x10, 0xcf, 0xf3, 0xb, 0xff, 0x70, 0xcf, 0xf3,
    0x5, 0xff, 0xd0, 0xcf, 0xf3, 0x0, 0xef, 0xf4,
    0xcf, 0xf3, 0x0, 0x9f, 0xfa,

    /* U+004C "L" */
    0xcf, 0xf3, 0x0, 0x0, 0xcf, 0xf3, 0x0, 0x0,
    0xcf, 0xf3, 0x0, 0x0, 0xcf, 0xf3, 0x0, 0x0,
    0xcf, 0xf3, 0x0, 0x0, 0xcf, 0xf3, 0x0, 0x0,
    0xcf, 0xf3, 0x0, 0x0, 0xcf, 0xf3, 0x0, 0x0,
    0xcf, 0xf3, 0x0, 0x0, 0xcf, 0xf3, 0x0, 0x0,
    0xcf, 0xf3, 0x0, 0x0, 0xcf, 0xf3, 0x0, 0x0,
    0xcf, 0xf3, 0x0, 0x0, 0xcf, 0xf3, 0x0, 0x0,
    0xcf, 0xf7, 0x55, 0x53, 0xcf, 0xff, 0xff, 0xf9,
    0xcf, 0xff, 0xff, 0xf9,

    /* U+004D "M" */
    0xcf, 0xfa, 0x0, 0x0, 0x1f, 0xff, 0x5c, 0xff,
    0xe0, 0x0, 0x6, 0xff, 0xf5, 0xcf, 0xff, 0x30,
    0x0, 0xaf, 0xff, 0x5c, 0xff, 0xf7, 0x0, 0xe,
    0xff, 0xf5, 0xcf, 0xff, 0xc0, 0x3, 0xff, 0xff,
    0x5c, 0xfe, 0xff, 0x0, 0x7f, 0xef, 0xf5, 0xcf,
    0xeb, 0xf4, 0xb, 0xf9, 0xff, 0x5c, 0xfe, 0x7f,
    0x90, 0xff, 0x5f, 0xf5, 0xcf, 0xe3, 0xfd, 0x4f,
    0xc5, 0xff, 0x5c, 0xfe, 0xe, 0xfa, 0xf8, 0x5f,
    0xf5, 0xcf, 0xe0, 0xaf, 0xff, 0x35, 0xff, 0x5c,
    0xfe, 0x6, 0xff, 0xf0, 0x5f, 0xf5, 0xcf, 0xe0,
    0x2f, 0xfb, 0x5, 0xff, 0x5c, 0xfe, 0x0, 0x45,
    0x20, 0x5f, 0xf5, 0xcf, 0xe0, 0x0, 0x0, 0x5,
    0xff, 0x5c, 0xfe, 0x0, 0x0, 0x0, 0x5f, 0xf5,
    0xcf, 0xe0, 0x0, 0x0, 0x5, 0xff, 0x50,

    /* U+004E "N" */
    0xcf, 0xf4, 0x0, 0x6f, 0xf5, 0xcf, 0xf9, 0x0,
    0x6f, 0xf5, 0xcf, 0xfe, 0x0, 0x6f, 0xf5, 0xcf,
    0xff, 0x30, 0x6f, 0xf5, 0xcf, 0xff, 0x80, 0x6f,
    0xf5, 0xcf, 0xff, 0xd0, 0x6f, 0xf5, 0xcf, 0xfc,
    0xf2, 0x6f, 0xf5, 0xcf, 0xf7, 0xf7, 0x6f, 0xf5,
    0xcf, 0xf2, 0xfc, 0x6f, 0xf5, 0xcf, 0xf0, 0xdf,
    0x8f, 0xf5, 0xcf, 0xf0, 0x8f, 0xdf, 0xf5, 0xcf,
    0xf0, 0x3f, 0xff, 0xf5, 0xcf, 0xf0, 0xe, 0xff,
    0xf5, 0xcf, 0xf0, 0x9, 0xff, 0xf5, 0xcf, 0xf0,
    0x4, 0xff, 0xf5, 0xcf, 0xf0, 0x0, 0xff, 0xf5,
    0xcf, 0xf0, 0x0, 0xaf, 0xf5,

    /* U+004F "O" */
    0x1b, 0xff, 0xff, 0xfc, 0x29, 0xff, 0xff, 0xff,
    0xfc, 0xdf, 0xf7, 0x56, 0xff, 0xfd, 0xff, 0x20,
    0xf, 0xff, 0xdf, 0xf2, 0x0, 0xff, 0xfd, 0xff,
    0x20, 0xf, 0xff, 0xdf, 0xf2, 0x0, 0xff, 0xfd,
    0xff, 0x20, 0xf, 0xff, 0xdf, 0xf2, 0x0, 0xff,
    0xfd, 0xff, 0x20, 0xf, 0xff, 0xff, 0xf4, 0x0,
    0xff, 0xfd, 0xff, 0x20, 0xf, 0xff, 0xdf, 0xf2,
    0x0, 0xff, 0xfd, 0xff, 0x20, 0xf, 0xff, 0xdf,
    0xf7, 0x56, 0xff, 0xfb, 0xff, 0xff, 0xff, 0xfd,
    0x2b, 0xff, 0xff, 0xfc, 0x30,

    /* U+0050 "P" */
    0xcf, 0xff, 0xff, 0xfd, 0x30, 0xcf, 0xff, 0xff,
    0xff, 0xe0, 0xcf, 0xf7, 0x55, 0xff, 0xf1, 0xcf,
    0xf3, 0x0, 0xef, 0xf1, 0xcf, 0xf3, 0x0, 0xef,
    0xf1, 0xcf, 0xf3, 0x0, 0xef, 0xf1, 0xcf, 0xf3,
    0x0, 0xef, 0xf1, 0xcf, 0xf3, 0x0, 0xef, 0xf1,
    0xcf, 0xf7, 0x55, 0xff, 0xf1, 0xcf, 0xff, 0xff,
    0xff, 0xe0, 0xcf, 0xff, 0xff, 0xfd, 0x30, 0xcf,
    0xf3, 0x0, 0x0, 0x0, 0xcf, 0xf3, 0x0, 0x0,
    0x0, 0xcf, 0xf3, 0x0, 0x0, 0x0, 0xcf, 0xf3,
    0x0, 0x0, 0x0, 0xcf, 0xf3, 0x0, 0x0, 0x0,
    0xcf, 0xf3, 0x0, 0x0, 0x0,

    /* U+0051 "Q" */
    0x1b, 0xff, 0xff, 0xfc, 0x20, 0x9f, 0xff, 0xff,
    0xff, 0xc0, 0xdf, 0xf7, 0x56, 0xff, 0xf0, 0xdf,
    0xf2, 0x0, 0xff, 0xf0, 0xdf, 0xf2, 0x0, 0xff,
    0xf0, 0xdf, 0xf2, 0x0, 0xff, 0xf0, 0xdf, 0xf2,
    0x0, 0xff, 0xf0, 0xdf, 0xf2, 0x0, 0xff, 0xf0,
    0xdf, 0xf2, 0x0, 0xff, 0xf0, 0xdf, 0xf2, 0x0,
    0xff, 0xf0, 0xff, 0xf4, 0x0, 0xff, 0xf0, 0xdf,
    0xf2, 0x0, 0xff, 0xf0, 0xdf, 0xf2, 0x0, 0xff,
    0xf0, 0xdf, 0xf2, 0x0, 0xff, 0xf0, 0xdf, 0xf7,
    0x56, 0xff, 0xf0, 0xbf, 0xff, 0xff, 0xff, 0xd0,
    0x2b, 0xff, 0xff, 0xff, 0x30, 0x0, 0x0, 0xc,
    0xff, 0x60, 0x0, 0x0, 0x1, 0xef, 0xf4,

    /* U+0052 "R" */
    0xcf, 0xff, 0xff, 0xfd, 0x40, 0xcf, 0xff, 0xff,
    0xff, 0xe0, 0xcf, 0xf7, 0x55, 0xff, 0xf1, 0xcf,
    0xf3, 0x0, 0xef, 0xf1, 0xcf, 0xf3, 0x0, 0xef,
    0xf1, 0xcf, 0xf3, 0x0, 0xef, 0xf1, 0xcf, 0xf3,
    0x0, 0xef, 0xf1, 0xcf, 0xf4, 0x11, 0xef, 0xf1,
    0xcf, 0xff, 0xff, 0xff, 0xf0, 0xcf, 0xff, 0xff,
    0xff, 0x60, 0xcf, 0xf6, 0xbf, 0xf6, 0x0, 0xcf,
    0xf3, 0x5f, 0xfc, 0x0, 0xcf, 0xf3, 0xe, 0xff,
    0x20, 0xcf, 0xf3, 0x9, 0xff, 0x80, 0xcf, 0xf3,
    0x3, 0xff, 0xe0, 0xcf, 0xf3, 0x0, 0xdf, 0xf5,
    0xcf, 0xf3, 0x0, 0x7f, 0xfc,

    /* U+0053 "S" */
    0x3, 0xcf, 0xff, 0xfe, 0x70, 0xd, 0xff, 0xff,
    0xff, 0xf2, 0xf, 0xff, 0x55, 0xcf, 0xf6, 0x1f,
    0xfe, 0x0, 0x9f, 0xf6, 0x1f, 0xfe, 0x0, 0x9f,
    0xf6, 0x1f, 0xfe, 0x0, 0x24, 0x41, 0x1f, 0xfe,
    0x0, 0x0, 0x0, 0xf, 0xff, 0x44, 0x32, 0x0,
    0xd, 0xff, 0xff, 0xff, 0xc0, 0x3, 0xdf, 0xff,
    0xff, 0xf6, 0x0, 0x0, 0x0, 0x9f, 0xf7, 0x0,
    0x0, 0x0, 0x8f, 0xf7, 0xc, 0xcb, 0x0, 0x8f,
    0xf7, 0xf, 0xff, 0x0, 0x8f, 0xf7, 0xf, 0xff,
    0x65, 0xcf, 0xf7, 0xd, 0xff, 0xff, 0xff, 0xf4,
    0x3, 0xcf, 0xff, 0xfe, 0x80,

    /* U+0054 "T" */
    0xef, 0xff, 0xff, 0xff, 0xde, 0xff, 0xff, 0xff,
    0xfd, 0x8a, 0xaf, 0xff, 0xaa, 0x80, 0x0, 0xff,
    0xf0, 0x0, 0x0, 0xf, 0xff, 0x0, 0x0, 0x0,
    0xff, 0xf0, 0x0, 0x0, 0xf, 0xff, 0x0, 0x0,
    0x0, 0xff, 0xf0, 0x0, 0x0, 0xf, 0xff, 0x0,
    0x0, 0x0, 0xff, 0xf0, 0x0, 0x0, 0xf, 0xff,
    0x0, 0x0, 0x0, 0xff, 0xf0, 0x0, 0x0, 0xf,
    0xff, 0x0, 0x0, 0x0, 0xff, 0xf0, 0x0, 0x0,
    0xf, 0xff, 0x0, 0x0, 0x0, 0xff, 0xf0, 0x0,
    0x0, 0xf, 0xff, 0x0, 0x0,

    /* U+0055 "U" */
    0xcf, 0xf3, 0x0, 0xef, 0xf1, 0xcf, 0xf3, 0x0,
    0xef, 0xf1, 0xcf, 0xf3, 0x0, 0xef, 0xf1, 0xcf,
    0xf3, 0x0, 0xef, 0xf1, 0xcf, 0xf3, 0x0, 0xef,
    0xf1, 0xcf, 0xf3, 0x0, 0xef, 0xf1, 0xcf, 0xf3,
    0x0, 0xef, 0xf1, 0xcf, 0xf3, 0x0, 0xef, 0xf1,
    0xcf, 0xf3, 0x0, 0xef, 0xf1, 0xcf, 0xf3, 0x0,
    0xef, 0xf1, 0xcf, 0xf3, 0x0, 0xef, 0xf1, 0xcf,
    0xf3, 0x0, 0xef, 0xf1, 0xcf, 0xf3, 0x0, 0xef,
    0xf1, 0xcf, 0xf3, 0x0, 0xef, 0xf1, 0xcf, 0xf8,
    0x55, 0xff, 0xf0, 0x9f, 0xff, 0xff, 0xff, 0xd0,
    0x1b, 0xff, 0xff, 0xfc, 0x30,

    /* U+0056 "V" */
    0xbf, 0xf5, 0x0, 0x9, 0xff, 0x78, 0xff, 0x70,
    0x0, 0xbf, 0xf4, 0x5f, 0xfa, 0x0, 0xe, 0xff,
    0x12, 0xff, 0xc0, 0x0, 0xff, 0xe0, 0xf, 0xff,
    0x0, 0x3f, 0xfb, 0x0, 0xcf, 0xf1, 0x5, 0xff,
    0x80, 0x9, 0xff, 0x40, 0x8f, 0xf5, 0x0, 0x6f,
    0xf6, 0xa, 0xff, 0x20, 0x3, 0xff, 0x80, 0xdf,
    0xf0, 0x0, 0xf, 0xfb, 0xf, 0xfc, 0x0, 0x0,
    0xdf, 0xd2, 0xff, 0x90, 0x0, 0xa, 0xff, 0x5f,
    0xf6, 0x0, 0x0, 0x7f, 0xf9, 0xff, 0x30, 0x0,
    0x4, 0xff, 0xef, 0xf0, 0x0, 0x0, 0x1f, 0xff,
    0xfc, 0x0, 0x0, 0x0, 0xef, 0xff, 0x90, 0x0,
    0x0, 0xb, 0xff, 0xf6, 0x0, 0x0,

    /* U+0057 "W" */
    0xaf, 0xf6, 0x0, 0xe, 0xff, 0x60, 0x0, 0xcf,
    0xf3, 0x7f, 0xf8, 0x0, 0xf, 0xff, 0x90, 0x0,
    0xef, 0xf0, 0x5f, 0xfa, 0x0, 0x3f, 0xff, 0xb0,
    0x0, 0xff, 0xd0, 0x2f, 0xfc, 0x0, 0x5f, 0xff,
    0xe0, 0x2, 0xff, 0xb0, 0xf, 0xfe, 0x0, 0x8f,
    0xff, 0xf0, 0x4, 0xff, 0x80, 0xc, 0xff, 0x0,
    0xaf, 0xdf, 0xf3, 0x6, 0xff, 0x50, 0xa, 0xff,
    0x20, 0xdf, 0x9f, 0xf5, 0x9, 0xff, 0x30, 0x7,
    0xff, 0x40, 0xff, 0x6d, 0xf8, 0xb, 0xff, 0x0,
    0x4, 0xff, 0x62, 0xff, 0x3b, 0xfa, 0xd, 0xfd,
    0x0, 0x2, 0xff, 0x84, 0xff, 0x18, 0xfd, 0xf,
    0xfa, 0x0, 0x0, 0xff, 0xa7, 0xfe, 0x6, 0xff,
    0x1f, 0xf8, 0x0, 0x0, 0xcf, 0xc9, 0xfc, 0x3,
    0xff, 0x5f, 0xf5, 0x0, 0x0, 0x9f, 0xec, 0xfa,
    0x1, 0xff, 0xaf, 0xf2, 0x0, 0x0, 0x7f, 0xfe,
    0xf7, 0x0, 0xef, 0xef, 0xf0, 0x0, 0x0, 0x4f,
    0xff, 0xf5, 0x0, 0xcf, 0xff, 0xd0, 0x0, 0x0,
    0x1f, 0xff, 0xf2, 0x0, 0xaf, 0xff, 0xa0, 0x0,
    0x0, 0xf, 0xff, 0xf0, 0x0, 0x7f, 0xff, 0x70,
    0x0,

    /* U+0058 "X" */
    0x8f, 0xfc, 0x0, 0x1f, 0xff, 0x22, 0xff, 0xf1,
    0x5, 0xff, 0xb0, 0xb, 0xff, 0x60, 0xaf, 0xf5,
    0x0, 0x4f, 0xfb, 0xf, 0xfe, 0x0, 0x0, 0xdf,
    0xf5, 0xff, 0x80, 0x0, 0x7, 0xff, 0xef, 0xf2,
    0x0, 0x0, 0x1f, 0xff, 0xfb, 0x0, 0x0, 0x0,
    0xaf, 0xff, 0x50, 0x0, 0x0, 0x6, 0xff, 0xf2,
    0x0, 0x0, 0x0, 0xcf, 0xff, 0x80, 0x0, 0x0,
    0x3f, 0xff, 0xfe, 0x0, 0x0, 0xa, 0xff, 0xaf,
    0xf5, 0x0, 0x1, 0xff, 0xd2, 0xff, 0xc0, 0x0,
    0x7f, 0xf8, 0xc, 0xff, 0x30, 0xd, 0xff, 0x20,
    0x7f, 0xfa, 0x4, 0xff, 0xc0, 0x1, 0xff, 0xf1,
    0xbf, 0xf7, 0x0, 0xc, 0xff, 0x80,

    /* U+0059 "Y" */
    0xcf, 0xf4, 0x0, 0xa, 0xff, 0x56, 0xff, 0x80,
    0x0, 0xef, 0xf0, 0x1f, 0xfc, 0x0, 0x2f, 0xfb,
    0x0, 0xcf, 0xf0, 0x6, 0xff, 0x60, 0x7, 0xff,
    0x40, 0x9f, 0xf1, 0x0, 0x1f, 0xf8, 0xd, 0xfc,
    0x0, 0x0, 0xcf, 0xc1, 0xff, 0x70, 0x0, 0x7,
    0xff, 0x6f, 0xf2, 0x0, 0x0, 0x2f, 0xfd, 0xfd,
    0x0, 0x0, 0x0, 0xcf, 0xff, 0x80, 0x0, 0x0,
    0x7, 0xff, 0xf3, 0x0, 0x0, 0x0, 0x3f, 0xff,
    0x0, 0x0, 0x0, 0x1, 0xff, 0xe0, 0x0, 0x0,
    0x0, 0x1f, 0xfe, 0x0, 0x0, 0x0, 0x1, 0xff,
    0xe0, 0x0, 0x0, 0x0, 0x1f, 0xfe, 0x0, 0x0,
    0x0, 0x1, 0xff, 0xe0, 0x0, 0x0,

    /* U+005A "Z" */
    0x6f, 0xff, 0xff, 0xff, 0xf6, 0xff, 0xff, 0xff,
    0xff, 0x25, 0x55, 0x57, 0xff, 0xd0, 0x0, 0x0,
    0xaf, 0xf7, 0x0, 0x0, 0x1f, 0xfe, 0x0, 0x0,
    0x8, 0xff, 0x80, 0x0, 0x0, 0xef, 0xf1, 0x0,
    0x0, 0x7f, 0xfa, 0x0, 0x0, 0xe, 0xff, 0x20,
    0x0, 0x5, 0xff, 0xb0, 0x0, 0x0, 0xcf, 0xf4,
    0x0, 0x0, 0x4f, 0xfc, 0x0, 0x0, 0xb, 0xff,
    0x50, 0x0, 0x2, 0xff, 0xe0, 0x0, 0x0, 0x9f,
    0xfa, 0x55, 0x55, 0x4b, 0xff, 0xff, 0xff, 0xfd,
    0xbf, 0xff, 0xff, 0xff, 0xd0,

    /* U+005B "[" */
    0xaf, 0xff, 0xfe, 0xaf, 0xff, 0xfe, 0xaf, 0xf9,
    0x54, 0xaf, 0xf6, 0x0, 0xaf, 0xf6, 0x0, 0xaf,
    0xf6, 0x0, 0xaf, 0xf6, 0x0, 0xaf, 0xf6, 0x0,
    0xaf, 0xf6, 0x0, 0xaf, 0xf6, 0x0, 0xaf, 0xf6,
    0x0, 0xaf, 0xf6, 0x0, 0xaf, 0xf6, 0x0, 0xaf,
    0xf6, 0x0, 0xaf, 0xf6, 0x0, 0xaf, 0xf6, 0x0,
    0xaf, 0xf6, 0x0, 0xaf, 0xf6, 0x0, 0xaf, 0xf6,
    0x0, 0xaf, 0xf6, 0x0, 0xaf, 0xf6, 0x0, 0xaf,
    0xf6, 0x0, 0xaf, 0xf9, 0x54, 0xaf, 0xff, 0xfe,
    0xaf, 0xff, 0xfe,

    /* U+005C "\\" */
    0x38, 0x81, 0x0, 0x0, 0x0, 0x3, 0xff, 0x60,
    0x0, 0x0, 0x0, 0xe, 0xfc, 0x0, 0x0, 0x0,
    0x0, 0x8f, 0xf1, 0x0, 0x0, 0x0, 0x3, 0xff,
    0x60, 0x0, 0x0, 0x0, 0xd, 0xfc, 0x0, 0x0,
    0x0, 0x0, 0x8f, 0xf1, 0x0, 0x0, 0x0, 0x2,
    0xff, 0x70, 0x0, 0x0, 0x0, 0xd, 0xfc, 0x0,
    0x0, 0x0, 0x0, 0x8f, 0xf2, 0x0, 0x0, 0x0,
    0x2, 0xff, 0x70, 0x0, 0x0, 0x0, 0xd, 0xfd,
    0x0, 0x0, 0x0, 0x0, 0x7f, 0xf2, 0x0, 0x0,
    0x0, 0x2, 0xff, 0x80, 0x0, 0x0, 0x0, 0xc,
    0xfd, 0x0, 0x0, 0x0, 0x0, 0x7f, 0xf3, 0x0,
    0x0, 0x0, 0x1, 0xff, 0x80, 0x0, 0x0, 0x0,
    0xc, 0xfe, 0x0, 0x0, 0x0, 0x0, 0x6f, 0xf3,
    0x0, 0x0, 0x0, 0x1, 0xff, 0x90, 0x0, 0x0,
    0x0, 0xb, 0xfe, 0x0, 0x0, 0x0, 0x0, 0x6f,
    0xf4,

    /* U+005D "]" */
    0x1f, 0xff, 0xff, 0x61, 0xff, 0xff, 0xf6, 0x5,
    0x5b, 0xff, 0x60, 0x0, 0x9f, 0xf6, 0x0, 0x9,
    0xff, 0x60, 0x0, 0x9f, 0xf6, 0x0, 0x9, 0xff,
    0x60, 0x0, 0x9f, 0xf6, 0x0, 0x9, 0xff, 0x60,
    0x0, 0x9f, 0xf6, 0x0, 0x9, 0xff, 0x60, 0x0,
    0x9f, 0xf6, 0x0, 0x9, 0xff, 0x60, 0x0, 0x9f,
    0xf6, 0x0, 0x9, 0xff, 0x60, 0x0, 0x9f, 0xf6,
    0x0, 0x9, 0xff, 0x60, 0x0, 0x9f, 0xf6, 0x0,
    0x9, 0xff, 0x60, 0x0, 0x9f, 0xf6, 0x0, 0x9,
    0xff, 0x60, 0x0, 0x9f, 0xf6, 0x5, 0x5b, 0xff,
    0x61, 0xff, 0xff, 0xf6, 0x1f, 0xff, 0xff, 0x60,

    /* U+005E "^" */
    0x0, 0x0, 0x78, 0x87, 0x0, 0x0, 0x0, 0x4,
    0xff, 0xff, 0x40, 0x0, 0x0, 0xa, 0xff, 0xff,
    0xa0, 0x0, 0x0, 0xf, 0xfe, 0xef, 0xf0, 0x0,
    0x0, 0x5f, 0xf8, 0x8f, 0xf5, 0x0, 0x0, 0xbf,
    0xf3, 0x3f, 0xfb, 0x0, 0x1, 0xff, 0xe0, 0xe,
    0xff, 0x10, 0x6, 0xff, 0x90, 0x9, 0xff, 0x60,
    0xc, 0xff, 0x40, 0x4, 0xff, 0xc0, 0x1f, 0xfe,
    0x0, 0x0, 0xef, 0xf1,

    /* U+005F "_" */
    0x33, 0x33, 0x33, 0x33, 0x33, 0x33, 0x1f, 0xff,
    0xff, 0xff, 0xff, 0xff, 0xf5, 0xff, 0xff, 0xff,
    0xff, 0xff, 0xff, 0x50,

    /* U+0060 "`" */
    0x8, 0xaa, 0x10, 0x0, 0x3f, 0xfb, 0x0, 0x0,
    0x6f, 0xf5, 0x0, 0x0, 0x9f, 0xe0,

    /* U+0061 "a" */
    0x3, 0xdf, 0xfa, 0xcf, 0xf2, 0xd, 0xff, 0xff,
    0xff, 0xf2, 0xf, 0xff, 0x55, 0xff, 0xf2, 0x1f,
    0xfe, 0x0, 0xdf, 0xf2, 0x1f, 0xfe, 0x0, 0xdf,
    0xf2, 0x1f, 0xfe, 0x0, 0xdf, 0xf2, 0x1f, 0xff,
    0x0, 0xdf, 0xf2, 0x1f, 0xfe, 0x0, 0xdf, 0xf2,
    0x1f, 0xfe, 0x0, 0xdf, 0xf2, 0x1f, 0xfe, 0x0,
    0xdf, 0xf2, 0xf, 0xff, 0x55, 0xff, 0xf2, 0xd,
    0xff, 0xff, 0xff, 0xf2, 0x3, 0xdf, 0xfa, 0xdf,
    0xf2,

    /* U+0062 "b" */
    0xef, 0xf1, 0x0, 0x0, 0xe, 0xff, 0x10, 0x0,
    0x0, 0xef, 0xf1, 0x0, 0x0, 0xe, 0xff, 0x10,
    0x0, 0x0, 0xef, 0xf1, 0x0, 0x0, 0xe, 0xff,
    0x8f, 0xfe, 0x60, 0xef, 0xff, 0xff, 0xff, 0x2e,
    0xff, 0x85, 0xdf, 0xf5, 0xef, 0xf2, 0xa, 0xff,
    0x5e, 0xff, 0x10, 0xaf, 0xf5, 0xef, 0xf1, 0xa,
    0xff, 0x5e, 0xff, 0x10, 0xbf, 0xf6, 0xef, 0xf1,
    0xa, 0xff, 0x5e, 0xff, 0x10, 0xaf, 0xf5, 0xef,
    0xf1, 0xa, 0xff, 0x5e, 0xff, 0x85, 0xdf, 0xf5,
    0xef, 0xff, 0xff, 0xff, 0x2e, 0xff, 0x8f, 0xfe,
    0x60,

    /* U+0063 "c" */
    0x3, 0xcf, 0xff, 0xfd, 0x40, 0xd, 0xff, 0xff,
    0xff, 0xe0, 0xf, 0xff, 0x55, 0xef, 0xf2, 0x1f,
    0xfe, 0x0, 0xbf, 0xf2, 0x1f, 0xfe, 0x0, 0x46,
    0x60, 0x1f, 0xfe, 0x0, 0x0, 0x0, 0x1f, 0xfe,
    0x0, 0x0, 0x0, 0x1f, 0xfe, 0x0, 0x0, 0x0,
    0x1f, 0xfe, 0x0, 0x46, 0x61, 0x1f, 0xfe, 0x0,
    0xbf, 0xf2, 0xf, 0xff, 0x55, 0xef, 0xf2, 0xd,
    0xff, 0xff, 0xff, 0xe0, 0x3, 0xcf, 0xff, 0xfd,
    0x40,

    /* U+0064 "d" */
    0x0, 0x0, 0x0, 0xdf, 0xf2, 0x0, 0x0, 0x0,
    0xdf, 0xf2, 0x0, 0x0, 0x0, 0xdf, 0xf2, 0x0,
    0x0, 0x0, 0xdf, 0xf2, 0x0, 0x0, 0x0, 0xdf,
    0xf2, 0x3, 0xdf, 0xfa, 0xdf, 0xf2, 0xd, 0xff,
    0xff, 0xff, 0xf2, 0xf, 0xff, 0x55, 0xff, 0xf2,
    0x1f, 0xfe, 0x0, 0xef, 0xf2, 0x1f, 0xfe, 0x0,
    0xdf, 0xf2, 0x1f, 0xfe, 0x0, 0xdf, 0xf2, 0x1f,
    0xff, 0x0, 0xdf, 0xf2, 0x1f, 0xfe, 0x0, 0xdf,
    0xf2, 0x1f, 0xfe, 0x0, 0xdf, 0xf2, 0x1f, 0xfe,
    0x0, 0xdf, 0xf2, 0xf, 0xff, 0x55, 0xff, 0xf2,
    0xd, 0xff, 0xff, 0xff, 0xf2, 0x3, 0xdf, 0xfa,
    0xcf, 0xf2,

    /* U+0065 "e" */
    0x3, 0xcf, 0xff, 0xfe, 0x70, 0xd, 0xff, 0xff,
    0xff, 0xf3, 0xf, 0xfe, 0x33, 0xaf, 0xf6, 0xf,
    0xfd, 0x0, 0x7f, 0xf6, 0xf, 0xfd, 0x0, 0x7f,
    0xf6, 0xf, 0xfe, 0x88, 0xcf, 0xf7, 0xf, 0xff,
    0xff, 0xff, 0xf8, 0xf, 0xfe, 0x66, 0x66, 0x62,
    0xf, 0xfd, 0x0, 0x0, 0x0, 0xf, 0xfd, 0x0,
    0x7e, 0xe5, 0xf, 0xfe, 0x44, 0xbf, 0xf5, 0xd,
    0xff, 0xff, 0xff, 0xf2, 0x3, 0xcf, 0xff, 0xfe,
    0x60,

    /* U+0066 "f" */
    0x0, 0x8e, 0xff, 0x50, 0x5f, 0xff, 0xf5, 0x8,
    0xff, 0xb5, 0x10, 0x8f, 0xf6, 0x0, 0x8, 0xff,
    0x60, 0xd, 0xff, 0xff, 0xf5, 0xdf, 0xff, 0xff,
    0x54, 0xaf, 0xfa, 0x51, 0x8, 0xff, 0x60, 0x0,
    0x8f, 0xf6, 0x0, 0x8, 0xff, 0x60, 0x0, 0x8f,
    0xf6, 0x0, 0x8, 0xff, 0x60, 0x0, 0x8f, 0xf6,
    0x0, 0x8, 0xff, 0x60, 0x0, 0x8f, 0xf6, 0x0,
    0x8, 0xff, 0x60, 0x0, 0x8f, 0xf6, 0x0,

    /* U+0067 "g" */
    0x3, 0xdf, 0xfa, 0xcf, 0xf2, 0xd, 0xff, 0xff,
    0xff, 0xf2, 0xf, 0xff, 0x55, 0xff, 0xf2, 0x1f,
    0xfe, 0x0, 0xef, 0xf2, 0x1f, 0xfe, 0x0, 0xdf,
    0xf2, 0x1f, 0xfe, 0x0, 0xdf, 0xf2, 0x1f, 0xff,
    0x0, 0xdf, 0xf2, 0x1f, 0xfe, 0x0, 0xdf, 0xf2,
    0x1f, 0xfe, 0x0, 0xdf, 0xf2, 0x1f, 0xfe, 0x0,
    0xdf, 0xf2, 0xf, 0xff, 0x55, 0xff, 0xf2, 0xd,
    0xff, 0xff, 0xff, 0xf2, 0x3, 0xdf, 0xfa, 0xdf,
    0xf3, 0x0, 0x0, 0x0, 0xdf, 0xf2, 0x2, 0x44,
    0x44, 0xef, 0xf2, 0x9, 0xff, 0xff, 0xff, 0xe0,
    0x9, 0xff, 0xff, 0xfd, 0x40,

    /* U+0068 "h" */
    0xef, 0xf1, 0x0, 0x0, 0xe, 0xff, 0x10, 0x0,
    0x0, 0xef, 0xf1, 0x0, 0x0, 0xe, 0xff, 0x10,
    0x0, 0x0, 0xef, 0xf1, 0x0, 0x0, 0xe, 0xff,
    0x8f, 0xfe, 0x60, 0xef, 0xff, 0xff, 0xff, 0x2e,
    0xff, 0x85, 0xdf, 0xf5, 0xef, 0xf2, 0xa, 0xff,
    0x5e, 0xff, 0x10, 0xaf, 0xf5, 0xef, 0xf1, 0xa,
    0xff, 0x5e, 0xff, 0x10, 0xaf, 0xf5, 0xef, 0xf1,
    0xa, 0xff, 0x5e, 0xff, 0x10, 0xaf, 0xf5, 0xef,
    0xf1, 0xa, 0xff, 0x5e, 0xff, 0x10, 0xaf, 0xf5,
    0xef, 0xf1, 0xa, 0xff, 0x5e, 0xff, 0x10, 0xaf,
    0xf5,

    /* U+0069 "i" */
    0xff, 0xf2, 0xff, 0xf2, 0x99, 0x91, 0x0, 0x0,
    0x0, 0x0, 0xef, 0xf1, 0xef, 0xf1, 0xef, 0xf1,
    0xef, 0xf1, 0xef, 0xf1, 0xef, 0xf1, 0xef, 0xf1,
    0xef, 0xf1, 0xef, 0xf1, 0xef, 0xf1, 0xef, 0xf1,
    0xef, 0xf1, 0xef, 0xf1,

    /* U+006A "j" */
    0x0, 0xff, 0xf2, 0x0, 0xff, 0xf2, 0x0, 0x99,
    0x91, 0x0, 0x0, 0x0, 0x0, 0x0, 0x0, 0x0,
    0xef, 0xf1, 0x0, 0xef, 0xf1, 0x0, 0xef, 0xf1,
    0x0, 0xef, 0xf1, 0x0, 0xef, 0xf1, 0x0, 0xef,
    0xf1, 0x0, 0xef, 0xf1, 0x0, 0xef, 0xf1, 0x0,
    0xef, 0xf1, 0x0, 0xef, 0xf1, 0x0, 0xef, 0xf1,
    0x0, 0xef, 0xf1, 0x0, 0xef, 0xf1, 0x0, 0xef,
    0xf1, 0x4, 0xff, 0xf0, 0x3f, 0xff, 0xd0, 0x3f,
    0xfc, 0x30,

    /* U+006B "k" */
    0xef, 0xf1, 0x0, 0x0, 0x0, 0xef, 0xf1, 0x0,
    0x0, 0x0, 0xef, 0xf1, 0x0, 0x0, 0x0, 0xef,
    0xf1, 0x0, 0x0, 0x0, 0xef, 0xf1, 0x0, 0x0,
    0x0, 0xef, 0xf1, 0x2, 0xff, 0xe0, 0xef, 0xf1,
    0x9, 0xff, 0x70, 0xef, 0xf1, 0x1f, 0xff, 0x0,
    0xef, 0xf1, 0x7f, 0xf8, 0x0, 0xef, 0xf1, 0xef,
    0xf1, 0x0, 0xef, 0xf6, 0xff, 0xa0, 0x0, 0xef,
    0xfa, 0xff, 0x60, 0x0, 0xef, 0xf4, 0xff, 0xc0,
    0x0, 0xef, 0xf1, 0xcf, 0xf3, 0x0, 0xef, 0xf1,
    0x6f, 0xfa, 0x0, 0xef, 0xf1, 0xe, 0xff, 0x10,
    0xef, 0xf1, 0x9, 0xff, 0x80, 0xef, 0xf1, 0x2,
    0xff, 0xe0,

    /* U+006C "l" */
    0xef, 0xf1, 0xef, 0xf1, 0xef, 0xf1, 0xef, 0xf1,
    0xef, 0xf1, 0xef, 0xf1, 0xef, 0xf1, 0xef, 0xf1,
    0xef, 0xf1, 0xef, 0xf1, 0xef, 0xf1, 0xef, 0xf1,
    0xef, 0xf1, 0xef, 0xf1, 0xef, 0xf1, 0xef, 0xf1,
    0xef, 0xf1, 0xef, 0xf1,

    /* U+006D "m" */
    0xef, 0xf8, 0xff, 0xe6, 0x5e, 0xff, 0x90, 0xef,
    0xff, 0xff, 0xff, 0xff, 0xff, 0xf6, 0xef, 0xf8,
    0x5d, 0xff, 0xb5, 0xaf, 0xf9, 0xef, 0xf2, 0xa,
    0xff, 0x60, 0x5f, 0xf9, 0xef, 0xf1, 0xa, 0xff,
    0x50, 0x5f, 0xf9, 0xef, 0xf1, 0xa, 0xff, 0x50,
    0x5f, 0xf9, 0xef, 0xf1, 0xa, 0xff, 0x50, 0x5f,
    0xf9, 0xef, 0xf1, 0xa, 0xff, 0x50, 0x5f, 0xf9,
    0xef, 0xf1, 0xa, 0xff, 0x50, 0x5f, 0xf9, 0xef,
    0xf1, 0xa, 0xff, 0x50, 0x5f, 0xf9, 0xef, 0xf1,
    0xa, 0xff, 0x50, 0x5f, 0xf9, 0xef, 0xf1, 0xa,
    0xff, 0x50, 0x5f, 0xf9, 0xef, 0xf1, 0xa, 0xff,
    0x50, 0x5f, 0xf9,

    /* U+006E "n" */
    0xef, 0xf8, 0xff, 0xe6, 0xe, 0xff, 0xff, 0xff,
    0xf2, 0xef, 0xf8, 0x5d, 0xff, 0x5e, 0xff, 0x20,
    0xaf, 0xf5, 0xef, 0xf1, 0xa, 0xff, 0x5e, 0xff,
    0x10, 0xaf, 0xf5, 0xef, 0xf1, 0xa, 0xff, 0x5e,
    0xff, 0x10, 0xaf, 0xf5, 0xef, 0xf1, 0xa, 0xff,
    0x5e, 0xff, 0x10, 0xaf, 0xf5, 0xef, 0xf1, 0xa,
    0xff, 0x5e, 0xff, 0x10, 0xaf, 0xf5, 0xef, 0xf1,
    0xa, 0xff, 0x50,

    /* U+006F "o" */
    0x3, 0xdf, 0xff, 0xfe, 0x80, 0xd, 0xff, 0xff,
    0xff, 0xf4, 0xf, 0xff, 0x44, 0xaf, 0xf7, 0xf,
    0xfe, 0x0, 0x6f, 0xf7, 0xf, 0xfe, 0x0, 0x6f,
    0xf7, 0xf, 0xfe, 0x0, 0x6f, 0xf7, 0xf, 0xfe,
    0x0, 0x6f, 0xf7, 0xf, 0xff, 0x0, 0x8f, 0xf8,
    0xf, 0xfe, 0x0, 0x6f, 0xf7, 0xf, 0xfe, 0x0,
    0x6f, 0xf7, 0xf, 0xff, 0x44, 0xaf, 0xf7, 0xd,
    0xff, 0xff, 0xff, 0xf4, 0x3, 0xcf, 0xff, 0xfe,
    0x80,

    /* U+0070 "p" */
    0xef, 0xf8, 0xff, 0xe6, 0xe, 0xff, 0xff, 0xff,
    0xf2, 0xef, 0xf8, 0x5d, 0xff, 0x5e, 0xff, 0x20,
    0xaf, 0xf5, 0xef, 0xf1, 0xa, 0xff, 0x5e, 0xff,
    0x10, 0xaf, 0xf5, 0xef, 0xf1, 0xb, 0xff, 0x6e,
    0xff, 0x10, 0xaf, 0xf5, 0xef, 0xf1, 0xa, 0xff,
    0x5e, 0xff, 0x10, 0xaf, 0xf5, 0xef, 0xf8, 0x5d,
    0xff, 0x5e, 0xff, 0xff, 0xff, 0xf2, 0xef, 0xf8,
    0xff, 0xe6, 0xe, 0xff, 0x10, 0x0, 0x0, 0xef,
    0xf1, 0x0, 0x0, 0xe, 0xff, 0x10, 0x0, 0x0,
    0xef, 0xf1, 0x0, 0x0, 0x0,

    /* U+0071 "q" */
    0x3, 0xdf, 0xfa, 0xcf, 0xf2, 0xd, 0xff, 0xff,
    0xff, 0xf2, 0xf, 0xff, 0x55, 0xff, 0xf2, 0x1f,
    0xfe, 0x0, 0xef, 0xf2, 0x1f, 0xfe, 0x0, 0xdf,
    0xf2, 0x1f, 0xfe, 0x0, 0xdf, 0xf2, 0x1f, 0xff,
    0x0, 0xdf, 0xf2, 0x1f, 0xfe, 0x0, 0xdf, 0xf2,
    0x1f, 0xfe, 0x0, 0xdf, 0xf2, 0x1f, 0xfe, 0x0,
    0xdf, 0xf2, 0xf, 0xff, 0x55, 0xff, 0xf2, 0xd,
    0xff, 0xff, 0xff, 0xf2, 0x3, 0xdf, 0xfa, 0xdf,
    0xf2, 0x0, 0x0, 0x0, 0xdf, 0xf2, 0x0, 0x0,
    0x0, 0xdf, 0xf2, 0x0, 0x0, 0x0, 0xdf, 0xf2,
    0x0, 0x0, 0x0, 0xdf, 0xf2,

    /* U+0072 "r" */
    0xef, 0xf4, 0xdc, 0xef, 0xfe, 0xfc, 0xef, 0xfe,
    0x97, 0xef, 0xf4, 0x0, 0xef, 0xf2, 0x0, 0xef,
    0xf1, 0x0, 0xef, 0xf1, 0x0, 0xef, 0xf1, 0x0,
    0xef, 0xf1, 0x0, 0xef, 0xf1, 0x0, 0xef, 0xf1,
    0x0, 0xef, 0xf1, 0x0, 0xef, 0xf1, 0x0,

    /* U+0073 "s" */
    0x4, 0xdf, 0xff, 0xe8, 0x0, 0xef, 0xff, 0xff,
    0xf4, 0x2f, 0xfc, 0x28, 0xff, 0x73, 0xff, 0xa0,
    0x5f, 0xf8, 0x3f, 0xfa, 0x0, 0x0, 0x2, 0xff,
    0xc1, 0x10, 0x0, 0xf, 0xff, 0xff, 0xfc, 0x10,
    0x4d, 0xff, 0xff, 0xf7, 0x0, 0x0, 0x5, 0xff,
    0x91, 0x99, 0x70, 0x4f, 0xf9, 0x2f, 0xfd, 0x26,
    0xff, 0x90, 0xff, 0xff, 0xff, 0xf6, 0x4, 0xdf,
    0xff, 0xfa, 0x0,

    /* U+0074 "t" */
    0x4, 0x88, 0x20, 0x0, 0x9f, 0xf5, 0x0, 0x9,
    0xff, 0x50, 0xe, 0xff, 0xff, 0xf1, 0xef, 0xff,
    0xff, 0x14, 0xbf, 0xf9, 0x50, 0x9, 0xff, 0x50,
    0x0, 0x9f, 0xf5, 0x0, 0x9, 0xff, 0x50, 0x0,
    0x9f, 0xf5, 0x0, 0x9, 0xff, 0x50, 0x0, 0x9f,
    0xf5, 0x0, 0x9, 0xff, 0x50, 0x0, 0x9f, 0xfa,
    0x60, 0x6, 0xff, 0xff, 0x10, 0x9, 0xef, 0xf1,

    /* U+0075 "u" */
    0xff, 0xf0, 0xb, 0xff, 0x4f, 0xff, 0x0, 0xbf,
    0xf4, 0xff, 0xf0, 0xb, 0xff, 0x4f, 0xff, 0x0,
    0xbf, 0xf4, 0xff, 0xf0, 0xb, 0xff, 0x4f, 0xff,
    0x0, 0xbf, 0xf4, 0xff, 0xf0, 0xb, 0xff, 0x4f,
    0xff, 0x0, 0xbf, 0xf4, 0xff, 0xf0, 0xb, 0xff,
    0x4f, 0xff, 0x0, 0xcf, 0xf4, 0xef, 0xf6, 0x5e,
    0xff, 0x4b, 0xff, 0xff, 0xff, 0xf4, 0x2c, 0xff,
    0xcb, 0xff, 0x40,

    /* U+0076 "v" */
    0xdf, 0xf1, 0x0, 0xcf, 0xf2, 0x9f, 0xf4, 0x0,
    0xff, 0xe0, 0x6f, 0xf6, 0x1, 0xff, 0xb0, 0x3f,
    0xf9, 0x4, 0xff, 0x80, 0xf, 0xfb, 0x6, 0xff,
    0x50, 0xd, 0xfe, 0x9, 0xff, 0x20, 0x9, 0xff,
    0x1c, 0xfe, 0x0, 0x6, 0xff, 0x3e, 0xfb, 0x0,
    0x3, 0xff, 0x7f, 0xf8, 0x0, 0x0, 0xff, 0xcf,
    0xf5, 0x0, 0x0, 0xcf, 0xff, 0xf1, 0x0, 0x0,
    0x9f, 0xff, 0xe0, 0x0, 0x0, 0x6f, 0xff, 0xb0,
    0x0,

    /* U+0077 "w" */
    0xcf, 0xf0, 0x0, 0xff, 0xf3, 0x0, 0xdf, 0xe0,
    0x9f, 0xf1, 0x3, 0xff, 0xf5, 0x0, 0xff, 0xb0,
    0x6f, 0xf4, 0x6, 0xff, 0xf8, 0x2, 0xff, 0x80,
    0x3f, 0xf6, 0x8, 0xff, 0xfa, 0x4, 0xff, 0x50,
    0xf, 0xf8, 0xb, 0xfc, 0xfd, 0x7, 0xff, 0x20,
    0xd, 0xfb, 0xd, 0xf6, 0xff, 0x9, 0xff, 0x0,
    0xa, 0xfd, 0xf, 0xf1, 0xff, 0x2c, 0xfc, 0x0,
    0x7, 0xff, 0x3f, 0xe0, 0xdf, 0x4e, 0xf9, 0x0,
    0x4, 0xff, 0x7f, 0xc0, 0xaf, 0x8f, 0xf6, 0x0,
    0x1, 0xff, 0xcf, 0x90, 0x8f, 0xcf, 0xf3, 0x0,
    0x0, 0xef, 0xff, 0x60, 0x5f, 0xff, 0xf0, 0x0,
    0x0, 0xbf, 0xff, 0x40, 0x2f, 0xff, 0xd0, 0x0,
    0x0, 0x8f, 0xff, 0x10, 0xf, 0xff, 0xa0, 0x0,

    /* U+0078 "x" */
    0x9f, 0xf8, 0x0, 0xef, 0xf1, 0x1f, 0xfe, 0x3,
    0xff, 0xa0, 0x9, 0xff, 0x49, 0xff, 0x20, 0x2,
    0xff, 0xae, 0xfb, 0x0, 0x0, 0xaf, 0xff, 0xf4,
    0x0, 0x0, 0x3f, 0xff, 0xc0, 0x0, 0x0, 0xe,
    0xff, 0x80, 0x0, 0x0, 0x5f, 0xff, 0xe0, 0x0,
    0x0, 0xcf, 0xff, 0xf7, 0x0, 0x4, 0xff, 0x8d,
    0xfe, 0x0, 0xb, 0xff, 0x17, 0xff, 0x60, 0x3f,
    0xfb, 0x1, 0xff, 0xe0, 0xaf, 0xf5, 0x0, 0xaf,
    0xf6,

    /* U+0079 "y" */
    0xbf, 0xf4, 0x0, 0x6f, 0xf9, 0x8f, 0xf7, 0x0,
    0x8f, 0xf5, 0x4f, 0xfa, 0x0, 0xbf, 0xf2, 0x1f,
    0xfd, 0x0, 0xdf, 0xf0, 0xd, 0xff, 0x0, 0xff,
    0xc0, 0x9, 0xff, 0x23, 0xff, 0x80, 0x6, 0xff,
    0x55, 0xff, 0x50, 0x2, 0xff, 0x88, 0xff, 0x20,
    0x0, 0xff, 0xaa, 0xff, 0x0, 0x0, 0xbf, 0xdd,
    0xfc, 0x0, 0x0, 0x7f, 0xff, 0xf8, 0x0, 0x0,
    0x4f, 0xff, 0xf5, 0x0, 0x0, 0xf, 0xff, 0xf2,
    0x0, 0x0, 0x0, 0xaf, 0xf0, 0x0, 0x2, 0x46,
    0xff, 0xb0, 0x0, 0x7, 0xff, 0xff, 0x40, 0x0,
    0x7, 0xff, 0xd5, 0x0, 0x0,

    /* U+007A "z" */
    0x6f, 0xff, 0xff, 0xfe, 0x6, 0xff, 0xff, 0xff,
    0xe0, 0x14, 0x44, 0x8f, 0xfc, 0x0, 0x0, 0xd,
    0xff, 0x30, 0x0, 0x5, 0xff, 0xb0, 0x0, 0x0,
    0xdf, 0xf2, 0x0, 0x0, 0x6f, 0xfa, 0x0, 0x0,
    0xe, 0xff, 0x20, 0x0, 0x7, 0xff, 0x90, 0x0,
    0x1, 0xef, 0xf1, 0x0, 0x0, 0x8f, 0xfa, 0x44,
    0x44, 0xa, 0xff, 0xff, 0xff, 0xf0, 0xaf, 0xff,
    0xff, 0xff, 0x0,

    /* U+007B "{" */
    0x0, 0x7, 0xef, 0xf7, 0x0, 0x2f, 0xff, 0xf7,
    0x0, 0x5f, 0xfc, 0x31, 0x0, 0x5f, 0xfa, 0x0,
    0x0, 0x5f, 0xfa, 0x0, 0x0, 0x5f, 0xfa, 0x0,
    0x0, 0x5f, 0xfa, 0x0, 0x0, 0x5f, 0xfa, 0x0,
    0x0, 0x5f, 0xfa, 0x0, 0x0, 0x7f, 0xf9, 0x0,
    0x2, 0xdf, 0xf6, 0x0, 0xbf, 0xff, 0xb0, 0x0,
    0xbf, 0xff, 0x90, 0x0, 0x26, 0xff, 0xf5, 0x0,
    0x0, 0x8f, 0xf9, 0x0, 0x0, 0x5f, 0xfa, 0x0,
    0x0, 0x5f, 0xfa, 0x0, 0x0, 0x5f, 0xfa, 0x0,
    0x0, 0x5f, 0xfa, 0x0, 0x0, 0x5f, 0xfa, 0x0,
    0x0, 0x5f, 0xfa, 0x0, 0x0, 0x5f, 0xfa, 0x0,
    0x0, 0x5f, 0xfd, 0x31, 0x0, 0x1f, 0xff, 0xf7,
    0x0, 0x6, 0xef, 0xf7,

    /* U+007C "|" */
    0xaf, 0xf2, 0xaf, 0xf2, 0xaf, 0xf2, 0xaf, 0xf2,
    0xaf, 0xf2, 0xaf, 0xf2, 0xaf, 0xf2, 0xaf, 0xf2,
    0xaf, 0xf2, 0xaf, 0xf2, 0xaf, 0xf2, 0xaf, 0xf2,
    0xaf, 0xf2, 0xaf, 0xf2, 0xaf, 0xf2, 0xaf, 0xf2,
    0xaf, 0xf2, 0xaf, 0xf2, 0xaf, 0xf2, 0xaf, 0xf2,
    0xaf, 0xf2, 0xaf, 0xf2, 0xaf, 0xf2, 0xaf, 0xf2,

    /* U+007D "}" */
    0xcf, 0xfd, 0x30, 0x0, 0xcf, 0xff, 0xc0, 0x0,
    0x24, 0xff, 0xf0, 0x0, 0x0, 0xff, 0xf0, 0x0,
    0x0, 0xff, 0xf0, 0x0, 0x0, 0xff, 0xf0, 0x0,
    0x0, 0xff, 0xf0, 0x0, 0x0, 0xff, 0xf0, 0x0,
    0x0, 0xff, 0xf0, 0x0, 0x0, 0xff, 0xf1, 0x0,
    0x0, 0xcf, 0xfa, 0x10, 0x0, 0x3e, 0xff, 0xf6,
    0x0, 0x2c, 0xff, 0xf6, 0x0, 0xbf, 0xfc, 0x41,
    0x0, 0xff, 0xf3, 0x0, 0x0, 0xff, 0xf0, 0x0,
    0x0, 0xff, 0xf0, 0x0, 0x0, 0xff, 0xf0, 0x0,
    0x0, 0xff, 0xf0, 0x0, 0x0, 0xff, 0xf0, 0x0,
    0x0, 0xff, 0xf0, 0x0, 0x0, 0xff, 0xf0, 0x0,
    0x35, 0xff, 0xf0, 0x0, 0xcf, 0xff, 0xc0, 0x0,
    0xcf, 0xfc, 0x20, 0x0,

    /* U+007E "~" */
    0x0, 0x1, 0x0, 0x0, 0x0, 0x11, 0x0, 0x8f,
    0xff, 0xe5, 0x0, 0x7f, 0xf3, 0x1f, 0xff, 0xff,
    0xf8, 0x19, 0xff, 0x32, 0xff, 0x90, 0x6f, 0xff,
    0xff, 0xf2, 0x2f, 0xf8, 0x0, 0x3c, 0xff, 0xf8,
    0x0,

    /* U+00A0 " " */

    /* U+00A1 "¡" */
    0x8f, 0xf9, 0x8f, 0xf9, 0x8f, 0xf9, 0x59, 0x95,
    0x0, 0x0, 0x1, 0x10, 0x3f, 0xf4, 0x4f, 0xf5,
    0x4f, 0xf6, 0x5f, 0xf6, 0x6f, 0xf7, 0x7f, 0xf8,
    0x7f, 0xf9, 0x8f, 0xf9, 0x9f, 0xfa, 0xaf, 0xfb,
    0xaf, 0xfc,

    /* U+00A2 "¢" */
    0x0, 0x5, 0xff, 0x80, 0x0, 0x0, 0x5, 0xff,
    0x80, 0x0, 0x3, 0xcf, 0xff, 0xfd, 0x40, 0xd,
    0xff, 0xff, 0xff, 0xe0, 0xf, 0xff, 0x55, 0xef,
    0xf2, 0x1f, 0xfe, 0x0, 0xbf, 0xf2, 0x1f, 0xfe,
    0x0, 0x46, 0x60, 0x1f, 0xfe, 0x0, 0x0, 0x0,
    0x1f, 0xfe, 0x0, 0x0, 0x0, 0x1f, 0xfe, 0x0,
    0x0, 0x0, 0x1f, 0xfe, 0x0, 0x46, 0x61, 0x1f,
    0xfe, 0x0, 0xbf, 0xf2, 0xf, 0xff, 0x55, 0xef,
    0xf2, 0xd, 0xff, 0xff, 0xff, 0xe0, 0x3, 0xcf,
    0xff, 0xfd, 0x40, 0x0, 0x5, 0xff, 0x80, 0x0,
    0x0, 0x5, 0xff, 0x80, 0x0,

    /* U+00A3 "£" */
    0x0, 0x3c, 0xff, 0xff, 0xe5, 0x0, 0xd, 0xff,
    0xff, 0xff, 0xf1, 0x0, 0xff, 0xf6, 0x5d, 0xff,
    0x40, 0xf, 0xff, 0x0, 0xaf, 0xf5, 0x0, 0xff,
    0xf0, 0xa, 0xff, 0x50, 0xf, 0xff, 0x0, 0x24,
    0x41, 0x0, 0xff, 0xf0, 0x0, 0x0, 0x0, 0xf,
    0xff, 0x0, 0x0, 0x0, 0x4f, 0xff, 0xff, 0xff,
    0x80, 0x4, 0xff, 0xff, 0xff, 0xf8, 0x0, 0x4,
    0xff, 0xf3, 0x33, 0x10, 0x0, 0xf, 0xff, 0x0,
    0x0, 0x0, 0x0, 0xff, 0xf0, 0x0, 0x0, 0x0,
    0x2f, 0xfe, 0x0, 0x0, 0x0, 0x1a, 0xff, 0xb5,
    0x55, 0x55, 0x24, 0xff, 0xff, 0xff, 0xff, 0xf6,
    0x4f, 0xff, 0xff, 0xff, 0xff, 0x60,

    /* U+00A4 "¤" */
    0x1, 0x30, 0x0, 0x0, 0x4, 0x0, 0x1d, 0xf3,
    0x0, 0x0, 0xcf, 0x40, 0x6f, 0xff, 0xff, 0xff,
    0xff, 0xb0, 0x9, 0xff, 0xff, 0xff, 0xff, 0x10,
    0x9, 0xff, 0x42, 0x2a, 0xff, 0x20, 0xa, 0xfe,
    0x0, 0x6, 0xff, 0x30, 0xa, 0xfe, 0x0, 0x6,
    0xff, 0x30, 0xa, 0xfe, 0x0, 0x6, 0xff, 0x30,
    0xa, 0xfe, 0x0, 0x6, 0xff, 0x30, 0x9, 0xff,
    0x20, 0x9, 0xff, 0x20, 0xb, 0xff, 0xff, 0xff,
    0xff, 0x10, 0x7f, 0xff, 0xff, 0xff, 0xff, 0xc0,
    0xb, 0xe3, 0x22, 0x22, 0xbe, 0x30, 0x0, 0x20,
    0x0, 0x0, 0x2, 0x0,

    /* U+00A5 "¥" */
    0x8f, 0xf6, 0x0, 0x6, 0xff, 0xa3, 0xff, 0xa0,
    0x0, 0xaf, 0xf5, 0xe, 0xfe, 0x0, 0xd, 0xff,
    0x0, 0x9f, 0xf3, 0x1, 0xff, 0xa0, 0x3, 0xff,
    0x70, 0x5f, 0xf5, 0x0, 0xe, 0xfb, 0x9, 0xff,
    0x0, 0x0, 0x9f, 0xf0, 0xdf, 0xb0, 0x0, 0x15,
    0xff, 0x5f, 0xf7, 0x10, 0x4f, 0xff, 0xfd, 0xff,
    0xff, 0x64, 0xff, 0xff, 0xff, 0xff, 0xf6, 0x0,
    0x4, 0xff, 0xf6, 0x0, 0x4, 0xff, 0xff, 0xff,
    0xff, 0xf6, 0x4f, 0xff, 0xff, 0xff, 0xff, 0x60,
    0x11, 0x1f, 0xff, 0x21, 0x10, 0x0, 0x0, 0xef,
    0xf1, 0x0, 0x0, 0x0, 0xe, 0xff, 0x10, 0x0,
    0x0, 0x0, 0xef, 0xf1, 0x0, 0x0,

    /* U+00A6 "¦" */
    0xcf, 0xf4, 0xcf, 0xf4, 0xcf, 0xf4, 0xcf, 0xf4,
    0xcf, 0xf4, 0xcf, 0xf4, 0xcf, 0xf4, 0xcf, 0xf4,
    0xcf, 0xf4, 0x34, 0x41, 0x0, 0x0, 0x0, 0x0,
    0x34, 0x41, 0xcf, 0xf4, 0xcf, 0xf4, 0xcf, 0xf4,
    0xcf, 0xf4, 0xcf, 0xf4, 0xcf, 0xf4, 0xcf, 0xf4,
    0xcf, 0xf4, 0xcf, 0xf4,

    /* U+00A7 "§" */
    0x2, 0xcf, 0xff, 0xfe, 0x70, 0xb, 0xff, 0xff,
    0xff, 0xf3, 0xe, 0xff, 0x32, 0xbf, 0xf5, 0xe,
    0xff, 0x0, 0x48, 0x83, 0xe, 0xff, 0x10, 0x0,
    0x0, 0xc, 0xff, 0xff, 0xec, 0x40, 0xc, 0xff,
    0xff, 0xff, 0xf1, 0x4f, 0xf9, 0x44, 0xbf, 0xf4,
    0x7f, 0xf5, 0x0, 0x8f, 0xf4, 0x7f, 0xf5, 0x0,
    0x8f, 0xf4, 0x7f, 0xf5, 0x0, 0x8f, 0xf4, 0x6f,
    0xfb, 0x88, 0xdf, 0xf1, 0x2f, 0xff, 0xff, 0xff,
    0x90, 0x3, 0xab, 0xbd, 0xff, 0xa0, 0x0, 0x0,
    0x3, 0xff, 0xb0, 0x6a, 0xa4, 0x3, 0xff, 0xb0,
    0x8f, 0xf8, 0x26, 0xff, 0xb0, 0x5f, 0xff, 0xff,
    0xff, 0x80, 0x9, 0xef, 0xff, 0xfa, 0x10,

    /* U+00A8 "¨" */
    0x4c, 0xc7, 0x1, 0xcc, 0xb6, 0xff, 0xa0, 0x1f,
    0xff, 0x6f, 0xfa, 0x1, 0xff, 0xf0,

    /* U+00A9 "©" */
    0x0, 0x19, 0xdf, 0xff, 0xff, 0xff, 0xd9, 0x20,
    0x0, 0x3e, 0xff, 0xff, 0xff, 0xff, 0xff, 0xff,
    0x30, 0xd, 0xff, 0x71, 0x0, 0x0, 0x1, 0x6f,
    0xfe, 0x5, 0xff, 0x50, 0x0, 0x0, 0x0, 0x0,
    0x5f, 0xf5, 0x9f, 0xe0, 0x3, 0xce, 0xee, 0xc4,
    0x0, 0xef, 0xac, 0xfa, 0x0, 0xdf, 0xff, 0xff,
    0xd0, 0xa, 0xfd, 0xef, 0x80, 0xe, 0xf7, 0x6,
    0xff, 0x0, 0x8f, 0xee, 0xf8, 0x0, 0xff, 0x60,
    0x26, 0x60, 0x8, 0xff, 0xff, 0x80, 0xf, 0xf6,
    0x0, 0x0, 0x0, 0x8f, 0xfe, 0xf8, 0x0, 0xff,
    0x60, 0x15, 0x40, 0x8, 0xff, 0xef, 0x80, 0xf,
    0xf6, 0x6, 0xff, 0x0, 0x8f, 0xec, 0xfa, 0x0,
    0xdf, 0xfe, 0xff, 0xe0, 0xa, 0xfd, 0xaf, 0xd0,
    0x4, 0xef, 0xff, 0xe5, 0x0, 0xdf, 0xa5, 0xff,
    0x50, 0x0, 0x0, 0x0, 0x0, 0x5f, 0xf6, 0xe,
    0xff, 0x61, 0x0, 0x0, 0x1, 0x6f, 0xfe, 0x0,
    0x3f, 0xff, 0xff, 0xff, 0xff, 0xff, 0xff, 0x40,
    0x0, 0x29, 0xdf, 0xff, 0xff, 0xff, 0xd9, 0x20,
    0x0,

    /* U+00AA "ª" */
    0xc, 0xff, 0xcf, 0x84, 0xfd, 0x9d, 0xf8, 0x5f,
    0x80, 0x7f, 0x85, 0xf8, 0x6, 0xf8, 0x6f, 0x90,
    0x6f, 0x85, 0xf8, 0x6, 0xf8, 0x5f, 0x80, 0x7f,
    0x84, 0xfd, 0x9d, 0xf8, 0xc, 0xff, 0xdf, 0x80,

    /* U+00AB "«" */
    0x0, 0x0, 0x22, 0x10, 0x2, 0x22, 0x0, 0x0,
    0xaf, 0xf4, 0x5, 0xff, 0x90, 0x0, 0x6f, 0xf8,
    0x2, 0xff, 0xd0, 0x0, 0x2f, 0xfc, 0x0, 0xcf,
    0xf2, 0x0, 0xd, 0xfe, 0x10, 0x8f, 0xf6, 0x0,
    0x0, 0xcf, 0xf2, 0x6, 0xff, 0x80, 0x0, 0x1,
    0xef, 0xd0, 0xb, 0xff, 0x40, 0x0, 0x4, 0xff,
    0xa0, 0x1e, 0xfe, 0x10, 0x0, 0x8, 0xff, 0x60,
    0x3f, 0xfb, 0x0,

    /* U+00AC "¬" */
    0x0, 0x0, 0x0, 0x0, 0x11, 0xf, 0xff, 0xff,
    0xff, 0xff, 0xf8, 0xff, 0xff, 0xff, 0xff, 0xff,
    0x8f, 0xff, 0xff, 0xff, 0xff, 0xf8, 0x0, 0x0,
    0x0, 0x0, 0xaf, 0x80, 0x0, 0x0, 0x0, 0xa,
    0xf8, 0x0, 0x0, 0x0, 0x0, 0xaf, 0x80, 0x0,
    0x0, 0x0, 0xa, 0xf8,

    /* U+00AD "­" */
    0x33, 0x33, 0x33, 0x1f, 0xff, 0xff, 0xf5, 0xff,
    0xff, 0xff, 0x50,

    /* U+00AE "®" */
    0x0, 0xaf, 0xff, 0xff, 0xb2, 0x0, 0x9e, 0x53,
    0x33, 0x4d, 0xd0, 0xf, 0x70, 0xcd, 0xd1, 0x3f,
    0x31, 0xf4, 0xd, 0x4e, 0x20, 0xf5, 0x2f, 0x40,
    0xdb, 0xf2, 0xf, 0x61, 0xf4, 0xd, 0xbb, 0x0,
    0xf6, 0xf, 0x60, 0xd4, 0xf2, 0x2f, 0x40, 0xbd,
    0x22, 0x2, 0x2a, 0xf0, 0x2, 0xdf, 0xff, 0xff,
    0xe4, 0x0, 0x0, 0x23, 0x33, 0x20, 0x0,

    /* U+00AF "¯" */
    0x1, 0x11, 0x11, 0x11, 0x13, 0xff, 0xff, 0xff,
    0xfb, 0x3f, 0xff, 0xff, 0xff, 0xb0,

    /* U+00B0 "°" */
    0xa, 0xff, 0xff, 0xe7, 0x8, 0xff, 0xff, 0xff,
    0xf2, 0xbf, 0xf2, 0x18, 0xff, 0x5b, 0xff, 0x0,
    0x6f, 0xf5, 0xbf, 0xf0, 0x6, 0xff, 0x5b, 0xff,
    0x21, 0x8f, 0xf5, 0x8f, 0xff, 0xff, 0xff, 0x20,
    0xaf, 0xff, 0xfe, 0x70,

    /* U+00B1 "±" */
    0x0, 0x0, 0x48, 0x82, 0x0, 0x0, 0x0, 0x0,
    0x8f, 0xf5, 0x0, 0x0, 0x15, 0x55, 0xbf, 0xf8,
    0x55, 0x50, 0x4f, 0xff, 0xff, 0xff, 0xff, 0xf0,
    0x4f, 0xff, 0xff, 0xff, 0xff, 0xf0, 0x0, 0x0,
    0x8f, 0xf5, 0x0, 0x0, 0x0, 0x0, 0x7e, 0xe4,
    0x0, 0x0, 0x15, 0x55, 0x55, 0x55, 0x55, 0x50,
    0x4f, 0xff, 0xff, 0xff, 0xff, 0xf0, 0x4f, 0xff,
    0xff, 0xff, 0xff, 0xf0,

    /* U+00B2 "²" */
    0x5f, 0xff, 0xe2, 0xaf, 0x9c, 0xf5, 0xaf, 0x48,
    0xf5, 0x1, 0xb, 0xf3, 0x0, 0x5f, 0xb0, 0x2,
    0xef, 0x10, 0xc, 0xf5, 0x0, 0x7f, 0xe7, 0x73,
    0xaf, 0xff, 0xf6,

    /* U+00B3 "³" */
    0x4f, 0xff, 0xe2, 0x9f, 0x9b, 0xf7, 0x9e, 0x47,
    0xf7, 0x0, 0x8, 0xf7, 0x0, 0xbf, 0xf3, 0x0,
    0x29, 0xf6, 0x7c, 0x37, 0xf7, 0x9f, 0x9a, 0xf7,
    0x5f, 0xff, 0xe3,

    /* U+00B4 "´" */
    0x0, 0x8a, 0x91, 0x6, 0xff, 0x80, 0x1f, 0xfb,
    0x0, 0xaf, 0xd0, 0x0,

    /* U+00B5 "µ" */
    0xff, 0xf0, 0xb, 0xff, 0x4f, 0xff, 0x0, 0xbf,
    0xf4, 0xff, 0xf0, 0xb, 0xff, 0x4f, 0xff, 0x0,
    0xbf, 0xf4, 0xff, 0xf0, 0xb, 0xff, 0x4f, 0xff,
    0x0, 0xbf, 0xf4, 0xff, 0xf0, 0xb, 0xff, 0x4f,
    0xff, 0x0, 0xbf, 0xf4, 0xff, 0xf0, 0xb, 0xff,
    0x4f, 0xff, 0x0, 0xcf, 0xf4, 0xff, 0xf6, 0x5e,
    0xff, 0x4f, 0xff, 0xff, 0xff, 0xf4, 0xff, 0xff,
    0xcb, 0xff, 0x4f, 0xff, 0x0, 0x0, 0x0, 0xff,
    0xf0, 0x0, 0x0, 0xf, 0xff, 0x0, 0x0, 0x0,
    0xff, 0xf0, 0x0, 0x0, 0x0,

    /* U+00B6 "¶" */
    0x2b, 0xff, 0xff, 0xc0, 0x6f, 0xf1, 0xaf, 0xff,
    0xff, 0xc0, 0x6f, 0xf1, 0xdf, 0xff, 0xff, 0xc0,
    0x6f, 0xf1, 0xef, 0xff, 0xff, 0xc0, 0x6f, 0xf1,
    0xef, 0xff, 0xff, 0xc0, 0x6f, 0xf1, 0xef, 0xff,
    0xff, 0xc0, 0x6f, 0xf1, 0xef, 0xff, 0xff, 0xc0,
    0x6f, 0xf1, 0xef, 0xff, 0xff, 0xc0, 0x6f, 0xf1,
    0xdf, 0xff, 0xff, 0xc0, 0x6f, 0xf1, 0x9f, 0xff,
    0xff, 0xc0, 0x6f, 0xf1, 0x19, 0xdd, 0xff, 0xc0,
    0x6f, 0xf1, 0x0, 0x0, 0xcf, 0xc0, 0x6f, 0xf1,
    0x0, 0x0, 0xcf, 0xc0, 0x6f, 0xf1, 0x0, 0x0,
    0xcf, 0xc0, 0x6f, 0xf1, 0x0, 0x0, 0xcf, 0xc0,
    0x6f, 0xf1, 0x0, 0x0, 0xcf, 0xc0, 0x6f, 0xf1,
    0x0, 0x0, 0xcf, 0xc0, 0x6f, 0xf1, 0x0, 0x0,
    0xcf, 0xc0, 0x6f, 0xf1, 0x0, 0x0, 0xcf, 0xc0,
    0x6f, 0xf1, 0x0, 0x0, 0xcf, 0xc0, 0x6f, 0xf1,
    0x0, 0x0, 0xcf, 0xc0, 0x6f, 0xf1,

    /* U+00B7 "·" */
    0x7, 0x77, 0x10, 0xff, 0xf2, 0xf, 0xff, 0x20,
    0xff, 0xf2,

    /* U+00B8 "¸" */
    0x0, 0xbf, 0xf1, 0x13, 0xdf, 0xf1, 0xaf, 0xff,
    0xd0, 0xaf, 0xfc, 0x30,

    /* U+00B9 "¹" */
    0xbf, 0xf5, 0x4c, 0xf5, 0xa, 0xf5, 0xa, 0xf5,
    0xa, 0xf5, 0xa, 0xf5, 0xa, 0xf5, 0xa, 0xf5,
    0xa, 0xf5,

    /* U+00BA "º" */
    0xb, 0xff, 0xfc, 0x14, 0xfc, 0x7b, 0xf6, 0x5f,
    0x90, 0x7f, 0x65, 0xf9, 0x7, 0xf6, 0x5f, 0x90,
    0x7f, 0x66, 0xfa, 0x8, 0xf7, 0x5f, 0x90, 0x7f,
    0x64, 0xfc, 0x6b, 0xf6, 0xc, 0xff, 0xfc, 0x10,

    /* U+00BB "»" */
    0x2, 0x22, 0x0, 0x22, 0x20, 0x0, 0x0, 0xbf,
    0xf3, 0x6, 0xff, 0x90, 0x0, 0x1, 0xef, 0xe1,
    0xa, 0xff, 0x40, 0x0, 0x3, 0xff, 0xb0, 0xd,
    0xfe, 0x10, 0x0, 0x7, 0xff, 0x70, 0x2f, 0xfc,
    0x0, 0x0, 0x9f, 0xf5, 0x4, 0xff, 0xa0, 0x0,
    0x5f, 0xf9, 0x1, 0xef, 0xd0, 0x0, 0x2f, 0xfd,
    0x0, 0xbf, 0xf3, 0x0, 0xc, 0xff, 0x20, 0x7f,
    0xf7, 0x0, 0x0,

    /* U+00BF "¿" */
    0x0, 0xa, 0xff, 0x80, 0x0, 0x0, 0xaf, 0xf8,
    0x0, 0x0, 0xa, 0xff, 0x80, 0x0, 0x0, 0x59,
    0x95, 0x0, 0x0, 0x0, 0x0, 0x0, 0x0, 0x0,
    0x0, 0x0, 0x0, 0x0, 0x5, 0xff, 0x30, 0x0,
    0x0, 0x6f, 0xf4, 0x0, 0x8, 0xef, 0xff, 0x50,
    0x4, 0xff, 0xff, 0xf6, 0x0, 0x7f, 0xf9, 0x0,
    0x0, 0x7, 0xff, 0x80, 0x0, 0x0, 0x7f, 0xf8,
    0x0, 0xaa, 0x97, 0xff, 0x80, 0xf, 0xff, 0x7f,
    0xfb, 0x34, 0xff, 0xf4, 0xff, 0xff, 0xff, 0xfc,
    0x8, 0xef, 0xff, 0xfc, 0x20,

    /* U+00C0 "À" */
    0x6, 0xff, 0xa0, 0x0, 0x0, 0x0, 0x9, 0xff,
    0x40, 0x0, 0x0, 0x0, 0xc, 0xfd, 0x0, 0x0,
    0x0, 0x0, 0x1a, 0xa3, 0x0, 0x0, 0x0, 0x9,
    0xff, 0xfa, 0x0, 0x0, 0x0, 0xcf, 0xff, 0xd0,
    0x0, 0x0, 0xf, 0xff, 0xff, 0x0, 0x0, 0x2,
    0xff, 0xdf, 0xf4, 0x0, 0x0, 0x5f, 0xf7, 0xff,
    0x70, 0x0, 0x8, 0xff, 0x2f, 0xfa, 0x0, 0x0,
    0xcf, 0xe0, 0xdf, 0xd0, 0x0, 0xf, 0xfc, 0xa,
    0xff, 0x10, 0x2, 0xff, 0x90, 0x8f, 0xf4, 0x0,
    0x5f, 0xf7, 0x5, 0xff, 0x70, 0x8, 0xff, 0x40,
    0x2f, 0xfa, 0x0, 0xbf, 0xff, 0xff, 0xff, 0xe0,
    0xe, 0xff, 0xff, 0xff, 0xff, 0x11, 0xff, 0xd4,
    0x44, 0xbf, 0xf4, 0x4f, 0xf9, 0x0, 0x7, 0xff,
    0x78, 0xff, 0x70, 0x0, 0x4f, 0xfb, 0xbf, 0xf4,
    0x0, 0x1, 0xff, 0xe0,

    /* U+00C1 "Á" */
    0x0, 0x0, 0x0, 0xbf, 0xf5, 0x0, 0x0, 0x0,
    0x5f, 0xf8, 0x0, 0x0, 0x0, 0xe, 0xfb, 0x0,
    0x0, 0x0, 0x4, 0xa9, 0x0, 0x0, 0x0, 0x9,
    0xff, 0xfa, 0x0, 0x0, 0x0, 0xcf, 0xff, 0xd0,
    0x0, 0x0, 0xf, 0xff, 0xff, 0x0, 0x0, 0x2,
    0xff, 0xdf, 0xf4, 0x0, 0x0, 0x5f, 0xf7, 0xff,
    0x70, 0x0, 0x8, 0xff, 0x2f, 0xfa, 0x0, 0x0,
    0xcf, 0xe0, 0xdf, 0xd0, 0x0, 0xf, 0xfc, 0xa,
    0xff, 0x10, 0x2, 0xff, 0x90, 0x8f, 0xf4, 0x0,
    0x5f, 0xf7, 0x5, 0xff, 0x70, 0x8, 0xff, 0x40,
    0x2f, 0xfa, 0x0, 0xbf, 0xff, 0xff, 0xff, 0xe0,
    0xe, 0xff, 0xff, 0xff, 0xff, 0x11, 0xff, 0xd4,
    0x44, 0xbf, 0xf4, 0x4f, 0xf9, 0x0, 0x7, 0xff,
    0x78, 0xff, 0x70, 0x0, 0x4f, 0xfb, 0xbf, 0xf4,
    0x0, 0x1, 0xff, 0xe0,

    /* U+00C2 "Â" */
    0x0, 0x6, 0xff, 0xf6, 0x0, 0x0, 0x2, 0xff,
    0xef, 0xf3, 0x0, 0x0, 0xdf, 0xd1, 0xdf, 0xd1,
    0x0, 0x5a, 0xa3, 0x3, 0xaa, 0x50, 0x0, 0x9,
    0xff, 0xfa, 0x0, 0x0, 0x0, 0xcf, 0xff, 0xd0,
    0x0, 0x0, 0xf, 0xff, 0xff, 0x0, 0x0, 0x2,
    0xff, 0xdf, 0xf4, 0x0, 0x0, 0x5f, 0xf7, 0xff,
    0x70, 0x0, 0x8, 0xff, 0x2f, 0xfa, 0x0, 0x0,
    0xcf, 0xe0, 0xdf, 0xd0, 0x0, 0xf, 0xfc, 0xa,
    0xff, 0x10, 0x2, 0xff, 0x90, 0x8f, 0xf4, 0x0,
    0x5f, 0xf7, 0x5, 0xff, 0x70, 0x8, 0xff, 0x40,
    0x2f, 0xfa, 0x0, 0xbf, 0xff, 0xff, 0xff, 0xe0,
    0xe, 0xff, 0xff, 0xff, 0xff, 0x11, 0xff, 0xd4,
    0x44, 0xbf, 0xf4, 0x4f, 0xf9, 0x0, 0x7, 0xff,
    0x78, 0xff, 0x70, 0x0, 0x4f, 0xfb, 0xbf, 0xf4,
    0x0, 0x1, 0xff, 0xe0,

    /* U+00C3 "Ã" */
    0x2, 0xdf, 0xd6, 0xf, 0xf6, 0x0, 0x9f, 0xff,
    0xff, 0xff, 0x50, 0xb, 0xfc, 0x18, 0xff, 0xb0,
    0x0, 0x0, 0x0, 0x0, 0x0, 0x0, 0x0, 0x9,
    0xff, 0xfa, 0x0, 0x0, 0x0, 0xcf, 0xff, 0xd0,
    0x0, 0x0, 0xf, 0xff, 0xff, 0x0, 0x0, 0x2,
    0xff, 0xdf, 0xf4, 0x0, 0x0, 0x5f, 0xf7, 0xff,
    0x70, 0x0, 0x8, 0xff, 0x2f, 0xfa, 0x0, 0x0,
    0xcf, 0xe0, 0xdf, 0xd0, 0x0, 0xf, 0xfc, 0xa,
    0xff, 0x10, 0x2, 0xff, 0x90, 0x8f, 0xf4, 0x0,
    0x5f, 0xf7, 0x5, 0xff, 0x70, 0x8, 0xff, 0x40,
    0x2f, 0xfa, 0x0, 0xbf, 0xff, 0xff, 0xff, 0xe0,
    0xe, 0xff, 0xff, 0xff, 0xff, 0x11, 0xff, 0xd4,
    0x44, 0xbf, 0xf4, 0x4f, 0xf9, 0x0, 0x7, 0xff,
    0x78, 0xff, 0x70, 0x0, 0x4f, 0xfb, 0xbf, 0xf4,
    0x0, 0x1, 0xff, 0xe0,

    /* U+00C4 "Ä" */
    0xa, 0xff, 0x60, 0x5f, 0xfa, 0x0, 0xaf, 0xf6,
    0x5, 0xff, 0xa0, 0x8, 0xcc, 0x40, 0x4c, 0xc8,
    0x0, 0x0, 0x9f, 0xff, 0xa0, 0x0, 0x0, 0xc,
    0xff, 0xfd, 0x0, 0x0, 0x0, 0xff, 0xff, 0xf0,
    0x0, 0x0, 0x2f, 0xfd, 0xff, 0x40, 0x0, 0x5,
    0xff, 0x7f, 0xf7, 0x0, 0x0, 0x8f, 0xf2, 0xff,
    0xa0, 0x0, 0xc, 0xfe, 0xd, 0xfd, 0x0, 0x0,
    0xff, 0xc0, 0xaf, 0xf1, 0x0, 0x2f, 0xf9, 0x8,
    0xff, 0x40, 0x5, 0xff, 0x70, 0x5f, 0xf7, 0x0,
    0x8f, 0xf4, 0x2, 0xff, 0xa0, 0xb, 0xff, 0xff,
    0xff, 0xfe, 0x0, 0xef, 0xff, 0xff, 0xff, 0xf1,
    0x1f, 0xfd, 0x44, 0x4b, 0xff, 0x44, 0xff, 0x90,
    0x0, 0x7f, 0xf7, 0x8f, 0xf7, 0x0, 0x4, 0xff,
    0xbb, 0xff, 0x40, 0x0, 0x1f, 0xfe,

    /* U+00C5 "Å" */
    0x0, 0x0, 0x22, 0x20, 0x0, 0x0, 0x2, 0xef,
    0xff, 0xf3, 0x0, 0x0, 0x7f, 0xb5, 0xaf, 0x80,
    0x0, 0x7, 0xf9, 0x28, 0xf9, 0x0, 0x0, 0x3f,
    0xff, 0xff, 0x40, 0x0, 0x0, 0x25, 0x55, 0x20,
    0x0, 0x0, 0x9, 0xff, 0xfa, 0x0, 0x0, 0x0,
    0xcf, 0xff, 0xd0, 0x0, 0x0, 0xf, 0xff, 0xff,
    0x0, 0x0, 0x2, 0xff, 0xdf, 0xf4, 0x0, 0x0,
    0x5f, 0xf7, 0xff, 0x70, 0x0, 0x8, 0xff, 0x2f,
    0xfa, 0x0, 0x0, 0xcf, 0xe0, 0xdf, 0xd0, 0x0,
    0xf, 0xfc, 0xa, 0xff, 0x10, 0x2, 0xff, 0x90,
    0x8f, 0xf4, 0x0, 0x5f, 0xf7, 0x5, 0xff, 0x70,
    0x8, 0xff, 0x40, 0x2f, 0xfa, 0x0, 0xbf, 0xff,
    0xff, 0xff, 0xe0, 0xe, 0xff, 0xff, 0xff, 0xff,
    0x11, 0xff, 0xd4, 0x44, 0xbf, 0xf4, 0x4f, 0xf9,
    0x0, 0x7, 0xff, 0x78, 0xff, 0x70, 0x0, 0x4f,
    0xfb, 0xbf, 0xf4, 0x0, 0x1, 0xff, 0xe0,

    /* U+00C6 "Æ" */
    0x0, 0x0, 0x0, 0xcf, 0xff, 0xff, 0xff, 0xfc,
    0x0, 0x0, 0x2, 0xff, 0xff, 0xff, 0xff, 0xfc,
    0x0, 0x0, 0x7, 0xff, 0xff, 0xf5, 0x55, 0x53,
    0x0, 0x0, 0xd, 0xfe, 0xff, 0xf0, 0x0, 0x0,
    0x0, 0x0, 0x3f, 0xf8, 0xff, 0xf0, 0x0, 0x0,
    0x0, 0x0, 0x9f, 0xf3, 0xff, 0xf0, 0x0, 0x0,
    0x0, 0x0, 0xef, 0xd0, 0xff, 0xf0, 0x0, 0x0,
    0x0, 0x5, 0xff, 0x70, 0xff, 0xff, 0xff, 0xf0,
    0x0, 0xb, 0xff, 0x20, 0xff, 0xff, 0xff, 0xf0,
    0x0, 0x1f, 0xfc, 0x0, 0xff, 0xf5, 0x55, 0x50,
    0x0, 0x6f, 0xf7, 0x0, 0xff, 0xf0, 0x0, 0x0,
    0x0, 0xcf, 0xff, 0xff, 0xff, 0xf0, 0x0, 0x0,
    0x2, 0xff, 0xff, 0xff, 0xff, 0xf0, 0x0, 0x0,
    0x8, 0xff, 0x84, 0x44, 0xff, 0xf0, 0x0, 0x0,
    0xe, 0xff, 0x10, 0x0, 0xff, 0xf5, 0x55, 0x55,
    0x4f, 0xfb, 0x0, 0x0, 0xff, 0xff, 0xff, 0xff,
    0x9f, 0xf5, 0x0, 0x0, 0xff, 0xff, 0xff, 0xff,

    /* U+00C7 "Ç" */
    0x1b, 0xff, 0xff, 0xfb, 0x1a, 0xff, 0xff, 0xff,
    0xf9, 0xdf, 0xf6, 0x36, 0xff, 0xde, 0xff, 0x20,
    0x3f, 0xfd, 0xef, 0xf2, 0x3, 0xff, 0xde, 0xff,
    0x20, 0x19, 0x98, 0xef, 0xf2, 0x0, 0x0, 0xe,
    0xff, 0x20, 0x0, 0x0, 0xef, 0xf2, 0x0, 0x0,
    0xe, 0xff, 0x20, 0x0, 0x0, 0xef, 0xf2, 0x0,
    0x0, 0xe, 0xff, 0x20, 0x18, 0x87, 0xef, 0xf2,
    0x3, 0xff, 0xde, 0xff, 0x20, 0x3f, 0xfd, 0xdf,
    0xf6, 0x37, 0xff, 0xda, 0xff, 0xff, 0xff, 0xf9,
    0x1b, 0xff, 0xff, 0xfb, 0x10, 0x0, 0x0, 0x0,
    0x0, 0x0, 0xc, 0xdc, 0x0, 0x0, 0x0, 0xff,
    0xe0, 0x0, 0xd, 0xff, 0xfb, 0x0, 0x0, 0xdf,
    0xfe, 0x30, 0x0, 0x2, 0x32, 0x0, 0x0, 0x0,

    /* U+00C8 "È" */
    0x9f, 0xf7, 0x0, 0x0, 0x0, 0xcf, 0xf1, 0x0,
    0x0, 0x1, 0xef, 0xb0, 0x0, 0x0, 0x3, 0xaa,
    0x20, 0x0, 0xcf, 0xff, 0xff, 0xff, 0xc, 0xff,
    0xff, 0xff, 0xf0, 0xcf, 0xf8, 0x55, 0x55, 0xc,
    0xff, 0x40, 0x0, 0x0, 0xcf, 0xf4, 0x0, 0x0,
    0xc, 0xff, 0x40, 0x0, 0x0, 0xcf, 0xf4, 0x0,
    0x0, 0xc, 0xff, 0xff, 0xff, 0x40, 0xcf, 0xff,
    0xff, 0xf4, 0xc, 0xff, 0x85, 0x55, 0x10, 0xcf,
    0xf4, 0x0, 0x0, 0xc, 0xff, 0x40, 0x0, 0x0,
    0xcf, 0xf4, 0x0, 0x0, 0xc, 0xff, 0x40, 0x0,
    0x0, 0xcf, 0xf8, 0x55, 0x55, 0x1c, 0xff, 0xff,
    0xff, 0xf4, 0xcf, 0xff, 0xff, 0xff, 0x40,

    /* U+00C9 "É" */
    0x0, 0x0, 0x3f, 0xfc, 0x0, 0x0, 0xc, 0xfe,
    0x10, 0x0, 0x6, 0xff, 0x30, 0x0, 0x0, 0x9a,
    0x50, 0x0, 0xcf, 0xff, 0xff, 0xff, 0xc, 0xff,
    0xff, 0xff, 0xf0, 0xcf, 0xf8, 0x55, 0x55, 0xc,
    0xff, 0x40, 0x0, 0x0, 0xcf, 0xf4, 0x0, 0x0,
    0xc, 0xff, 0x40, 0x0, 0x0, 0xcf, 0xf4, 0x0,
    0x0, 0xc, 0xff, 0xff, 0xff, 0x40, 0xcf, 0xff,
    0xff, 0xf4, 0xc, 0xff, 0x85, 0x55, 0x10, 0xcf,
    0xf4, 0x0, 0x0, 0xc, 0xff, 0x40, 0x0, 0x0,
    0xcf, 0xf4, 0x0, 0x0, 0xc, 0xff, 0x40, 0x0,
    0x0, 0xcf, 0xf8, 0x55, 0x55, 0x1c, 0xff, 0xff,
    0xff, 0xf4, 0xcf, 0xff, 0xff, 0xff, 0x40,

    /* U+00CA "Ê" */
    0x0, 0xb, 0xff, 0xf2, 0x0, 0x0, 0x7f, 0xfe,
    0xfd, 0x0, 0x3, 0xff, 0x93, 0xff, 0xa0, 0x8,
    0xa9, 0x0, 0x6a, 0xa2, 0xc, 0xff, 0xff, 0xff,
    0xf0, 0xc, 0xff, 0xff, 0xff, 0xf0, 0xc, 0xff,
    0x85, 0x55, 0x50, 0xc, 0xff, 0x40, 0x0, 0x0,
    0xc, 0xff, 0x40, 0x0, 0x0, 0xc, 0xff, 0x40,
    0x0, 0x0, 0xc, 0xff, 0x40, 0x0, 0x0, 0xc,
    0xff, 0xff, 0xff, 0x40, 0xc, 0xff, 0xff, 0xff,
    0x40, 0xc, 0xff, 0x85, 0x55, 0x10, 0xc, 0xff,
    0x40, 0x0, 0x0, 0xc, 0xff, 0x40, 0x0, 0x0,
    0xc, 0xff, 0x40, 0x0, 0x0, 0xc, 0xff, 0x40,
    0x0, 0x0, 0xc, 0xff, 0x85, 0x55, 0x51, 0xc,
    0xff, 0xff, 0xff, 0xf4, 0xc, 0xff, 0xff, 0xff,
    0xf4,

    /* U+00CB "Ë" */
    0xf, 0xff, 0x0, 0xbf, 0xf5, 0xf, 0xff, 0x0,
    0xbf, 0xf5, 0xc, 0xcc, 0x0, 0x8c, 0xc3, 0xc,
    0xff, 0xff, 0xff, 0xf0, 0xc, 0xff, 0xff, 0xff,
    0xf0, 0xc, 0xff, 0x85, 0x55, 0x50, 0xc, 0xff,
    0x40, 0x0, 0x0, 0xc, 0xff, 0x40, 0x0, 0x0,
    0xc, 0xff, 0x40, 0x0, 0x0, 0xc, 0xff, 0x40,
    0x0, 0x0, 0xc, 0xff, 0xff, 0xff, 0x40, 0xc,
    0xff, 0xff, 0xff, 0x40, 0xc, 0xff, 0x85, 0x55,
    0x10, 0xc, 0xff, 0x40, 0x0, 0x0, 0xc, 0xff,
    0x40, 0x0, 0x0, 0xc, 0xff, 0x40, 0x0, 0x0,
    0xc, 0xff, 0x40, 0x0, 0x0, 0xc, 0xff, 0x85,
    0x55, 0x51, 0xc, 0xff, 0xff, 0xff, 0xf4, 0xc,
    0xff, 0xff, 0xff, 0xf4,

    /* U+00CC "Ì" */
    0xd, 0xff, 0x30, 0x0, 0x2e, 0xfc, 0x0, 0x0,
    0x4f, 0xf6, 0x0, 0x0, 0x6a, 0x90, 0x0, 0x9,
    0xff, 0x60, 0x0, 0x9f, 0xf6, 0x0, 0x9, 0xff,
    0x60, 0x0, 0x9f, 0xf6, 0x0, 0x9, 0xff, 0x60,
    0x0, 0x9f, 0xf6, 0x0, 0x9, 0xff, 0x60, 0x0,
    0x9f, 0xf6, 0x0, 0x9, 0xff, 0x60, 0x0, 0x9f,
    0xf6, 0x0, 0x9, 0xff, 0x60, 0x0, 0x9f, 0xf6,
    0x0, 0x9, 0xff, 0x60, 0x0, 0x9f, 0xf6, 0x0,
    0x9, 0xff, 0x60, 0x0, 0x9f, 0xf6, 0x0, 0x9,
    0xff, 0x60,

    /* U+00CD "Í" */
    0x0, 0x6f, 0xfa, 0x0, 0x1e, 0xfd, 0x0, 0x9,
    0xfe, 0x20, 0x1, 0xaa, 0x40, 0x0, 0x9f, 0xf6,
    0x0, 0x9, 0xff, 0x60, 0x0, 0x9f, 0xf6, 0x0,
    0x9, 0xff, 0x60, 0x0, 0x9f, 0xf6, 0x0, 0x9,
    0xff, 0x60, 0x0, 0x9f, 0xf6, 0x0, 0x9, 0xff,
    0x60, 0x0, 0x9f, 0xf6, 0x0, 0x9, 0xff, 0x60,
    0x0, 0x9f, 0xf6, 0x0, 0x9, 0xff, 0x60, 0x0,
    0x9f, 0xf6, 0x0, 0x9, 0xff, 0x60, 0x0, 0x9f,
    0xf6, 0x0, 0x9, 0xff, 0x60, 0x0, 0x9f, 0xf6,
    0x0, 0x0,

    /* U+00CE "Î" */
    0x0, 0x1e, 0xff, 0xc0, 0x0, 0x0, 0xcf, 0xef,
    0xf8, 0x0, 0x8, 0xff, 0x48, 0xff, 0x50, 0x1a,
    0xa7, 0x0, 0x9a, 0x90, 0x0, 0x9, 0xff, 0x60,
    0x0, 0x0, 0x9, 0xff, 0x60, 0x0, 0x0, 0x9,
    0xff, 0x60, 0x0, 0x0, 0x9, 0xff, 0x60, 0x0,
    0x0, 0x9, 0xff, 0x60, 0x0, 0x0, 0x9, 0xff,
    0x60, 0x0, 0x0, 0x9, 0xff, 0x60, 0x0, 0x0,
    0x9, 0xff, 0x60, 0x0, 0x0, 0x9, 0xff, 0x60,
    0x0, 0x0, 0x9, 0xff, 0x60, 0x0, 0x0, 0x9,
    0xff, 0x60, 0x0, 0x0, 0x9, 0xff, 0x60, 0x0,
    0x0, 0x9, 0xff, 0x60, 0x0, 0x0, 0x9, 0xff,
    0x60, 0x0, 0x0, 0x9, 0xff, 0x60, 0x0, 0x0,
    0x9, 0xff, 0x60, 0x0, 0x0, 0x9, 0xff, 0x60,
    0x0,

    /* U+00CF "Ï" */
    0x4f, 0xfb, 0x0, 0xff, 0xf0, 0x4f, 0xfb, 0x0,
    0xff, 0xf0, 0x3c, 0xc9, 0x0, 0xcc, 0xc0, 0x0,
    0x9, 0xff, 0x60, 0x0, 0x0, 0x9, 0xff, 0x60,
    0x0, 0x0, 0x9, 0xff, 0x60, 0x0, 0x0, 0x9,
    0xff, 0x60, 0x0, 0x0, 0x9, 0xff, 0x60, 0x0,
    0x0, 0x9, 0xff, 0x60, 0x0, 0x0, 0x9, 0xff,
    0x60, 0x0, 0x0, 0x9, 0xff, 0x60, 0x0, 0x0,
    0x9, 0xff, 0x60, 0x0, 0x0, 0x9, 0xff, 0x60,
    0x0, 0x0, 0x9, 0xff, 0x60, 0x0, 0x0, 0x9,
    0xff, 0x60, 0x0, 0x0, 0x9, 0xff, 0x60, 0x0,
    0x0, 0x9, 0xff, 0x60, 0x0, 0x0, 0x9, 0xff,
    0x60, 0x0, 0x0, 0x9, 0xff, 0x60, 0x0, 0x0,
    0x9, 0xff, 0x60, 0x0,

    /* U+00D0 "Ð" */
    0xa, 0xff, 0xff, 0xff, 0xe7, 0x0, 0xaf, 0xff,
    0xff, 0xff, 0xf3, 0xa, 0xff, 0x83, 0x3b, 0xff,
    0x60, 0xaf, 0xf6, 0x0, 0x9f, 0xf7, 0xa, 0xff,
    0x60, 0x9, 0xff, 0x70, 0xaf, 0xf6, 0x0, 0x9f,
    0xf7, 0xa, 0xff, 0x60, 0x9, 0xff, 0x73, 0xbf,
    0xf8, 0x30, 0x9f, 0xf7, 0xff, 0xff, 0xff, 0x29,
    0xff, 0x7f, 0xff, 0xff, 0xf2, 0x9f, 0xf7, 0xa,
    0xff, 0x60, 0x9, 0xff, 0x70, 0xaf, 0xf6, 0x0,
    0x9f, 0xf7, 0xa, 0xff, 0x60, 0x9, 0xff, 0x70,
    0xaf, 0xf6, 0x0, 0x9f, 0xf7, 0xa, 0xff, 0x83,
    0x3b, 0xff, 0x70, 0xaf, 0xff, 0xff, 0xff, 0xf4,
    0xa, 0xff, 0xff, 0xff, 0xe7, 0x0,

    /* U+00D1 "Ñ" */
    0x9, 0xee, 0xa2, 0x9f, 0xd0, 0x2f, 0xff, 0xff,
    0xff, 0xc0, 0x4f, 0xf3, 0x5d, 0xfe, 0x50, 0x0,
    0x0, 0x0, 0x0, 0x0, 0xcf, 0xf4, 0x0, 0x6f,
    0xf5, 0xcf, 0xf9, 0x0, 0x6f, 0xf5, 0xcf, 0xfe,
    0x0, 0x6f, 0xf5, 0xcf, 0xff, 0x30, 0x6f, 0xf5,
    0xcf, 0xff, 0x80, 0x6f, 0xf5, 0xcf, 0xff, 0xd0,
    0x6f, 0xf5, 0xcf, 0xfc, 0xf2, 0x6f, 0xf5, 0xcf,
    0xf7, 0xf7, 0x6f, 0xf5, 0xcf, 0xf2, 0xfc, 0x6f,
    0xf5, 0xcf, 0xf0, 0xdf, 0x8f, 0xf5, 0xcf, 0xf0,
    0x8f, 0xdf, 0xf5, 0xcf, 0xf0, 0x3f, 0xff, 0xf5,
    0xcf, 0xf0, 0xe, 0xff, 0xf5, 0xcf, 0xf0, 0x9,
    0xff, 0xf5, 0xcf, 0xf0, 0x4, 0xff, 0xf5, 0xcf,
    0xf0, 0x0, 0xff, 0xf5, 0xcf, 0xf0, 0x0, 0xaf,
    0xf5,

    /* U+00D2 "Ò" */
    0x6f, 0xfa, 0x0, 0x0, 0x0, 0x9f, 0xf4, 0x0,
    0x0, 0x0, 0xbf, 0xd0, 0x0, 0x0, 0x1, 0xaa,
    0x40, 0x0, 0x1b, 0xff, 0xff, 0xfc, 0x29, 0xff,
    0xff, 0xff, 0xfc, 0xdf, 0xf7, 0x56, 0xff, 0xfd,
    0xff, 0x20, 0xf, 0xff, 0xdf, 0xf2, 0x0, 0xff,
    0xfd, 0xff, 0x20, 0xf, 0xff, 0xdf, 0xf2, 0x0,
    0xff, 0xfd, 0xff, 0x20, 0xf, 0xff, 0xdf, 0xf2,
    0x0, 0xff, 0xfd, 0xff, 0x20, 0xf, 0xff, 0xff,
    0xf4, 0x0, 0xff, 0xfd, 0xff, 0x20, 0xf, 0xff,
    0xdf, 0xf2, 0x0, 0xff, 0xfd, 0xff, 0x20, 0xf,
    0xff, 0xdf, 0xf7, 0x56, 0xff, 0xfb, 0xff, 0xff,
    0xff, 0xfd, 0x2b, 0xff, 0xff, 0xfc, 0x30,

    /* U+00D3 "Ó" */
    0x0, 0x0, 0xc, 0xff, 0x40, 0x0, 0x6, 0xff,
    0x60, 0x0, 0x1, 0xff, 0x90, 0x0, 0x0, 0x5a,
    0x90, 0x0, 0x1b, 0xff, 0xff, 0xfc, 0x29, 0xff,
    0xff, 0xff, 0xfc, 0xdf, 0xf7, 0x56, 0xff, 0xfd,
    0xff, 0x20, 0xf, 0xff, 0xdf, 0xf2, 0x0, 0xff,
    0xfd, 0xff, 0x20, 0xf, 0xff, 0xdf, 0xf2, 0x0,
    0xff, 0xfd, 0xff, 0x20, 0xf, 0xff, 0xdf, 0xf2,
    0x0, 0xff, 0xfd, 0xff, 0x20, 0xf, 0xff, 0xff,
    0xf4, 0x0, 0xff, 0xfd, 0xff, 0x20, 0xf, 0xff,
    0xdf, 0xf2, 0x0, 0xff, 0xfd, 0xff, 0x20, 0xf,
    0xff, 0xdf, 0xf7, 0x56, 0xff, 0xfb, 0xff, 0xff,
    0xff, 0xfd, 0x2b, 0xff, 0xff, 0xfc, 0x30,

    /* U+00D4 "Ô" */
    0x0, 0x6f, 0xff, 0x60, 0x0, 0x2f, 0xfe, 0xff,
    0x30, 0xd, 0xfd, 0x1d, 0xfd, 0x15, 0xaa, 0x30,
    0x3a, 0xa5, 0x1b, 0xff, 0xff, 0xfc, 0x29, 0xff,
    0xff, 0xff, 0xfc, 0xdf, 0xf7, 0x56, 0xff, 0xfd,
    0xff, 0x20, 0xf, 0xff, 0xdf, 0xf2, 0x0, 0xff,
    0xfd, 0xff, 0x20, 0xf, 0xff, 0xdf, 0xf2, 0x0,
    0xff, 0xfd, 0xff, 0x20, 0xf, 0xff, 0xdf, 0xf2,
    0x0, 0xff, 0xfd, 0xff, 0x20, 0xf, 0xff, 0xff,
    0xf4, 0x0, 0xff, 0xfd, 0xff, 0x20, 0xf, 0xff,
    0xdf, 0xf2, 0x0, 0xff, 0xfd, 0xff, 0x20, 0xf,
    0xff, 0xdf, 0xf7, 0x56, 0xff, 0xfb, 0xff, 0xff,
    0xff, 0xfd, 0x2b, 0xff, 0xff, 0xfc, 0x30,

    /* U+00D5 "Õ" */
    0x1c, 0xfe, 0x70, 0xdf, 0x97, 0xff, 0xff, 0xff,
    0xf8, 0x8f, 0xe1, 0x7e, 0xfd, 0x20, 0x0, 0x0,
    0x0, 0x0, 0x1b, 0xff, 0xff, 0xfc, 0x29, 0xff,
    0xff, 0xff, 0xfc, 0xdf, 0xf7, 0x56, 0xff, 0xfd,
    0xff, 0x20, 0xf, 0xff, 0xdf, 0xf2, 0x0, 0xff,
    0xfd, 0xff, 0x20, 0xf, 0xff, 0xdf, 0xf2, 0x0,
    0xff, 0xfd, 0xff, 0x20, 0xf, 0xff, 0xdf, 0xf2,
    0x0, 0xff, 0xfd, 0xff, 0x20, 0xf, 0xff, 0xff,
    0xf4, 0x0, 0xff, 0xfd, 0xff, 0x20, 0xf, 0xff,
    0xdf, 0xf2, 0x0, 0xff, 0xfd, 0xff, 0x20, 0xf,
    0xff, 0xdf, 0xf7, 0x56, 0xff, 0xfb, 0xff, 0xff,
    0xff, 0xfd, 0x2b, 0xff, 0xff, 0xfc, 0x30,

    /* U+00D6 "Ö" */
    0x9f, 0xf6, 0x4, 0xff, 0xb9, 0xff, 0x60, 0x4f,
    0xfb, 0x7c, 0xc5, 0x3, 0xcc, 0x91, 0xbf, 0xff,
    0xff, 0xc2, 0x9f, 0xff, 0xff, 0xff, 0xcd, 0xff,
    0x75, 0x6f, 0xff, 0xdf, 0xf2, 0x0, 0xff, 0xfd,
    0xff, 0x20, 0xf, 0xff, 0xdf, 0xf2, 0x0, 0xff,
    0xfd, 0xff, 0x20, 0xf, 0xff, 0xdf, 0xf2, 0x0,
    0xff, 0xfd, 0xff, 0x20, 0xf, 0xff, 0xdf, 0xf2,
    0x0, 0xff, 0xff, 0xff, 0x40, 0xf, 0xff, 0xdf,
    0xf2, 0x0, 0xff, 0xfd, 0xff, 0x20, 0xf, 0xff,
    0xdf, 0xf2, 0x0, 0xff, 0xfd, 0xff, 0x75, 0x6f,
    0xff, 0xbf, 0xff, 0xff, 0xff, 0xd2, 0xbf, 0xff,
    0xff, 0xc3,

    /* U+00D7 "×" */
    0x0, 0x0, 0x0, 0x0, 0x0, 0x0, 0x3c, 0x10,
    0x0, 0x4b, 0x0, 0x2f, 0xfc, 0x10, 0x4f, 0xfb,
    0x0, 0xaf, 0xfc, 0x5f, 0xff, 0x50, 0x0, 0xbf,
    0xff, 0xff, 0x50, 0x0, 0x0, 0xcf, 0xff, 0x60,
    0x0, 0x0, 0x3f, 0xff, 0xfc, 0x0, 0x0, 0x3f,
    0xff, 0xdf, 0xfb, 0x0, 0x2f, 0xff, 0x60, 0xcf,
    0xfb, 0x0, 0xaf, 0x60, 0x0, 0xcf, 0x40, 0x0,
    0x40, 0x0, 0x0, 0x40, 0x0,

    /* U+00D8 "Ø" */
    0x0, 0x0, 0x0, 0x8, 0xf0, 0x1b, 0xff, 0xff,
    0xff, 0xa0, 0x9f, 0xff, 0xff, 0xff, 0xd0, 0xcf,
    0xf4, 0x23, 0xff, 0xf0, 0xcf, 0xf1, 0x2, 0xff,
    0xf1, 0xcf, 0xf1, 0x9, 0xff, 0xf1, 0xcf, 0xf1,
    0xf, 0xff, 0xf1, 0xcf, 0xf1, 0x6f, 0xef, 0xf1,
    0xcf, 0xf1, 0xcc, 0xcf, 0xf1, 0xcf, 0xf4, 0xf5,
    0xcf, 0xf1, 0xcf, 0xfb, 0xe0, 0xcf, 0xf1, 0xcf,
    0xff, 0x80, 0xcf, 0xf1, 0xcf, 0xff, 0x20, 0xcf,
    0xf1, 0xcf, 0xfb, 0x0, 0xcf, 0xf1, 0xcf, 0xf5,
    0x0, 0xcf, 0xf1, 0xcf, 0xf5, 0x23, 0xef, 0xf0,
    0x9f, 0xff, 0xff, 0xff, 0xd0, 0x7f, 0xff, 0xff,
    0xfc, 0x30, 0x66, 0x0, 0x0, 0x0, 0x0,

    /* U+00D9 "Ù" */
    0x2f, 0xfe, 0x0, 0x0, 0x0, 0x5, 0xff, 0x80,
    0x0, 0x0, 0x0, 0x8f, 0xf2, 0x0, 0x0, 0x0,
    0x8, 0xa6, 0x0, 0x0, 0xcf, 0xf3, 0x0, 0xef,
    0xf1, 0xcf, 0xf3, 0x0, 0xef, 0xf1, 0xcf, 0xf3,
    0x0, 0xef, 0xf1, 0xcf, 0xf3, 0x0, 0xef, 0xf1,
    0xcf, 0xf3, 0x0, 0xef, 0xf1, 0xcf, 0xf3, 0x0,
    0xef, 0xf1, 0xcf, 0xf3, 0x0, 0xef, 0xf1, 0xcf,
    0xf3, 0x0, 0xef, 0xf1, 0xcf, 0xf3, 0x0, 0xef,
    0xf1, 0xcf, 0xf3, 0x0, 0xef, 0xf1, 0xcf, 0xf3,
    0x0, 0xef, 0xf1, 0xcf, 0xf3, 0x0, 0xef, 0xf1,
    0xcf, 0xf3, 0x0, 0xef, 0xf1, 0xcf, 0xf3, 0x0,
    0xef, 0xf1, 0xcf, 0xf8, 0x55, 0xff, 0xf0, 0x9f,
    0xff, 0xff, 0xff, 0xd0, 0x1b, 0xff, 0xff, 0xfc,
    0x30,

    /* U+00DA "Ú" */
    0x0, 0x0, 0xc, 0xff, 0x40, 0x0, 0x0, 0x6f,
    0xf7, 0x0, 0x0, 0x1, 0xef, 0xa0, 0x0, 0x0,
    0x5, 0xa9, 0x0, 0x0, 0xcf, 0xf3, 0x0, 0xef,
    0xf1, 0xcf, 0xf3, 0x0, 0xef, 0xf1, 0xcf, 0xf3,
    0x0, 0xef, 0xf1, 0xcf, 0xf3, 0x0, 0xef, 0xf1,
    0xcf, 0xf3, 0x0, 0xef, 0xf1, 0xcf, 0xf3, 0x0,
    0xef, 0xf1, 0xcf, 0xf3, 0x0, 0xef, 0xf1, 0xcf,
    0xf3, 0x0, 0xef, 0xf1, 0xcf, 0xf3, 0x0, 0xef,
    0xf1, 0xcf, 0xf3, 0x0, 0xef, 0xf1, 0xcf, 0xf3,
    0x0, 0xef, 0xf1, 0xcf, 0xf3, 0x0, 0xef, 0xf1,
    0xcf, 0xf3, 0x0, 0xef, 0xf1, 0xcf, 0xf3, 0x0,
    0xef, 0xf1, 0xcf, 0xf8, 0x55, 0xff, 0xf0, 0x9f,
    0xff, 0xff, 0xff, 0xd0, 0x1b, 0xff, 0xff, 0xfc,
    0x30,

    /* U+00DB "Û" */
    0x0, 0x4f, 0xff, 0x80, 0x0, 0x1, 0xef, 0xef,
    0xf4, 0x0, 0xc, 0xfe, 0x1c, 0xfe, 0x10, 0x4a,
    0xa4, 0x2, 0xaa, 0x60, 0xcf, 0xf3, 0x0, 0xef,
    0xf1, 0xcf, 0xf3, 0x0, 0xef, 0xf1, 0xcf, 0xf3,
    0x0, 0xef, 0xf1, 0xcf, 0xf3, 0x0, 0xef, 0xf1,
    0xcf, 0xf3, 0x0, 0xef, 0xf1, 0xcf, 0xf3, 0x0,
    0xef, 0xf1, 0xcf, 0xf3, 0x0, 0xef, 0xf1, 0xcf,
    0xf3, 0x0, 0xef, 0xf1, 0xcf, 0xf3, 0x0, 0xef,
    0xf1, 0xcf, 0xf3, 0x0, 0xef, 0xf1, 0xcf, 0xf3,
    0x0, 0xef, 0xf1, 0xcf, 0xf3, 0x0, 0xef, 0xf1,
    0xcf, 0xf3, 0x0, 0xef, 0xf1, 0xcf, 0xf3, 0x0,
    0xef, 0xf1, 0xcf, 0xf8, 0x55, 0xff, 0xf0, 0x9f,
    0xff, 0xff, 0xff, 0xd0, 0x1b, 0xff, 0xff, 0xfc,
    0x30,

    /* U+00DC "Ü" */
    0x8f, 0xf7, 0x3, 0xff, 0xc0, 0x8f, 0xf7, 0x3,
    0xff, 0xc0, 0x6c, 0xc5, 0x2, 0xcc, 0x90, 0xcf,
    0xf3, 0x0, 0xef, 0xf1, 0xcf, 0xf3, 0x0, 0xef,
    0xf1, 0xcf, 0xf3, 0x0, 0xef, 0xf1, 0xcf, 0xf3,
    0x0, 0xef, 0xf1, 0xcf, 0xf3, 0x0, 0xef, 0xf1,
    0xcf, 0xf3, 0x0, 0xef, 0xf1, 0xcf, 0xf3, 0x0,
    0xef, 0xf1, 0xcf, 0xf3, 0x0, 0xef, 0xf1, 0xcf,
    0xf3, 0x0, 0xef, 0xf1, 0xcf, 0xf3, 0x0, 0xef,
    0xf1, 0xcf, 0xf3, 0x0, 0xef, 0xf1, 0xcf, 0xf3,
    0x0, 0xef, 0xf1, 0xcf, 0xf3, 0x0, 0xef, 0xf1,
    0xcf, 0xf3, 0x0, 0xef, 0xf1, 0xcf, 0xf8, 0x55,
    0xff, 0xf0, 0x9f, 0xff, 0xff, 0xff, 0xd0, 0x1b,
    0xff, 0xff, 0xfc, 0x30,

    /* U+00DD "Ý" */
    0x0, 0x0, 0x1, 0xff, 0xe1, 0x0, 0x0, 0x0,
    0xaf, 0xf3, 0x0, 0x0, 0x0, 0x4f, 0xf6, 0x0,
    0x0, 0x0, 0x7, 0xa7, 0x0, 0x0, 0xcf, 0xf4,
    0x0, 0xa, 0xff, 0x56, 0xff, 0x80, 0x0, 0xef,
    0xf0, 0x1f, 0xfc, 0x0, 0x2f, 0xfb, 0x0, 0xcf,
    0xf0, 0x6, 0xff, 0x60, 0x7, 0xff, 0x40, 0x9f,
    0xf1, 0x0, 0x1f, 0xf8, 0xd, 0xfc, 0x0, 0x0,
    0xcf, 0xc1, 0xff, 0x70, 0x0, 0x7, 0xff, 0x6f,
    0xf2, 0x0, 0x0, 0x2f, 0xfd, 0xfd, 0x0, 0x0,
    0x0, 0xcf, 0xff, 0x80, 0x0, 0x0, 0x7, 0xff,
    0xf3, 0x0, 0x0, 0x0, 0x3f, 0xff, 0x0, 0x0,
    0x0, 0x1, 0xff, 0xe0, 0x0, 0x0, 0x0, 0x1f,
    0xfe, 0x0, 0x0, 0x0, 0x1, 0xff, 0xe0, 0x0,
    0x0, 0x0, 0x1f, 0xfe, 0x0, 0x0, 0x0, 0x1,
    0xff, 0xe0, 0x0, 0x0,

    /* U+00DE "Þ" */
    0xaf, 0xf5, 0x0, 0x0, 0x0, 0xaf, 0xf5, 0x0,
    0x0, 0x0, 0xaf, 0xf5, 0x0, 0x0, 0x0, 0xaf,
    0xf8, 0x44, 0x41, 0x0, 0xaf, 0xff, 0xff, 0xff,
    0x60, 0xaf, 0xff, 0xff, 0xff, 0xf0, 0xaf, 0xf5,
    0x0, 0xff, 0xf0, 0xaf, 0xf5, 0x0, 0xef, 0xf1,
    0xaf, 0xf5, 0x0, 0xef, 0xf1, 0xaf, 0xf5, 0x0,
    0xef, 0xf1, 0xaf, 0xf5, 0x0, 0xef, 0xf1, 0xaf,
    0xf7, 0x44, 0xff, 0xf0, 0xaf, 0xff, 0xff, 0xff,
    0xd0, 0xaf, 0xff, 0xff, 0xfd, 0x30, 0xaf, 0xf5,
    0x0, 0x0, 0x0, 0xaf, 0xf5, 0x0, 0x0, 0x0,
    0xaf, 0xf5, 0x0, 0x0, 0x0,

    /* U+00DF "ß" */
    0x2, 0x55, 0x55, 0x55, 0x54, 0x0, 0x5, 0xff,
    0xff, 0xff, 0xff, 0xfb, 0x0, 0xbf, 0xff, 0xff,
    0xff, 0xff, 0xf3, 0xd, 0xff, 0x30, 0x0, 0xd,
    0xff, 0x40, 0xdf, 0xf2, 0x0, 0x0, 0xdf, 0xf4,
    0xd, 0xff, 0x20, 0x7e, 0xff, 0xff, 0x20, 0xdf,
    0xf2, 0x2f, 0xff, 0xed, 0x80, 0xd, 0xff, 0x24,
    0xff, 0x90, 0x0, 0x0, 0xdf, 0xf2, 0x4f, 0xf9,
    0x0, 0x0, 0xd, 0xff, 0x22, 0xff, 0xff, 0xfd,
    0x50, 0xdf, 0xf2, 0x9, 0xff, 0xff, 0xff, 0x1d,
    0xff, 0x20, 0x0, 0x22, 0xcf, 0xf3, 0xdf, 0xf2,
    0x15, 0x53, 0xa, 0xff, 0x4d, 0xff, 0x25, 0xff,
    0x90, 0xaf, 0xf4, 0xdf, 0xf2, 0x4f, 0xfc, 0x3c,
    0xff, 0x3d, 0xff, 0x21, 0xff, 0xff, 0xff, 0xf1,
    0xdf, 0xf2, 0x6, 0xef, 0xff, 0xe5, 0x0,

    /* U+00E0 "à" */
    0x1, 0xdf, 0xf2, 0x0, 0x0, 0x0, 0x2f, 0xfb,
    0x0, 0x0, 0x0, 0x5, 0xff, 0x50, 0x0, 0x0,
    0x0, 0x6a, 0x80, 0x0, 0x0, 0x0, 0x0, 0x0,
    0x0, 0x3, 0xdf, 0xfa, 0xcf, 0xf2, 0xd, 0xff,
    0xff, 0xff, 0xf2, 0xf, 0xff, 0x55, 0xff, 0xf2,
    0x1f, 0xfe, 0x0, 0xdf, 0xf2, 0x1f, 0xfe, 0x0,
    0xdf, 0xf2, 0x1f, 0xfe, 0x0, 0xdf, 0xf2, 0x1f,
    0xff, 0x0, 0xdf, 0xf2, 0x1f, 0xfe, 0x0, 0xdf,
    0xf2, 0x1f, 0xfe, 0x0, 0xdf, 0xf2, 0x1f, 0xfe,
    0x0, 0xdf, 0xf2, 0xf, 0xff, 0x55, 0xff, 0xf2,
    0xd, 0xff, 0xff, 0xff, 0xf2, 0x3, 0xdf, 0xfa,
    0xdf, 0xf2,

    /* U+00E1 "á" */
    0x0, 0x0, 0x1, 0xff, 0xe1, 0x0, 0x0, 0xa,
    0xff, 0x30, 0x0, 0x0, 0x4f, 0xf6, 0x0, 0x0,
    0x0, 0x7a, 0x70, 0x0, 0x0, 0x0, 0x0, 0x0,
    0x0, 0x3, 0xdf, 0xfa, 0xcf, 0xf2, 0xd, 0xff,
    0xff, 0xff, 0xf2, 0xf, 0xff, 0x55, 0xff, 0xf2,
    0x1f, 0xfe, 0x0, 0xdf, 0xf2, 0x1f, 0xfe, 0x0,
    0xdf, 0xf2, 0x1f, 0xfe, 0x0, 0xdf, 0xf2, 0x1f,
    0xff, 0x0, 0xdf, 0xf2, 0x1f, 0xfe, 0x0, 0xdf,
    0xf2, 0x1f, 0xfe, 0x0, 0xdf, 0xf2, 0x1f, 0xfe,
    0x0, 0xdf, 0xf2, 0xf, 0xff, 0x55, 0xff, 0xf2,
    0xd, 0xff, 0xff, 0xff, 0xf2, 0x3, 0xdf, 0xfa,
    0xdf, 0xf2,

    /* U+00E2 "â" */
    0x0, 0xb, 0xff, 0xf2, 0x0, 0x0, 0x7f, 0xfe,
    0xfd, 0x0, 0x3, 0xff, 0x93, 0xff, 0x90, 0x8,
    0xa9, 0x0, 0x6a, 0xa2, 0x0, 0x0, 0x0, 0x0,
    0x0, 0x3, 0xdf, 0xfa, 0xcf, 0xf2, 0xd, 0xff,
    0xff, 0xff, 0xf2, 0xf, 0xff, 0x55, 0xff, 0xf2,
    0x1f, 0xfe, 0x0, 0xdf, 0xf2, 0x1f, 0xfe, 0x0,
    0xdf, 0xf2, 0x1f, 0xfe, 0x0, 0xdf, 0xf2, 0x1f,
    0xff, 0x0, 0xdf, 0xf2, 0x1f, 0xfe, 0x0, 0xdf,
    0xf2, 0x1f, 0xfe, 0x0, 0xdf, 0xf2, 0x1f, 0xfe,
    0x0, 0xdf, 0xf2, 0xf, 0xff, 0x55, 0xff, 0xf2,
    0xd, 0xff, 0xff, 0xff, 0xf2, 0x3, 0xdf, 0xfa,
    0xdf, 0xf2,

    /* U+00E3 "ã" */
    0x6, 0xef, 0xc4, 0x6f, 0xf1, 0xf, 0xff, 0xff,
    0xff, 0xf0, 0xf, 0xf6, 0x2b, 0xfe, 0x70, 0x0,
    0x0, 0x0, 0x0, 0x0, 0x3, 0xdf, 0xfa, 0xcf,
    0xf2, 0xd, 0xff, 0xff, 0xff, 0xf2, 0xf, 0xff,
    0x55, 0xff, 0xf2, 0x1f, 0xfe, 0x0, 0xdf, 0xf2,
    0x1f, 0xfe, 0x0, 0xdf, 0xf2, 0x1f, 0xfe, 0x0,
    0xdf, 0xf2, 0x1f, 0xff, 0x0, 0xdf, 0xf2, 0x1f,
    0xfe, 0x0, 0xdf, 0xf2, 0x1f, 0xfe, 0x0, 0xdf,
    0xf2, 0x1f, 0xfe, 0x0, 0xdf, 0xf2, 0xf, 0xff,
    0x55, 0xff, 0xf2, 0xd, 0xff, 0xff, 0xff, 0xf2,
    0x3, 0xdf, 0xfa, 0xdf, 0xf2,

    /* U+00E4 "ä" */
    0xf, 0xff, 0x10, 0xaf, 0xf5, 0xf, 0xff, 0x10,
    0xaf, 0xf5, 0xb, 0xcc, 0x0, 0x8c, 0xc4, 0x0,
    0x0, 0x0, 0x0, 0x0, 0x3, 0xdf, 0xfa, 0xcf,
    0xf2, 0xd, 0xff, 0xff, 0xff, 0xf2, 0xf, 0xff,
    0x55, 0xff, 0xf2, 0x1f, 0xfe, 0x0, 0xdf, 0xf2,
    0x1f, 0xfe, 0x0, 0xdf, 0xf2, 0x1f, 0xfe, 0x0,
    0xdf, 0xf2, 0x1f, 0xff, 0x0, 0xdf, 0xf2, 0x1f,
    0xfe, 0x0, 0xdf, 0xf2, 0x1f, 0xfe, 0x0, 0xdf,
    0xf2, 0x1f, 0xfe, 0x0, 0xdf, 0xf2, 0xf, 0xff,
    0x55, 0xff, 0xf2, 0xd, 0xff, 0xff, 0xff, 0xf2,
    0x3, 0xdf, 0xfa, 0xdf, 0xf2,

    /* U+00E5 "å" */
    0x0, 0x0, 0x22, 0x10, 0x0, 0x0, 0x6f, 0xff,
    0xfc, 0x0, 0x0, 0xcf, 0x75, 0xdf, 0x30, 0x0,
    0xdf, 0x42, 0xcf, 0x30, 0x0, 0x8f, 0xff, 0xfe,
    0x0, 0x0, 0x3, 0x55, 0x41, 0x0, 0x3, 0xdf,
    0xfa, 0xcf, 0xf2, 0xd, 0xff, 0xff, 0xff, 0xf2,
    0xf, 0xff, 0x55, 0xff, 0xf2, 0x1f, 0xfe, 0x0,
    0xdf, 0xf2, 0x1f, 0xfe, 0x0, 0xdf, 0xf2, 0x1f,
    0xfe, 0x0, 0xdf, 0xf2, 0x1f, 0xff, 0x0, 0xdf,
    0xf2, 0x1f, 0xfe, 0x0, 0xdf, 0xf2, 0x1f, 0xfe,
    0x0, 0xdf, 0xf2, 0x1f, 0xfe, 0x0, 0xdf, 0xf2,
    0xf, 0xff, 0x55, 0xff, 0xf2, 0xd, 0xff, 0xff,
    0xff, 0xf2, 0x3, 0xdf, 0xfa, 0xdf, 0xf2,

    /* U+00E6 "æ" */
    0x2c, 0xff, 0xfd, 0x3a, 0xff, 0xff, 0xa1, 0xcf,
    0xff, 0xff, 0xff, 0xff, 0xff, 0xf8, 0xef, 0xf6,
    0x5e, 0xff, 0x85, 0x7f, 0xfb, 0xff, 0xf0, 0xb,
    0xff, 0x30, 0x2f, 0xfb, 0x9a, 0xa0, 0xb, 0xff,
    0x30, 0x2f, 0xfb, 0x0, 0x0, 0x6e, 0xff, 0xdc,
    0xdf, 0xfb, 0x2, 0x9f, 0xff, 0xff, 0xff, 0xff,
    0xfc, 0xbf, 0xff, 0xcd, 0xff, 0x64, 0x44, 0x42,
    0xff, 0xf2, 0xb, 0xff, 0x30, 0x0, 0x0, 0xff,
    0xf0, 0xb, 0xff, 0x30, 0x3f, 0xfb, 0xef, 0xf6,
    0x5e, 0xff, 0x85, 0x8f, 0xfa, 0xbf, 0xff, 0xff,
    0xff, 0xff, 0xff, 0xf7, 0x2c, 0xff, 0xfc, 0x39,
    0xff, 0xff, 0xa0,

    /* U+00E7 "ç" */
    0x3, 0xcf, 0xff, 0xfd, 0x40, 0xd, 0xff, 0xff,
    0xff, 0xe0, 0xf, 0xff, 0x55, 0xef, 0xf2, 0x1f,
    0xfe, 0x0, 0xbf, 0xf2, 0x1f, 0xfe, 0x0, 0x46,
    0x60, 0x1f, 0xfe, 0x0, 0x0, 0x0, 0x1f, 0xfe,
    0x0, 0x0, 0x0, 0x1f, 0xfe, 0x0, 0x0, 0x0,
    0x1f, 0xfe, 0x0, 0x46, 0x61, 0x1f, 0xfe, 0x0,
    0xbf, 0xf2, 0xf, 0xff, 0x55, 0xef, 0xf2, 0xd,
    0xff, 0xff, 0xff, 0xe0, 0x3, 0xcf, 0xff, 0xfd,
    0x40, 0x0, 0x0, 0x0, 0x0, 0x0, 0x0, 0x3,
    0xdd, 0x70, 0x0, 0x0, 0x5, 0xff, 0x80, 0x0,
    0x3, 0xff, 0xff, 0x60, 0x0, 0x3, 0xff, 0xfb,
    0x0, 0x0, 0x0, 0x32, 0x10, 0x0, 0x0,

    /* U+00E8 "è" */
    0xc, 0xff, 0x40, 0x0, 0x0, 0x1, 0xef, 0xd0,
    0x0, 0x0, 0x0, 0x2f, 0xf8, 0x0, 0x0, 0x0,
    0x4, 0xa9, 0x0, 0x0, 0x0, 0x0, 0x0, 0x0,
    0x0, 0x3, 0xcf, 0xff, 0xfe, 0x70, 0xd, 0xff,
    0xff, 0xff, 0xf3, 0xf, 0xfe, 0x33, 0xaf, 0xf6,
    0xf, 0xfd, 0x0, 0x7f, 0xf6, 0xf, 0xfd, 0x0,
    0x7f, 0xf6, 0xf, 0xfe, 0x88, 0xcf, 0xf7, 0xf,
    0xff, 0xff, 0xff, 0xf8, 0xf, 0xfe, 0x66, 0x66,
    0x62, 0xf, 0xfd, 0x0, 0x0, 0x0, 0xf, 0xfd,
    0x0, 0x7e, 0xe5, 0xf, 0xfe, 0x44, 0xbf, 0xf5,
    0xd, 0xff, 0xff, 0xff, 0xf2, 0x3, 0xcf, 0xff,
    0xfe, 0x60,

    /* U+00E9 "é" */
    0x0, 0x0, 0x2, 0xff, 0xd1, 0x0, 0x0, 0xb,
    0xff, 0x20, 0x0, 0x0, 0x5f, 0xf4, 0x0, 0x0,
    0x0, 0x8a, 0x60, 0x0, 0x0, 0x0, 0x0, 0x0,
    0x0, 0x3, 0xcf, 0xff, 0xfe, 0x70, 0xd, 0xff,
    0xff, 0xff, 0xf3, 0xf, 0xfe, 0x33, 0xaf, 0xf6,
    0xf, 0xfd, 0x0, 0x7f, 0xf6, 0xf, 0xfd, 0x0,
    0x7f, 0xf6, 0xf, 0xfe, 0x88, 0xcf, 0xf7, 0xf,
    0xff, 0xff, 0xff, 0xf8, 0xf, 0xfe, 0x66, 0x66,
    0x62, 0xf, 0xfd, 0x0, 0x0, 0x0, 0xf, 0xfd,
    0x0, 0x7e, 0xe5, 0xf, 0xfe, 0x44, 0xbf, 0xf5,
    0xd, 0xff, 0xff, 0xff, 0xf2, 0x3, 0xcf, 0xff,
    0xfe, 0x60,

    /* U+00EA "ê" */
    0x0, 0xa, 0xff, 0xf2, 0x0, 0x0, 0x6f, 0xfe,
    0xfd, 0x0, 0x3, 0xff, 0x93, 0xff, 0xa0, 0x7,
    0xa9, 0x10, 0x6a, 0xa2, 0x0, 0x0, 0x0, 0x0,
    0x0, 0x3, 0xcf, 0xff, 0xfe, 0x70, 0xd, 0xff,
    0xff, 0xff, 0xf3, 0xf, 0xfe, 0x33, 0xaf, 0xf6,
    0xf, 0xfd, 0x0, 0x7f, 0xf6, 0xf, 0xfd, 0x0,
    0x7f, 0xf6, 0xf, 0xfe, 0x88, 0xcf, 0xf7, 0xf,
    0xff, 0xff, 0xff, 0xf8, 0xf, 0xfe, 0x66, 0x66,
    0x62, 0xf, 0xfd, 0x0, 0x0, 0x0, 0xf, 0xfd,
    0x0, 0x7e, 0xe5, 0xf, 0xfe, 0x44, 0xbf, 0xf5,
    0xd, 0xff, 0xff, 0xff, 0xf2, 0x3, 0xcf, 0xff,
    0xfe, 0x60,

    /* U+00EB "ë" */
    0xf, 0xff, 0x0, 0xbf, 0xf4, 0xf, 0xff, 0x0,
    0xbf, 0xf4, 0xc, 0xcc, 0x0, 0x9c, 0xc3, 0x0,
    0x0, 0x0, 0x0, 0x0, 0x3, 0xcf, 0xff, 0xfe,
    0x70, 0xd, 0xff, 0xff, 0xff, 0xf3, 0xf, 0xfe,
    0x33, 0xaf, 0xf6, 0xf, 0xfd, 0x0, 0x7f, 0xf6,
    0xf, 0xfd, 0x0, 0x7f, 0xf6, 0xf, 0xfe, 0x88,
    0xcf, 0xf7, 0xf, 0xff, 0xff, 0xff, 0xf8, 0xf,
    0xfe, 0x66, 0x66, 0x62, 0xf, 0xfd, 0x0, 0x0,
    0x0, 0xf, 0xfd, 0x0, 0x7e, 0xe5, 0xf, 0xfe,
    0x44, 0xbf, 0xf5, 0xd, 0xff, 0xff, 0xff, 0xf2,
    0x3, 0xcf, 0xff, 0xfe, 0x60,

    /* U+00EC "ì" */
    0x3f, 0xfd, 0x0, 0x0, 0x5f, 0xf8, 0x0, 0x0,
    0x8f, 0xf2, 0x0, 0x0, 0x8a, 0x60, 0x0, 0x0,
    0x0, 0x0, 0x0, 0xef, 0xf1, 0x0, 0xe, 0xff,
    0x10, 0x0, 0xef, 0xf1, 0x0, 0xe, 0xff, 0x10,
    0x0, 0xef, 0xf1, 0x0, 0xe, 0xff, 0x10, 0x0,
    0xef, 0xf1, 0x0, 0xe, 0xff, 0x10, 0x0, 0xef,
    0xf1, 0x0, 0xe, 0xff, 0x10, 0x0, 0xef, 0xf1,
    0x0, 0xe, 0xff, 0x10, 0x0, 0xef, 0xf1,

    /* U+00ED "í" */
    0x0, 0xcf, 0xf4, 0x6, 0xff, 0x70, 0x1f, 0xfa,
    0x0, 0x5a, 0x90, 0x0, 0x0, 0x0, 0x0, 0xef,
    0xf1, 0x0, 0xef, 0xf1, 0x0, 0xef, 0xf1, 0x0,
    0xef, 0xf1, 0x0, 0xef, 0xf1, 0x0, 0xef, 0xf1,
    0x0, 0xef, 0xf1, 0x0, 0xef, 0xf1, 0x0, 0xef,
    0xf1, 0x0, 0xef, 0xf1, 0x0, 0xef, 0xf1, 0x0,
    0xef, 0xf1, 0x0, 0xef, 0xf1, 0x0,

    /* U+00EE "î" */
    0x0, 0x5f, 0xff, 0x70, 0x0, 0x2f, 0xfe, 0xff,
    0x30, 0xc, 0xfe, 0x1c, 0xfe, 0x14, 0xaa, 0x40,
    0x2a, 0xa6, 0x0, 0x0, 0x0, 0x0, 0x0, 0x0,
    0xef, 0xf1, 0x0, 0x0, 0xe, 0xff, 0x10, 0x0,
    0x0, 0xef, 0xf1, 0x0, 0x0, 0xe, 0xff, 0x10,
    0x0, 0x0, 0xef, 0xf1, 0x0, 0x0, 0xe, 0xff,
    0x10, 0x0, 0x0, 0xef, 0xf1, 0x0, 0x0, 0xe,
    0xff, 0x10, 0x0, 0x0, 0xef, 0xf1, 0x0, 0x0,
    0xe, 0xff, 0x10, 0x0, 0x0, 0xef, 0xf1, 0x0,
    0x0, 0xe, 0xff, 0x10, 0x0, 0x0, 0xef, 0xf1,
    0x0,

    /* U+00EF "ï" */
    0x9f, 0xf6, 0x5, 0xff, 0xb9, 0xff, 0x60, 0x5f,
    0xfb, 0x7c, 0xc5, 0x3, 0xcc, 0x90, 0x0, 0x0,
    0x0, 0x0, 0x0, 0xe, 0xff, 0x10, 0x0, 0x0,
    0xef, 0xf1, 0x0, 0x0, 0xe, 0xff, 0x10, 0x0,
    0x0, 0xef, 0xf1, 0x0, 0x0, 0xe, 0xff, 0x10,
    0x0, 0x0, 0xef, 0xf1, 0x0, 0x0, 0xe, 0xff,
    0x10, 0x0, 0x0, 0xef, 0xf1, 0x0, 0x0, 0xe,
    0xff, 0x10, 0x0, 0x0, 0xef, 0xf1, 0x0, 0x0,
    0xe, 0xff, 0x10, 0x0, 0x0, 0xef, 0xf1, 0x0,
    0x0, 0xe, 0xff, 0x10, 0x0,

    /* U+00F0 "ð" */
    0x0, 0x9f, 0xff, 0x53, 0x91, 0x0, 0x9, 0xff,
    0xff, 0xf1, 0x0, 0x5c, 0xff, 0xff, 0x30, 0x0,
    0xbf, 0xae, 0xff, 0x60, 0x0, 0x31, 0x7, 0xff,
    0xd0, 0x0, 0x0, 0x0, 0xff, 0xf2, 0x3, 0xcf,
    0xff, 0xff, 0xf5, 0xd, 0xff, 0xff, 0xff, 0xf7,
    0xf, 0xff, 0x33, 0x8f, 0xf8, 0x1f, 0xfe, 0x0,
    0x6f, 0xf8, 0x1f, 0xfe, 0x0, 0x6f, 0xf8, 0x1f,
    0xfe, 0x0, 0x6f, 0xf8, 0x1f, 0xfe, 0x0, 0x6f,
    0xf8, 0x1f, 0xfe, 0x0, 0x6f, 0xf8, 0xf, 0xff,
    0x55, 0xaf, 0xf8, 0xd, 0xff, 0xff, 0xff, 0xf5,
    0x3, 0xcf, 0xff, 0xfe, 0x80,

    /* U+00F1 "ñ" */
    0x7, 0xff, 0xb3, 0x6f, 0xf0, 0xf, 0xff, 0xff,
    0xff, 0xf0, 0x1f, 0xf6, 0x3b, 0xfe, 0x60, 0x0,
    0x0, 0x0, 0x0, 0x0, 0xe, 0xff, 0x8f, 0xfe,
    0x60, 0xe, 0xff, 0xff, 0xff, 0xf2, 0xe, 0xff,
    0x85, 0xdf, 0xf5, 0xe, 0xff, 0x20, 0xaf, 0xf5,
    0xe, 0xff, 0x10, 0xaf, 0xf5, 0xe, 0xff, 0x10,
    0xaf, 0xf5, 0xe, 0xff, 0x10, 0xaf, 0xf5, 0xe,
    0xff, 0x10, 0xaf, 0xf5, 0xe, 0xff, 0x10, 0xaf,
    0xf5, 0xe, 0xff, 0x10, 0xaf, 0xf5, 0xe, 0xff,
    0x10, 0xaf, 0xf5, 0xe, 0xff, 0x10, 0xaf, 0xf5,
    0xe, 0xff, 0x10, 0xaf, 0xf5,

    /* U+00F2 "ò" */
    0xa, 0xff, 0x60, 0x0, 0x0, 0x0, 0xcf, 0xf1,
    0x0, 0x0, 0x0, 0x1e, 0xfa, 0x0, 0x0, 0x0,
    0x3, 0xaa, 0x10, 0x0, 0x0, 0x0, 0x0, 0x0,
    0x0, 0x3, 0xdf, 0xff, 0xfe, 0x80, 0xd, 0xff,
    0xff, 0xff, 0xf4, 0xf, 0xff, 0x44, 0xaf, 0xf7,
    0xf, 0xfe, 0x0, 0x6f, 0xf7, 0xf, 0xfe, 0x0,
    0x6f, 0xf7, 0xf, 0xfe, 0x0, 0x6f, 0xf7, 0xf,
    0xfe, 0x0, 0x6f, 0xf7, 0xf, 0xff, 0x0, 0x8f,
    0xf8, 0xf, 0xfe, 0x0, 0x6f, 0xf7, 0xf, 0xfe,
    0x0, 0x6f, 0xf7, 0xf, 0xff, 0x44, 0xaf, 0xf7,
    0xd, 0xff, 0xff, 0xff, 0xf4, 0x3, 0xcf, 0xff,
    0xfe, 0x80,

    /* U+00F3 "ó" */
    0x0, 0x0, 0x1, 0xff, 0xe1, 0x0, 0x0, 0xb,
    0xff, 0x30, 0x0, 0x0, 0x5f, 0xf5, 0x0, 0x0,
    0x0, 0x8a, 0x70, 0x0, 0x0, 0x0, 0x0, 0x0,
    0x0, 0x3, 0xdf, 0xff, 0xfe, 0x80, 0xd, 0xff,
    0xff, 0xff, 0xf4, 0xf, 0xff, 0x44, 0xaf, 0xf7,
    0xf, 0xfe, 0x0, 0x6f, 0xf7, 0xf, 0xfe, 0x0,
    0x6f, 0xf7, 0xf, 0xfe, 0x0, 0x6f, 0xf7, 0xf,
    0xfe, 0x0, 0x6f, 0xf7, 0xf, 0xff, 0x0, 0x8f,
    0xf8, 0xf, 0xfe, 0x0, 0x6f, 0xf7, 0xf, 0xfe,
    0x0, 0x6f, 0xf7, 0xf, 0xff, 0x44, 0xaf, 0xf7,
    0xd, 0xff, 0xff, 0xff, 0xf4, 0x3, 0xcf, 0xff,
    0xfe, 0x80,

    /* U+00F4 "ô" */
    0x0, 0xb, 0xff, 0xf2, 0x0, 0x0, 0x7f, 0xfe,
    0xfd, 0x0, 0x3, 0xff, 0x93, 0xff, 0x90, 0x8,
    0xa9, 0x0, 0x6a, 0xa2, 0x0, 0x0, 0x0, 0x0,
    0x0, 0x3, 0xdf, 0xff, 0xfe, 0x80, 0xd, 0xff,
    0xff, 0xff, 0xf4, 0xf, 0xff, 0x44, 0xaf, 0xf7,
    0xf, 0xfe, 0x0, 0x6f, 0xf7, 0xf, 0xfe, 0x0,
    0x6f, 0xf7, 0xf, 0xfe, 0x0, 0x6f, 0xf7, 0xf,
    0xfe, 0x0, 0x6f, 0xf7, 0xf, 0xff, 0x0, 0x8f,
    0xf8, 0xf, 0xfe, 0x0, 0x6f, 0xf7, 0xf, 0xfe,
    0x0, 0x6f, 0xf7, 0xf, 0xff, 0x44, 0xaf, 0xf7,
    0xd, 0xff, 0xff, 0xff, 0xf4, 0x3, 0xcf, 0xff,
    0xfe, 0x80,

    /* U+00F5 "õ" */
    0x6, 0xef, 0xc4, 0x5f, 0xf2, 0xe, 0xff, 0xff,
    0xff, 0xf1, 0xf, 0xf7, 0x2a, 0xfe, 0x80, 0x0,
    0x0, 0x0, 0x0, 0x0, 0x3, 0xdf, 0xff, 0xfe,
    0x80, 0xd, 0xff, 0xff, 0xff, 0xf4, 0xf, 0xff,
    0x44, 0xaf, 0xf7, 0xf, 0xfe, 0x0, 0x6f, 0xf7,
    0xf, 0xfe, 0x0, 0x6f, 0xf7, 0xf, 0xfe, 0x0,
    0x6f, 0xf7, 0xf, 0xfe, 0x0, 0x6f, 0xf7, 0xf,
    0xff, 0x0, 0x8f, 0xf8, 0xf, 0xfe, 0x0, 0x6f,
    0xf7, 0xf, 0xfe, 0x0, 0x6f, 0xf7, 0xf, 0xff,
    0x44, 0xaf, 0xf7, 0xd, 0xff, 0xff, 0xff, 0xf4,
    0x3, 0xcf, 0xff, 0xfe, 0x80,

    /* U+00F6 "ö" */
    0xf, 0xff, 0x10, 0xaf, 0xf6, 0xf, 0xff, 0x10,
    0xaf, 0xf6, 0xb, 0xcc, 0x10, 0x7c, 0xc4, 0x0,
    0x0, 0x0, 0x0, 0x0, 0x3, 0xdf, 0xff, 0xfe,
    0x80, 0xd, 0xff, 0xff, 0xff, 0xf4, 0xf, 0xff,
    0x44, 0xaf, 0xf7, 0xf, 0xfe, 0x0, 0x6f, 0xf7,
    0xf, 0xfe, 0x0, 0x6f, 0xf7, 0xf, 0xfe, 0x0,
    0x6f, 0xf7, 0xf, 0xfe, 0x0, 0x6f, 0xf7, 0xf,
    0xff, 0x0, 0x8f, 0xf8, 0xf, 0xfe, 0x0, 0x6f,
    0xf7, 0xf, 0xfe, 0x0, 0x6f, 0xf7, 0xf, 0xff,
    0x44, 0xaf, 0xf7, 0xd, 0xff, 0xff, 0xff, 0xf4,
    0x3, 0xcf, 0xff, 0xfe, 0x80,

    /* U+00F7 "÷" */
    0x0, 0x0, 0x58, 0x82, 0x0, 0x0, 0x0, 0xa,
    0xff, 0x40, 0x0, 0x0, 0x0, 0xaf, 0xf4, 0x0,
    0x0, 0x0, 0x0, 0x0, 0x0, 0x0, 0x15, 0x55,
    0x55, 0x55, 0x55, 0x55, 0xff, 0xff, 0xff, 0xff,
    0xff, 0x5f, 0xff, 0xff, 0xff, 0xff, 0xf0, 0x0,
    0x0, 0x0, 0x0, 0x0, 0x0, 0x0, 0x58, 0x82,
    0x0, 0x0, 0x0, 0xa, 0xff, 0x40, 0x0, 0x0,
    0x0, 0xaf, 0xf4, 0x0, 0x0,

    /* U+00F8 "ø" */
    0x0, 0x0, 0x0, 0x0, 0x74, 0x2, 0xcf, 0xff,
    0xff, 0xf2, 0xb, 0xff, 0xff, 0xff, 0xf5, 0xe,
    0xfe, 0x11, 0x9f, 0xf8, 0xf, 0xfe, 0x0, 0xef,
    0xf8, 0xf, 0xfe, 0x7, 0xff, 0xf8, 0xf, 0xfe,
    0xe, 0xdf, 0xf8, 0xf, 0xfe, 0x7f, 0x6f, 0xf8,
    0xf, 0xfe, 0xe9, 0x4f, 0xf8, 0xf, 0xff, 0xf1,
    0x4f, 0xf8, 0xf, 0xff, 0x80, 0x4f, 0xf8, 0xe,
    0xff, 0x31, 0x6f, 0xf8, 0xb, 0xff, 0xff, 0xff,
    0xf5, 0x9, 0xff, 0xff, 0xff, 0x90, 0x7, 0x50,
    0x0, 0x0, 0x0,

    /* U+00F9 "ù" */
    0x8f, 0xf8, 0x0, 0x0, 0x0, 0xaf, 0xf2, 0x0,
    0x0, 0x0, 0xdf, 0xc0, 0x0, 0x0, 0x2, 0xaa,
    0x20, 0x0, 0x0, 0x0, 0x0, 0x0, 0xf, 0xff,
    0x0, 0xbf, 0xf4, 0xff, 0xf0, 0xb, 0xff, 0x4f,
    0xff, 0x0, 0xbf, 0xf4, 0xff, 0xf0, 0xb, 0xff,
    0x4f, 0xff, 0x0, 0xbf, 0xf4, 0xff, 0xf0, 0xb,
    0xff, 0x4f, 0xff, 0x0, 0xbf, 0xf4, 0xff, 0xf0,
    0xb, 0xff, 0x4f, 0xff, 0x0, 0xbf, 0xf4, 0xff,
    0xf0, 0xc, 0xff, 0x4e, 0xff, 0x65, 0xef, 0xf4,
    0xbf, 0xff, 0xff, 0xff, 0x42, 0xcf, 0xfc, 0xbf,
    0xf4,

    /* U+00FA "ú" */
    0x0, 0x0, 0x3f, 0xfc, 0x0, 0x0, 0xd, 0xfe,
    0x10, 0x0, 0x7, 0xff, 0x30, 0x0, 0x0, 0x9a,
    0x50, 0x0, 0x0, 0x0, 0x0, 0x0, 0xf, 0xff,
    0x0, 0xbf, 0xf4, 0xff, 0xf0, 0xb, 0xff, 0x4f,
    0xff, 0x0, 0xbf, 0xf4, 0xff, 0xf0, 0xb, 0xff,
    0x4f, 0xff, 0x0, 0xbf, 0xf4, 0xff, 0xf0, 0xb,
    0xff, 0x4f, 0xff, 0x0, 0xbf, 0xf4, 0xff, 0xf0,
    0xb, 0xff, 0x4f, 0xff, 0x0, 0xbf, 0xf4, 0xff,
    0xf0, 0xc, 0xff, 0x4e, 0xff, 0x65, 0xef, 0xf4,
    0xbf, 0xff, 0xff, 0xff, 0x42, 0xcf, 0xfc, 0xbf,
    0xf4,

    /* U+00FB "û" */
    0x0, 0xc, 0xff, 0xe1, 0x0, 0x0, 0x8f, 0xfe,
    0xfc, 0x0, 0x5, 0xff, 0x74, 0xff, 0x80, 0x9,
    0xa9, 0x0, 0x7a, 0x91, 0x0, 0x0, 0x0, 0x0,
    0x0, 0xf, 0xff, 0x0, 0xbf, 0xf4, 0xf, 0xff,
    0x0, 0xbf, 0xf4, 0xf, 0xff, 0x0, 0xbf, 0xf4,
    0xf, 0xff, 0x0, 0xbf, 0xf4, 0xf, 0xff, 0x0,
    0xbf, 0xf4, 0xf, 0xff, 0x0, 0xbf, 0xf4, 0xf,
    0xff, 0x0, 0xbf, 0xf4, 0xf, 0xff, 0x0, 0xbf,
    0xf4, 0xf, 0xff, 0x0, 0xbf, 0xf4, 0xf, 0xff,
    0x0, 0xcf, 0xf4, 0xe, 0xff, 0x65, 0xef, 0xf4,
    0xb, 0xff, 0xff, 0xff, 0xf4, 0x2, 0xcf, 0xfc,
    0xbf, 0xf4,

    /* U+00FC "ü" */
    0x1f, 0xfe, 0x0, 0xcf, 0xf3, 0x1f, 0xfe, 0x0,
    0xcf, 0xf3, 0x1c, 0xcb, 0x0, 0x9c, 0xc2, 0x0,
    0x0, 0x0, 0x0, 0x0, 0xf, 0xff, 0x0, 0xbf,
    0xf4, 0xf, 0xff, 0x0, 0xbf, 0xf4, 0xf, 0xff,
    0x0, 0xbf, 0xf4, 0xf, 0xff, 0x0, 0xbf, 0xf4,
    0xf, 0xff, 0x0, 0xbf, 0xf4, 0xf, 0xff, 0x0,
    0xbf, 0xf4, 0xf, 0xff, 0x0, 0xbf, 0xf4, 0xf,
    0xff, 0x0, 0xbf, 0xf4, 0xf, 0xff, 0x0, 0xbf,
    0xf4, 0xf, 0xff, 0x0, 0xcf, 0xf4, 0xe, 0xff,
    0x65, 0xef, 0xf4, 0xb, 0xff, 0xff, 0xff, 0xf4,
    0x2, 0xcf, 0xfc, 0xbf, 0xf4,

    /* U+00FD "ý" */
    0x0, 0x0, 0x5, 0xff, 0xb0, 0x0, 0x0, 0xe,
    0xfd, 0x10, 0x0, 0x0, 0x8f, 0xf2, 0x0, 0x0,
    0x0, 0x9a, 0x40, 0x0, 0x0, 0x0, 0x0, 0x0,
    0x0, 0xbf, 0xf4, 0x0, 0x6f, 0xf9, 0x8f, 0xf7,
    0x0, 0x8f, 0xf5, 0x4f, 0xfa, 0x0, 0xbf, 0xf2,
    0x1f, 0xfd, 0x0, 0xdf, 0xf0, 0xd, 0xff, 0x0,
    0xff, 0xc0, 0x9, 0xff, 0x23, 0xff, 0x80, 0x6,
    0xff, 0x55, 0xff, 0x50, 0x2, 0xff, 0x88, 0xff,
    0x20, 0x0, 0xff, 0xaa, 0xff, 0x0, 0x0, 0xbf,
    0xdd, 0xfc, 0x0, 0x0, 0x7f, 0xff, 0xf8, 0x0,
    0x0, 0x4f, 0xff, 0xf5, 0x0, 0x0, 0xf, 0xff,
    0xf2, 0x0, 0x0, 0x0, 0xaf, 0xf0, 0x0, 0x2,
    0x46, 0xff, 0xb0, 0x0, 0x7, 0xff, 0xff, 0x40,
    0x0, 0x7, 0xff, 0xd5, 0x0, 0x0,

    /* U+00FE "þ" */
    0xff, 0xf0, 0x0, 0x0, 0xf, 0xff, 0x0, 0x0,
    0x0, 0xff, 0xf0, 0x0, 0x0, 0xf, 0xff, 0x0,
    0x0, 0x0, 0xff, 0xf0, 0x0, 0x0, 0xf, 0xff,
    0x8f, 0xfe, 0x60, 0xff, 0xff, 0xff, 0xff, 0x1f,
    0xff, 0x75, 0xdf, 0xf3, 0xff, 0xf0, 0xb, 0xff,
    0x4f, 0xff, 0x0, 0xbf, 0xf4, 0xff, 0xf0, 0xb,
    0xff, 0x4f, 0xff, 0x0, 0xcf, 0xf4, 0xff, 0xf0,
    0xb, 0xff, 0x4f, 0xff, 0x0, 0xbf, 0xf4, 0xff,
    0xf0, 0xb, 0xff, 0x4f, 0xff, 0x75, 0xdf, 0xf3,
    0xff, 0xff, 0xff, 0xff, 0x1f, 0xff, 0x8f, 0xfe,
    0x60, 0xff, 0xf0, 0x0, 0x0, 0xf, 0xff, 0x0,
    0x0, 0x0, 0xff, 0xf0, 0x0, 0x0, 0xf, 0xff,
    0x0, 0x0, 0x0,

    /* U+00FF "ÿ" */
    0x4f, 0xfc, 0x0, 0xff, 0xf1, 0x4f, 0xfc, 0x0,
    0xff, 0xf1, 0x3c, 0xc9, 0x0, 0xbc, 0xc1, 0x0,
    0x0, 0x0, 0x0, 0x0, 0xbf, 0xf4, 0x0, 0x6f,
    0xf9, 0x8f, 0xf7, 0x0, 0x8f, 0xf5, 0x4f, 0xfa,
    0x0, 0xbf, 0xf2, 0x1f, 0xfd, 0x0, 0xdf, 0xf0,
    0xd, 0xff, 0x0, 0xff, 0xc0, 0x9, 0xff, 0x23,
    0xff, 0x80, 0x6, 0xff, 0x55, 0xff, 0x50, 0x2,
    0xff, 0x88, 0xff, 0x20, 0x0, 0xff, 0xaa, 0xff,
    0x0, 0x0, 0xbf, 0xdd, 0xfc, 0x0, 0x0, 0x7f,
    0xff, 0xf8, 0x0, 0x0, 0x4f, 0xff, 0xf5, 0x0,
    0x0, 0xf, 0xff, 0xf2, 0x0, 0x0, 0x0, 0xaf,
    0xf0, 0x0, 0x2, 0x46, 0xff, 0xb0, 0x0, 0x7,
    0xff, 0xff, 0x40, 0x0, 0x7, 0xff, 0xd5, 0x0,
    0x0
};


/*---------------------
 *  GLYPH DESCRIPTION
 *--------------------*/

static const lv_font_fmt_txt_glyph_dsc_t glyph_dsc[] = {
    {.bitmap_index = 0, .adv_w = 0, .box_w = 0, .box_h = 0, .ofs_x = 0, .ofs_y = 0} /* id = 0 reserved */,
    {.bitmap_index = 0, .adv_w = 67, .box_w = 0, .box_h = 0, .ofs_x = 0, .ofs_y = 0},
    {.bitmap_index = 0, .adv_w = 97, .box_w = 4, .box_h = 17, .ofs_x = 1, .ofs_y = 0},
    {.bitmap_index = 34, .adv_w = 139, .box_w = 8, .box_h = 7, .ofs_x = 0, .ofs_y = 10},
    {.bitmap_index = 62, .adv_w = 228, .box_w = 14, .box_h = 17, .ofs_x = 0, .ofs_y = 0},
    {.bitmap_index = 181, .adv_w = 166, .box_w = 10, .box_h = 21, .ofs_x = 0, .ofs_y = -2},
    {.bitmap_index = 286, .adv_w = 298, .box_w = 18, .box_h = 17, .ofs_x = 0, .ofs_y = 0},
    {.bitmap_index = 439, .adv_w = 212, .box_w = 15, .box_h = 18, .ofs_x = 0, .ofs_y = -1},
    {.bitmap_index = 574, .adv_w = 77, .box_w = 4, .box_h = 7, .ofs_x = 0, .ofs_y = 10},
    {.bitmap_index = 588, .adv_w = 119, .box_w = 7, .box_h = 26, .ofs_x = 1, .ofs_y = -5},
    {.bitmap_index = 679, .adv_w = 119, .box_w = 8, .box_h = 26, .ofs_x = -1, .ofs_y = -5},
    {.bitmap_index = 783, .adv_w = 142, .box_w = 9, .box_h = 8, .ofs_x = 0, .ofs_y = 9},
    {.bitmap_index = 819, .adv_w = 182, .box_w = 11, .box_h = 11, .ofs_x = 0, .ofs_y = 3},
    {.bitmap_index = 880, .adv_w = 79, .box_w = 5, .box_h = 8, .ofs_x = 0, .ofs_y = -4},
    {.bitmap_index = 900, .adv_w = 134, .box_w = 7, .box_h = 3, .ofs_x = 1, .ofs_y = 7},
    {.bitmap_index = 911, .adv_w = 79, .box_w = 5, .box_h = 4, .ofs_x = 0, .ofs_y = 0},
    {.bitmap_index = 921, .adv_w = 165, .box_w = 11, .box_h = 22, .ofs_x = -1, .ofs_y = -3},
    {.bitmap_index = 1042, .adv_w = 176, .box_w = 9, .box_h = 17, .ofs_x = 1, .ofs_y = 0},
    {.bitmap_index = 1119, .adv_w = 108, .box_w = 6, .box_h = 17, .ofs_x = 0, .ofs_y = 0},
    {.bitmap_index = 1170, .adv_w = 154, .box_w = 9, .box_h = 17, .ofs_x = 0, .ofs_y = 0},
    {.bitmap_index = 1247, .adv_w = 162, .box_w = 10, .box_h = 17, .ofs_x = 0, .ofs_y = 0},
    {.bitmap_index = 1332, .adv_w = 168, .box_w = 11, .box_h = 17, .ofs_x = 0, .ofs_y = 0},
    {.bitmap_index = 1426, .adv_w = 166, .box_w = 9, .box_h = 17, .ofs_x = 1, .ofs_y = 0},
    {.bitmap_index = 1503, .adv_w = 172, .box_w = 9, .box_h = 17, .ofs_x = 1, .ofs_y = 0},
    {.bitmap_index = 1580, .adv_w = 137, .box_w = 9, .box_h = 17, .ofs_x = 0, .ofs_y = 0},
    {.bitmap_index = 1657, .adv_w = 175, .box_w = 9, .box_h = 17, .ofs_x = 1, .ofs_y = 0},
    {.bitmap_index = 1734, .adv_w = 171, .box_w = 10, .box_h = 17, .ofs_x = 0, .ofs_y = 0},
    {.bitmap_index = 1819, .adv_w = 79, .box_w = 5, .box_h = 13, .ofs_x = 0, .ofs_y = 0},
    {.bitmap_index = 1852, .adv_w = 79, .box_w = 5, .box_h = 17, .ofs_x = 0, .ofs_y = -4},
    {.bitmap_index = 1895, .adv_w = 188, .box_w = 12, .box_h = 11, .ofs_x = 0, .ofs_y = 3},
    {.bitmap_index = 1961, .adv_w = 188, .box_w = 12, .box_h = 8, .ofs_x = 0, .ofs_y = 5},
    {.bitmap_index = 2009, .adv_w = 188, .box_w = 12, .box_h = 11, .ofs_x = 0, .ofs_y = 3},
    {.bitmap_index = 2075, .adv_w = 158, .box_w = 9, .box_h = 17, .ofs_x = 0, .ofs_y = 0},
    {.bitmap_index = 2152, .adv_w = 310, .box_w = 18, .box_h = 18, .ofs_x = 1, .ofs_y = -2},
    {.bitmap_index = 2314, .adv_w = 179, .box_w = 11, .box_h = 17, .ofs_x = 0, .ofs_y = 0},
    {.bitmap_index = 2408, .adv_w = 183, .box_w = 10, .box_h = 17, .ofs_x = 1, .ofs_y = 0},
    {.bitmap_index = 2493, .adv_w = 171, .box_w = 9, .box_h = 17, .ofs_x = 1, .ofs_y = 0},
    {.bitmap_index = 2570, .adv_w = 186, .box_w = 10, .box_h = 17, .ofs_x = 1, .ofs_y = 0},
    {.bitmap_index = 2655, .adv_w = 156, .box_w = 9, .box_h = 17, .ofs_x = 1, .ofs_y = 0},
    {.bitmap_index = 2732, .adv_w = 151, .box_w = 9, .box_h = 17, .ofs_x = 1, .ofs_y = 0},
    {.bitmap_index = 2809, .adv_w = 173, .box_w = 9, .box_h = 17, .ofs_x = 1, .ofs_y = 0},
    {.bitmap_index = 2886, .adv_w = 190, .box_w = 10, .box_h = 17, .ofs_x = 1, .ofs_y = 0},
    {.bitmap_index = 2971, .adv_w = 93, .box_w = 4, .box_h = 17, .ofs_x = 1, .ofs_y = 0},
    {.bitmap_index = 3005, .adv_w = 154, .box_w = 9, .box_h = 17, .ofs_x = 0, .ofs_y = 0},
    {.bitmap_index = 3082, .adv_w = 177, .box_w = 10, .box_h = 17, .ofs_x = 1, .ofs_y = 0},
    {.bitmap_index = 3167, .adv_w = 139, .box_w = 8, .box_h = 17, .ofs_x = 1, .ofs_y = 0},
    {.bitmap_index = 3235, .adv_w = 233, .box_w = 13, .box_h = 17, .ofs_x = 1, .ofs_y = 0},
    {.bitmap_index = 3346, .adv_w = 186, .box_w = 10, .box_h = 17, .ofs_x = 1, .ofs_y = 0},
    {.bitmap_index = 3431, .adv_w = 178, .box_w = 9, .box_h = 17, .ofs_x = 1, .ofs_y = 0},
    {.bitmap_index = 3508, .adv_w = 173, .box_w = 10, .box_h = 17, .ofs_x = 1, .ofs_y = 0},
    {.bitmap_index = 3593, .adv_w = 178, .box_w = 10, .box_h = 19, .ofs_x = 1, .ofs_y = -2},
    {.bitmap_index = 3688, .adv_w = 179, .box_w = 10, .box_h = 17, .ofs_x = 1, .ofs_y = 0},
    {.bitmap_index = 3773, .adv_w = 166, .box_w = 10, .box_h = 17, .ofs_x = 0, .ofs_y = 0},
    {.bitmap_index = 3858, .adv_w = 144, .box_w = 9, .box_h = 17, .ofs_x = 0, .ofs_y = 0},
    {.bitmap_index = 3935, .adv_w = 180, .box_w = 10, .box_h = 17, .ofs_x = 1, .ofs_y = 0},
    {.bitmap_index = 4020, .adv_w = 172, .box_w = 11, .box_h = 17, .ofs_x = 0, .ofs_y = 0},
    {.bitmap_index = 4114, .adv_w = 281, .box_w = 18, .box_h = 17, .ofs_x = 0, .ofs_y = 0},
    {.bitmap_index = 4267, .adv_w = 173, .box_w = 11, .box_h = 17, .ofs_x = 0, .ofs_y = 0},
    {.bitmap_index = 4361, .adv_w = 169, .box_w = 11, .box_h = 17, .ofs_x = 0, .ofs_y = 0},
    {.bitmap_index = 4455, .adv_w = 149, .box_w = 9, .box_h = 17, .ofs_x = 0, .ofs_y = 0},
    {.bitmap_index = 4532, .adv_w = 130, .box_w = 6, .box_h = 25, .ofs_x = 1, .ofs_y = -4},
    {.bitmap_index = 4607, .adv_w = 165, .box_w = 11, .box_h = 22, .ofs_x = 0, .ofs_y = -3},
    {.bitmap_index = 4728, .adv_w = 130, .box_w = 7, .box_h = 25, .ofs_x = 0, .ofs_y = -4},
    {.bitmap_index = 4816, .adv_w = 232, .box_w = 12, .box_h = 10, .ofs_x = 1, .ofs_y = 8},
    {.bitmap_index = 4876, .adv_w = 197, .box_w = 13, .box_h = 3, .ofs_x = 0, .ofs_y = -3},
    {.bitmap_index = 4896, .adv_w = 185, .box_w = 7, .box_h = 4, .ofs_x = 2, .ofs_y = 14},
    {.bitmap_index = 4910, .adv_w = 164, .box_w = 10, .box_h = 13, .ofs_x = 0, .ofs_y = 0},
    {.bitmap_index = 4975, .adv_w = 164, .box_w = 9, .box_h = 18, .ofs_x = 1, .ofs_y = 0},
    {.bitmap_index = 5056, .adv_w = 158, .box_w = 10, .box_h = 13, .ofs_x = 0, .ofs_y = 0},
    {.bitmap_index = 5121, .adv_w = 164, .box_w = 10, .box_h = 18, .ofs_x = 0, .ofs_y = 0},
    {.bitmap_index = 5211, .adv_w = 163, .box_w = 10, .box_h = 13, .ofs_x = 0, .ofs_y = 0},
    {.bitmap_index = 5276, .adv_w = 103, .box_w = 7, .box_h = 18, .ofs_x = 0, .ofs_y = 0},
    {.bitmap_index = 5339, .adv_w = 164, .box_w = 10, .box_h = 17, .ofs_x = 0, .ofs_y = -4},
    {.bitmap_index = 5424, .adv_w = 166, .box_w = 9, .box_h = 18, .ofs_x = 1, .ofs_y = 0},
    {.bitmap_index = 5505, .adv_w = 83, .box_w = 4, .box_h = 18, .ofs_x = 1, .ofs_y = 0},
    {.bitmap_index = 5541, .adv_w = 83, .box_w = 6, .box_h = 22, .ofs_x = -1, .ofs_y = -4},
    {.bitmap_index = 5607, .adv_w = 163, .box_w = 10, .box_h = 18, .ofs_x = 1, .ofs_y = 0},
    {.bitmap_index = 5697, .adv_w = 83, .box_w = 4, .box_h = 18, .ofs_x = 1, .ofs_y = 0},
    {.bitmap_index = 5733, .adv_w = 249, .box_w = 14, .box_h = 13, .ofs_x = 1, .ofs_y = 0},
    {.bitmap_index = 5824, .adv_w = 166, .box_w = 9, .box_h = 13, .ofs_x = 1, .ofs_y = 0},
    {.bitmap_index = 5883, .adv_w = 167, .box_w = 10, .box_h = 13, .ofs_x = 0, .ofs_y = 0},
    {.bitmap_index = 5948, .adv_w = 164, .box_w = 9, .box_h = 17, .ofs_x = 1, .ofs_y = -4},
    {.bitmap_index = 6025, .adv_w = 164, .box_w = 10, .box_h = 17, .ofs_x = 0, .ofs_y = -4},
    {.bitmap_index = 6110, .adv_w = 111, .box_w = 6, .box_h = 13, .ofs_x = 1, .ofs_y = 0},
    {.bitmap_index = 6149, .adv_w = 151, .box_w = 9, .box_h = 13, .ofs_x = 0, .ofs_y = 0},
    {.bitmap_index = 6208, .adv_w = 102, .box_w = 7, .box_h = 16, .ofs_x = 0, .ofs_y = 0},
    {.bitmap_index = 6264, .adv_w = 166, .box_w = 9, .box_h = 13, .ofs_x = 1, .ofs_y = 0},
    {.bitmap_index = 6323, .adv_w = 149, .box_w = 10, .box_h = 13, .ofs_x = 0, .ofs_y = 0},
    {.bitmap_index = 6388, .adv_w = 243, .box_w = 16, .box_h = 13, .ofs_x = 0, .ofs_y = 0},
    {.bitmap_index = 6492, .adv_w = 155, .box_w = 10, .box_h = 13, .ofs_x = 0, .ofs_y = 0},
    {.bitmap_index = 6557, .adv_w = 157, .box_w = 10, .box_h = 17, .ofs_x = 0, .ofs_y = -4},
    {.bitmap_index = 6642, .adv_w = 134, .box_w = 9, .box_h = 13, .ofs_x = 0, .ofs_y = 0},
    {.bitmap_index = 6701, .adv_w = 123, .box_w = 8, .box_h = 25, .ofs_x = 0, .ofs_y = -4},
    {.bitmap_index = 6801, .adv_w = 90, .box_w = 4, .box_h = 24, .ofs_x = 1, .ofs_y = -4},
    {.bitmap_index = 6849, .adv_w = 123, .box_w = 8, .box_h = 25, .ofs_x = 0, .ofs_y = -4},
    {.bitmap_index = 6949, .adv_w = 242, .box_w = 13, .box_h = 5, .ofs_x = 1, .ofs_y = 6},
    {.bitmap_index = 6982, .adv_w = 67, .box_w = 0, .box_h = 0, .ofs_x = 0, .ofs_y = 0},
    {.bitmap_index = 6982, .adv_w = 97, .box_w = 4, .box_h = 17, .ofs_x = 1, .ofs_y = -4},
    {.bitmap_index = 7016, .adv_w = 158, .box_w = 10, .box_h = 17, .ofs_x = 0, .ofs_y = -2},
    {.bitmap_index = 7101, .adv_w = 175, .box_w = 11, .box_h = 17, .ofs_x = 0, .ofs_y = 0},
    {.bitmap_index = 7195, .adv_w = 215, .box_w = 12, .box_h = 14, .ofs_x = 1, .ofs_y = 1},
    {.bitmap_index = 7279, .adv_w = 177, .box_w = 11, .box_h = 17, .ofs_x = 0, .ofs_y = 0},
    {.bitmap_index = 7373, .adv_w = 90, .box_w = 4, .box_h = 22, .ofs_x = 1, .ofs_y = -3},
    {.bitmap_index = 7417, .adv_w = 189, .box_w = 10, .box_h = 19, .ofs_x = 1, .ofs_y = -1},
    {.bitmap_index = 7512, .adv_w = 185, .box_w = 9, .box_h = 3, .ofs_x = 1, .ofs_y = 14},
    {.bitmap_index = 7526, .adv_w = 300, .box_w = 17, .box_h = 17, .ofs_x = 1, .ofs_y = 0},
    {.bitmap_index = 7671, .adv_w = 116, .box_w = 7, .box_h = 9, .ofs_x = 0, .ofs_y = 7},
    {.bitmap_index = 7703, .adv_w = 205, .box_w = 13, .box_h = 9, .ofs_x = 0, .ofs_y = 3},
    {.bitmap_index = 7762, .adv_w = 204, .box_w = 11, .box_h = 8, .ofs_x = 1, .ofs_y = 4},
    {.bitmap_index = 7806, .adv_w = 134, .box_w = 7, .box_h = 3, .ofs_x = 1, .ofs_y = 7},
    {.bitmap_index = 7817, .adv_w = 180, .box_w = 11, .box_h = 10, .ofs_x = 0, .ofs_y = 8},
    {.bitmap_index = 7872, .adv_w = 185, .box_w = 9, .box_h = 3, .ofs_x = 1, .ofs_y = 15},
    {.bitmap_index = 7886, .adv_w = 171, .box_w = 9, .box_h = 8, .ofs_x = 1, .ofs_y = 9},
    {.bitmap_index = 7922, .adv_w = 188, .box_w = 12, .box_h = 10, .ofs_x = 0, .ofs_y = 4},
    {.bitmap_index = 7982, .adv_w = 94, .box_w = 6, .box_h = 9, .ofs_x = 0, .ofs_y = 7},
    {.bitmap_index = 8009, .adv_w = 97, .box_w = 6, .box_h = 9, .ofs_x = 0, .ofs_y = 7},
    {.bitmap_index = 8036, .adv_w = 185, .box_w = 6, .box_h = 4, .ofs_x = 3, .ofs_y = 14},
    {.bitmap_index = 8048, .adv_w = 168, .box_w = 9, .box_h = 17, .ofs_x = 1, .ofs_y = -4},
    {.bitmap_index = 8125, .adv_w = 218, .box_w = 12, .box_h = 21, .ofs_x = 1, .ofs_y = -4},
    {.bitmap_index = 8251, .adv_w = 97, .box_w = 5, .box_h = 4, .ofs_x = 0, .ofs_y = 7},
    {.bitmap_index = 8261, .adv_w = 185, .box_w = 6, .box_h = 4, .ofs_x = 3, .ofs_y = -5},
    {.bitmap_index = 8273, .adv_w = 69, .box_w = 4, .box_h = 9, .ofs_x = 0, .ofs_y = 7},
    {.bitmap_index = 8291, .adv_w = 113, .box_w = 7, .box_h = 9, .ofs_x = 0, .ofs_y = 7},
    {.bitmap_index = 8323, .adv_w = 205, .box_w = 13, .box_h = 9, .ofs_x = 0, .ofs_y = 3},
    {.bitmap_index = 8382, .adv_w = 158, .box_w = 9, .box_h = 17, .ofs_x = 0, .ofs_y = -4},
    {.bitmap_index = 8459, .adv_w = 179, .box_w = 11, .box_h = 21, .ofs_x = 0, .ofs_y = 0},
    {.bitmap_index = 8575, .adv_w = 179, .box_w = 11, .box_h = 21, .ofs_x = 0, .ofs_y = 0},
    {.bitmap_index = 8691, .adv_w = 179, .box_w = 11, .box_h = 21, .ofs_x = 0, .ofs_y = 0},
    {.bitmap_index = 8807, .adv_w = 179, .box_w = 11, .box_h = 21, .ofs_x = 0, .ofs_y = 0},
    {.bitmap_index = 8923, .adv_w = 179, .box_w = 11, .box_h = 20, .ofs_x = 0, .ofs_y = 0},
    {.bitmap_index = 9033, .adv_w = 179, .box_w = 11, .box_h = 23, .ofs_x = 0, .ofs_y = 0},
    {.bitmap_index = 9160, .adv_w = 264, .box_w = 16, .box_h = 17, .ofs_x = 0, .ofs_y = 0},
    {.bitmap_index = 9296, .adv_w = 171, .box_w = 9, .box_h = 23, .ofs_x = 1, .ofs_y = -6},
    {.bitmap_index = 9400, .adv_w = 156, .box_w = 9, .box_h = 21, .ofs_x = 1, .ofs_y = 0},
    {.bitmap_index = 9495, .adv_w = 156, .box_w = 9, .box_h = 21, .ofs_x = 1, .ofs_y = 0},
    {.bitmap_index = 9590, .adv_w = 156, .box_w = 10, .box_h = 21, .ofs_x = 0, .ofs_y = 0},
    {.bitmap_index = 9695, .adv_w = 165, .box_w = 10, .box_h = 20, .ofs_x = 0, .ofs_y = 0},
    {.bitmap_index = 9795, .adv_w = 93, .box_w = 7, .box_h = 21, .ofs_x = -2, .ofs_y = 0},
    {.bitmap_index = 9869, .adv_w = 93, .box_w = 7, .box_h = 21, .ofs_x = 1, .ofs_y = 0},
    {.bitmap_index = 9943, .adv_w = 93, .box_w = 10, .box_h = 21, .ofs_x = -2, .ofs_y = 0},
    {.bitmap_index = 10048, .adv_w = 93, .box_w = 10, .box_h = 20, .ofs_x = -2, .ofs_y = 0},
    {.bitmap_index = 10148, .adv_w = 185, .box_w = 11, .box_h = 17, .ofs_x = 0, .ofs_y = 0},
    {.bitmap_index = 10242, .adv_w = 186, .box_w = 10, .box_h = 21, .ofs_x = 1, .ofs_y = 0},
    {.bitmap_index = 10347, .adv_w = 178, .box_w = 9, .box_h = 21, .ofs_x = 1, .ofs_y = 0},
    {.bitmap_index = 10442, .adv_w = 178, .box_w = 9, .box_h = 21, .ofs_x = 1, .ofs_y = 0},
    {.bitmap_index = 10537, .adv_w = 178, .box_w = 9, .box_h = 21, .ofs_x = 1, .ofs_y = 0},
    {.bitmap_index = 10632, .adv_w = 178, .box_w = 9, .box_h = 21, .ofs_x = 1, .ofs_y = 0},
    {.bitmap_index = 10727, .adv_w = 176, .box_w = 9, .box_h = 20, .ofs_x = 1, .ofs_y = 0},
    {.bitmap_index = 10817, .adv_w = 170, .box_w = 11, .box_h = 11, .ofs_x = 0, .ofs_y = 3},
    {.bitmap_index = 10878, .adv_w = 181, .box_w = 10, .box_h = 19, .ofs_x = 1, .ofs_y = -1},
    {.bitmap_index = 10973, .adv_w = 180, .box_w = 10, .box_h = 21, .ofs_x = 1, .ofs_y = 0},
    {.bitmap_index = 11078, .adv_w = 180, .box_w = 10, .box_h = 21, .ofs_x = 1, .ofs_y = 0},
    {.bitmap_index = 11183, .adv_w = 180, .box_w = 10, .box_h = 21, .ofs_x = 1, .ofs_y = 0},
    {.bitmap_index = 11288, .adv_w = 180, .box_w = 10, .box_h = 20, .ofs_x = 1, .ofs_y = 0},
    {.bitmap_index = 11388, .adv_w = 169, .box_w = 11, .box_h = 21, .ofs_x = 0, .ofs_y = 0},
    {.bitmap_index = 11504, .adv_w = 178, .box_w = 10, .box_h = 17, .ofs_x = 1, .ofs_y = 0},
    {.bitmap_index = 11589, .adv_w = 223, .box_w = 13, .box_h = 17, .ofs_x = 1, .ofs_y = 0},
    {.bitmap_index = 11700, .adv_w = 164, .box_w = 10, .box_h = 18, .ofs_x = 0, .ofs_y = 0},
    {.bitmap_index = 11790, .adv_w = 164, .box_w = 10, .box_h = 18, .ofs_x = 0, .ofs_y = 0},
    {.bitmap_index = 11880, .adv_w = 164, .box_w = 10, .box_h = 18, .ofs_x = 0, .ofs_y = 0},
    {.bitmap_index = 11970, .adv_w = 164, .box_w = 10, .box_h = 17, .ofs_x = 0, .ofs_y = 0},
    {.bitmap_index = 12055, .adv_w = 164, .box_w = 10, .box_h = 17, .ofs_x = 0, .ofs_y = 0},
    {.bitmap_index = 12140, .adv_w = 164, .box_w = 10, .box_h = 19, .ofs_x = 0, .ofs_y = 0},
    {.bitmap_index = 12235, .adv_w = 253, .box_w = 14, .box_h = 13, .ofs_x = 1, .ofs_y = 0},
    {.bitmap_index = 12326, .adv_w = 158, .box_w = 10, .box_h = 19, .ofs_x = 0, .ofs_y = -6},
    {.bitmap_index = 12421, .adv_w = 163, .box_w = 10, .box_h = 18, .ofs_x = 0, .ofs_y = 0},
    {.bitmap_index = 12511, .adv_w = 163, .box_w = 10, .box_h = 18, .ofs_x = 0, .ofs_y = 0},
    {.bitmap_index = 12601, .adv_w = 163, .box_w = 10, .box_h = 18, .ofs_x = 0, .ofs_y = 0},
    {.bitmap_index = 12691, .adv_w = 163, .box_w = 10, .box_h = 17, .ofs_x = 0, .ofs_y = 0},
    {.bitmap_index = 12776, .adv_w = 83, .box_w = 7, .box_h = 18, .ofs_x = -2, .ofs_y = 0},
    {.bitmap_index = 12839, .adv_w = 83, .box_w = 6, .box_h = 18, .ofs_x = 1, .ofs_y = 0},
    {.bitmap_index = 12893, .adv_w = 83, .box_w = 9, .box_h = 18, .ofs_x = -2, .ofs_y = 0},
    {.bitmap_index = 12974, .adv_w = 83, .box_w = 9, .box_h = 17, .ofs_x = -2, .ofs_y = 0},
    {.bitmap_index = 13051, .adv_w = 171, .box_w = 10, .box_h = 17, .ofs_x = 0, .ofs_y = 0},
    {.bitmap_index = 13136, .adv_w = 166, .box_w = 10, .box_h = 17, .ofs_x = 0, .ofs_y = 0},
    {.bitmap_index = 13221, .adv_w = 167, .box_w = 10, .box_h = 18, .ofs_x = 0, .ofs_y = 0},
    {.bitmap_index = 13311, .adv_w = 167, .box_w = 10, .box_h = 18, .ofs_x = 0, .ofs_y = 0},
    {.bitmap_index = 13401, .adv_w = 167, .box_w = 10, .box_h = 18, .ofs_x = 0, .ofs_y = 0},
    {.bitmap_index = 13491, .adv_w = 167, .box_w = 10, .box_h = 17, .ofs_x = 0, .ofs_y = 0},
    {.bitmap_index = 13576, .adv_w = 167, .box_w = 10, .box_h = 17, .ofs_x = 0, .ofs_y = 0},
    {.bitmap_index = 13661, .adv_w = 186, .box_w = 11, .box_h = 11, .ofs_x = 0, .ofs_y = 3},
    {.bitmap_index = 13722, .adv_w = 170, .box_w = 10, .box_h = 15, .ofs_x = 0, .ofs_y = -1},
    {.bitmap_index = 13797, .adv_w = 166, .box_w = 9, .box_h = 18, .ofs_x = 1, .ofs_y = 0},
    {.bitmap_index = 13878, .adv_w = 166, .box_w = 9, .box_h = 18, .ofs_x = 1, .ofs_y = 0},
    {.bitmap_index = 13959, .adv_w = 165, .box_w = 10, .box_h = 18, .ofs_x = 0, .ofs_y = 0},
    {.bitmap_index = 14049, .adv_w = 168, .box_w = 10, .box_h = 17, .ofs_x = 0, .ofs_y = 0},
    {.bitmap_index = 14134, .adv_w = 157, .box_w = 10, .box_h = 22, .ofs_x = 0, .ofs_y = -4},
    {.bitmap_index = 14244, .adv_w = 166, .box_w = 9, .box_h = 22, .ofs_x = 1, .ofs_y = -4},
    {.bitmap_index = 14343, .adv_w = 163, .box_w = 10, .box_h = 21, .ofs_x = 0, .ofs_y = -4}
};

/*---------------------
 *  CHARACTER MAPPING
 *--------------------*/



/*Collect the unicode lists and glyph_id offsets*/
static const lv_font_fmt_txt_cmap_t cmaps[] =
{
    {
        .range_start = 32, .range_length = 95, .glyph_id_start = 1,
        .unicode_list = NULL, .glyph_id_ofs_list = NULL, .list_length = 0, .type = LV_FONT_FMT_TXT_CMAP_FORMAT0_TINY
    },
    {
        .range_start = 160, .range_length = 28, .glyph_id_start = 96,
        .unicode_list = NULL, .glyph_id_ofs_list = NULL, .list_length = 0, .type = LV_FONT_FMT_TXT_CMAP_FORMAT0_TINY
    },
    {
        .range_start = 191, .range_length = 65, .glyph_id_start = 124,
        .unicode_list = NULL, .glyph_id_ofs_list = NULL, .list_length = 0, .type = LV_FONT_FMT_TXT_CMAP_FORMAT0_TINY
    }
};



/*--------------------
 *  ALL CUSTOM DATA
 *--------------------*/

#if LVGL_VERSION_MAJOR == 8
/*Store all the custom data of the font*/
static  lv_font_fmt_txt_glyph_cache_t cache;
#endif

#if LVGL_VERSION_MAJOR >= 8
static const lv_font_fmt_txt_dsc_t font_dsc = {
#else
static lv_font_fmt_txt_dsc_t font_dsc = {
#endif
    .glyph_bitmap = glyph_bitmap,
    .glyph_dsc = glyph_dsc,
    .cmaps = cmaps,
    .kern_dsc = NULL,
    .kern_scale = 0,
    .cmap_num = 3,
    .bpp = 4,
    .kern_classes = 0,
    .bitmap_format = 0,
#if LVGL_VERSION_MAJOR == 8
    .cache = &cache
#endif
};



/*-----------------
 *  PUBLIC FONT
 *----------------*/

/*Initialize a public general font descriptor*/
#if LVGL_VERSION_MAJOR >= 8
const lv_font_t lv_font_teko_medium_26 = {
#else
lv_font_t lv_font_teko_medium_26 = {
#endif
    .get_glyph_dsc = lv_font_get_glyph_dsc_fmt_txt,    /*Function pointer to get glyph's data*/
    .get_glyph_bitmap = lv_font_get_bitmap_fmt_txt,    /*Function pointer to get glyph's bitmap*/
    .line_height = 29,          /*The maximum line height required by the font*/
    .base_line = 6,             /*Baseline measured from the bottom of the line*/
#if !(LVGL_VERSION_MAJOR == 6 && LVGL_VERSION_MINOR == 0)
    .subpx = LV_FONT_SUBPX_NONE,
#endif
#if LV_VERSION_CHECK(7, 4, 0) || LVGL_VERSION_MAJOR >= 8
    .underline_position = -3,
    .underline_thickness = 1,
#endif
    .dsc = &font_dsc,          /*The custom font data. Will be accessed by `get_glyph_bitmap/dsc` */
#if LV_VERSION_CHECK(8, 2, 0) || LVGL_VERSION_MAJOR >= 9
    .fallback = NULL,
#endif
    .user_data = NULL,
};



#endif /*#if LV_FONT_TEKO_MEDIUM_26*/

