/*******************************************************************************
 * Size: 38 px
 * Bpp: 4
 * Opts: --font Teko-Bold.ttf --no-compress --bpp 4 --size 38 --format lvgl -o out/lv_font_teko_bold_38.c --lv-include lvgl.h --range 0x20-0x7E,0xA0-0xFF
 ******************************************************************************/

#ifdef LV_LVGL_H_INCLUDE_SIMPLE
#include "lvgl.h"
#else
#include "lvgl.h"
#endif

#ifndef LV_FONT_TEKO_BOLD_38
#define LV_FONT_TEKO_BOLD_38 1
#endif

#if LV_FONT_TEKO_BOLD_38

/*-----------------
 *    BITMAPS
 *----------------*/

/*Store the image of the glyphs*/
static LV_ATTRIBUTE_LARGE_CONST const uint8_t glyph_bitmap[] = {
    /* U+0020 " " */

    /* U+0021 "!" */
    0xf, 0xff, 0xff, 0xff, 0x50, 0xff, 0xff, 0xff,
    0xf4, 0xe, 0xff, 0xff, 0xff, 0x30, 0xdf, 0xff,
    0xff, 0xf2, 0xc, 0xff, 0xff, 0xff, 0x0, 0xbf,
    0xff, 0xff, 0xf0, 0x9, 0xff, 0xff, 0xfe, 0x0,
    0x8f, 0xff, 0xff, 0xd0, 0x7, 0xff, 0xff, 0xfc,
    0x0, 0x6f, 0xff, 0xff, 0xb0, 0x5, 0xff, 0xff,
    0xf9, 0x0, 0x4f, 0xff, 0xff, 0x80, 0x2, 0xff,
    0xff, 0xf7, 0x0, 0x1f, 0xff, 0xff, 0x60, 0x0,
    0xff, 0xff, 0xf5, 0x0, 0x8, 0x99, 0x99, 0x20,
    0x0, 0x0, 0x0, 0x0, 0x0, 0x24, 0x44, 0x44,
    0x30, 0xa, 0xff, 0xff, 0xfe, 0x0, 0xaf, 0xff,
    0xff, 0xe0, 0xa, 0xff, 0xff, 0xfe, 0x0, 0xaf,
    0xff, 0xff, 0xe0, 0xa, 0xff, 0xff, 0xfe, 0x0,
    0xaf, 0xff, 0xff, 0xe0,

    /* U+0022 "\"" */
    0x7f, 0xff, 0xff, 0x50, 0xdf, 0xff, 0xff, 0x7f,
    0xff, 0xff, 0x50, 0xdf, 0xff, 0xff, 0x7f, 0xff,
    0xff, 0x50, 0xdf, 0xff, 0xff, 0x7f, 0xff, 0xff,
    0x50, 0xdf, 0xff, 0xff, 0x7f, 0xff, 0xff, 0x50,
    0xdf, 0xff, 0xff, 0x7f, 0xff, 0xff, 0x50, 0xdf,
    0xff, 0xff, 0x7f, 0xff, 0xff, 0x50, 0xdf, 0xff,
    0xff, 0x7f, 0xff, 0xff, 0x50, 0xdf, 0xff, 0xff,
    0x7f, 0xff, 0xff, 0x50, 0xdf, 0xff, 0xff, 0x7f,
    0xff, 0xff, 0x50, 0xdf, 0xff, 0xff, 0x12, 0x22,
    0x22, 0x0, 0x12, 0x22, 0x21,

    /* U+0023 "#" */
    0x0, 0x0, 0x0, 0xe, 0xff, 0xff, 0x90, 0x0,
    0x9f, 0xff, 0xff, 0x0, 0x0, 0x0, 0x0, 0x2f,
    0xff, 0xff, 0x60, 0x0, 0xdf, 0xff, 0xfb, 0x0,
    0x0, 0x0, 0x0, 0x5f, 0xff, 0xff, 0x20, 0x1,
    0xff, 0xff, 0xf7, 0x0, 0x0, 0x0, 0x0, 0x9f,
    0xff, 0xfe, 0x0, 0x4, 0xff, 0xff, 0xf4, 0x0,
    0x0, 0x0, 0x0, 0xdf, 0xff, 0xfb, 0x0, 0x8,
    0xff, 0xff, 0xf0, 0x0, 0x1, 0xff, 0xff, 0xff,
    0xff, 0xff, 0xff, 0xff, 0xff, 0xff, 0xff, 0xfa,
    0x1, 0xff, 0xff, 0xff, 0xff, 0xff, 0xff, 0xff,
    0xff, 0xff, 0xff, 0xfa, 0x1, 0xff, 0xff, 0xff,
    0xff, 0xff, 0xff, 0xff, 0xff, 0xff, 0xff, 0xfa,
    0x1, 0xff, 0xff, 0xff, 0xff, 0xff, 0xff, 0xff,
    0xff, 0xff, 0xff, 0xfa, 0x0, 0x33, 0x3f, 0xff,
    0xff, 0xa3, 0x33, 0xbf, 0xff, 0xfe, 0x33, 0x31,
    0x0, 0x0, 0x3f, 0xff, 0xff, 0x50, 0x0, 0xef,
    0xff, 0xfa, 0x0, 0x0, 0x0, 0x0, 0x6f, 0xff,
    0xff, 0x10, 0x1, 0xff, 0xff, 0xf6, 0x0, 0x0,
    0x0, 0x0, 0xaf, 0xff, 0xfd, 0x0, 0x5, 0xff,
    0xff, 0xf3, 0x0, 0x0, 0x0, 0x0, 0xef, 0xff,
    0xfa, 0x0, 0x8, 0xff, 0xff, 0xf0, 0x0, 0x0,
    0xdf, 0xff, 0xff, 0xff, 0xff, 0xff, 0xff, 0xff,
    0xff, 0xff, 0xfd, 0x0, 0xdf, 0xff, 0xff, 0xff,
    0xff, 0xff, 0xff, 0xff, 0xff, 0xff, 0xfd, 0x0,
    0xdf, 0xff, 0xff, 0xff, 0xff, 0xff, 0xff, 0xff,
    0xff, 0xff, 0xfd, 0x0, 0xdf, 0xff, 0xff, 0xff,
    0xff, 0xff, 0xff, 0xff, 0xff, 0xff, 0xfd, 0x0,
    0x23, 0x3f, 0xff, 0xff, 0x93, 0x33, 0xcf, 0xff,
    0xfd, 0x33, 0x32, 0x0, 0x0, 0x4f, 0xff, 0xff,
    0x40, 0x0, 0xef, 0xff, 0xf9, 0x0, 0x0, 0x0,
    0x0, 0x7f, 0xff, 0xff, 0x0, 0x2, 0xff, 0xff,
    0xf5, 0x0, 0x0, 0x0, 0x0, 0xbf, 0xff, 0xfd,
    0x0, 0x6, 0xff, 0xff, 0xf2, 0x0, 0x0, 0x0,
    0x0, 0xff, 0xff, 0xf9, 0x0, 0x9, 0xff, 0xff,
    0xe0, 0x0, 0x0, 0x0, 0x2, 0xff, 0xff, 0xf5,
    0x0, 0xd, 0xff, 0xff, 0xa0, 0x0, 0x0, 0x0,

    /* U+0024 "$" */
    0x0, 0x0, 0x6, 0x88, 0x88, 0x83, 0x0, 0x0,
    0x0, 0x0, 0x0, 0xdf, 0xff, 0xff, 0x70, 0x0,
    0x0, 0x0, 0x0, 0xd, 0xff, 0xff, 0xf7, 0x0,
    0x0, 0x0, 0x0, 0x0, 0xdf, 0xff, 0xff, 0x70,
    0x0, 0x0, 0x0, 0x7c, 0xff, 0xff, 0xff, 0xff,
    0xea, 0x40, 0x0, 0xcf, 0xff, 0xff, 0xff, 0xff,
    0xff, 0xff, 0x60, 0x7f, 0xff, 0xff, 0xff, 0xff,
    0xff, 0xff, 0xff, 0x1c, 0xff, 0xff, 0xff, 0xff,
    0xff, 0xff, 0xff, 0xf5, 0xdf, 0xff, 0xff, 0xfa,
    0x9c, 0xff, 0xff, 0xff, 0x6d, 0xff, 0xff, 0xfc,
    0x0, 0x3f, 0xff, 0xff, 0xf7, 0xdf, 0xff, 0xff,
    0xc0, 0x3, 0xff, 0xff, 0xff, 0x7d, 0xff, 0xff,
    0xfc, 0x0, 0x4, 0x44, 0x44, 0x42, 0xdf, 0xff,
    0xff, 0xc0, 0x0, 0x0, 0x0, 0x0, 0xd, 0xff,
    0xff, 0xff, 0x88, 0x88, 0x76, 0x40, 0x0, 0xcf,
    0xff, 0xff, 0xff, 0xff, 0xff, 0xff, 0xe3, 0x7,
    0xff, 0xff, 0xff, 0xff, 0xff, 0xff, 0xff, 0xd0,
    0xd, 0xff, 0xff, 0xff, 0xff, 0xff, 0xff, 0xff,
    0x40, 0x19, 0xdf, 0xff, 0xff, 0xff, 0xff, 0xff,
    0xf7, 0x0, 0x0, 0x0, 0x0, 0x4, 0xff, 0xff,
    0xff, 0x80, 0x0, 0x0, 0x0, 0x0, 0x2f, 0xff,
    0xff, 0xf8, 0x9b, 0xbb, 0xbb, 0xa0, 0x2, 0xff,
    0xff, 0xff, 0x8c, 0xff, 0xff, 0xfd, 0x0, 0x2f,
    0xff, 0xff, 0xf8, 0xcf, 0xff, 0xff, 0xe0, 0x2,
    0xff, 0xff, 0xff, 0x8c, 0xff, 0xff, 0xff, 0xdc,
    0xef, 0xff, 0xff, 0xf8, 0xaf, 0xff, 0xff, 0xff,
    0xff, 0xff, 0xff, 0xff, 0x64, 0xff, 0xff, 0xff,
    0xff, 0xff, 0xff, 0xff, 0xf1, 0xa, 0xff, 0xff,
    0xff, 0xff, 0xff, 0xff, 0xf6, 0x0, 0x6, 0xbe,
    0xff, 0xff, 0xff, 0xfe, 0xa4, 0x0, 0x0, 0x0,
    0xd, 0xff, 0xff, 0xf7, 0x0, 0x0, 0x0, 0x0,
    0x0, 0xdf, 0xff, 0xff, 0x70, 0x0, 0x0, 0x0,
    0x0, 0xd, 0xff, 0xff, 0xf7, 0x0, 0x0, 0x0,

    /* U+0025 "%" */
    0x0, 0x5c, 0xff, 0xff, 0xff, 0xeb, 0x30, 0x0,
    0x0, 0x0, 0xb, 0xff, 0xff, 0x20, 0x0, 0x0,
    0x0, 0x6, 0xff, 0xff, 0xff, 0xff, 0xff, 0xf3,
    0x0, 0x0, 0x0, 0x4f, 0xff, 0xf8, 0x0, 0x0,
    0x0, 0x0, 0xe, 0xff, 0xff, 0xff, 0xff, 0xff,
    0xfa, 0x0, 0x0, 0x0, 0xdf, 0xff, 0xe0, 0x0,
    0x0, 0x0, 0x0, 0xf, 0xff, 0xff, 0xfe, 0xff,
    0xff, 0xfc, 0x0, 0x0, 0x6, 0xff, 0xff, 0x60,
    0x0, 0x0, 0x0, 0x0, 0xf, 0xff, 0xff, 0x50,
    0x9f, 0xff, 0xfc, 0x0, 0x0, 0x1e, 0xff, 0xfd,
    0x0, 0x0, 0x0, 0x0, 0x0, 0xf, 0xff, 0xff,
    0x50, 0x9f, 0xff, 0xfc, 0x0, 0x0, 0x9f, 0xff,
    0xf3, 0x0, 0x0, 0x0, 0x0, 0x0, 0xf, 0xff,
    0xff, 0x50, 0x9f, 0xff, 0xfc, 0x0, 0x2, 0xff,
    0xff, 0xa0, 0x0, 0x0, 0x0, 0x0, 0x0, 0xf,
    0xff, 0xff, 0x50, 0x9f, 0xff, 0xfc, 0x0, 0xb,
    0xff, 0xff, 0x20, 0x0, 0x0, 0x0, 0x0, 0x0,
    0xf, 0xff, 0xff, 0x50, 0x9f, 0xff, 0xfc, 0x0,
    0x4f, 0xff, 0xf8, 0x0, 0x0, 0x0, 0x0, 0x0,
    0x0, 0xf, 0xff, 0xff, 0x50, 0x9f, 0xff, 0xfc,
    0x0, 0xdf, 0xff, 0xe1, 0x8c, 0xde, 0xee, 0xed,
    0xa4, 0x0, 0xf, 0xff, 0xff, 0xfe, 0xff, 0xff,
    0xfc, 0x6, 0xff, 0xff, 0x6d, 0xff, 0xff, 0xff,
    0xff, 0xff, 0x60, 0xe, 0xff, 0xff, 0xff, 0xff,
    0xff, 0xfa, 0x1e, 0xff, 0xfc, 0x7f, 0xff, 0xff,
    0xff, 0xff, 0xff, 0xe0, 0x6, 0xff, 0xff, 0xff,
    0xff, 0xff, 0xf3, 0x9f, 0xff, 0xf3, 0xaf, 0xff,
    0xff, 0xff, 0xff, 0xff, 0xf2, 0x0, 0x5c, 0xff,
    0xff, 0xff, 0xeb, 0x32, 0xff, 0xff, 0xa0, 0xaf,
    0xff, 0xfc, 0x4, 0xff, 0xff, 0xf2, 0x0, 0x0,
    0x0, 0x0, 0x0, 0x0, 0xb, 0xff, 0xff, 0x10,
    0xaf, 0xff, 0xfb, 0x3, 0xff, 0xff, 0xf2, 0x0,
    0x0, 0x0, 0x0, 0x0, 0x0, 0x4f, 0xff, 0xf7,
    0x0, 0xaf, 0xff, 0xfb, 0x3, 0xff, 0xff, 0xf2,
    0x0, 0x0, 0x0, 0x0, 0x0, 0x0, 0xdf, 0xff,
    0xe0, 0x0, 0xaf, 0xff, 0xfb, 0x3, 0xff, 0xff,
    0xf2, 0x0, 0x0, 0x0, 0x0, 0x0, 0x6, 0xff,
    0xff, 0x50, 0x0, 0xaf, 0xff, 0xfb, 0x3, 0xff,
    0xff, 0xf2, 0x0, 0x0, 0x0, 0x0, 0x0, 0x1e,
    0xff, 0xfc, 0x0, 0x0, 0xaf, 0xff, 0xfb, 0x3,
    0xff, 0xff, 0xf2, 0x0, 0x0, 0x0, 0x0, 0x0,
    0x9f, 0xff, 0xf3, 0x0, 0x0, 0xaf, 0xff, 0xfb,
    0x3, 0xff, 0xff, 0xf2, 0x0, 0x0, 0x0, 0x0,
    0x2, 0xff, 0xff, 0x90, 0x0, 0x0, 0xaf, 0xff,
    0xff, 0xff, 0xff, 0xff, 0xf2, 0x0, 0x0, 0x0,
    0x0, 0xb, 0xff, 0xff, 0x10, 0x0, 0x0, 0x7f,
    0xff, 0xff, 0xff, 0xff, 0xff, 0xf0, 0x0, 0x0,
    0x0, 0x0, 0x4f, 0xff, 0xf7, 0x0, 0x0, 0x0,
    0x1e, 0xff, 0xff, 0xff, 0xff, 0xff, 0x70, 0x0,
    0x0, 0x0, 0x0, 0xdf, 0xff, 0xd0, 0x0, 0x0,
    0x0, 0x2, 0xae, 0xff, 0xff, 0xff, 0xc6, 0x0,

    /* U+0026 "&" */
    0x0, 0x4, 0xae, 0xff, 0xff, 0xff, 0xfd, 0x81,
    0x0, 0x0, 0x0, 0x0, 0x0, 0x6, 0xff, 0xff,
    0xff, 0xff, 0xff, 0xff, 0xe1, 0x0, 0x0, 0x0,
    0x0, 0x1, 0xff, 0xff, 0xff, 0xff, 0xff, 0xff,
    0xff, 0x90, 0x0, 0x0, 0x0, 0x0, 0x5f, 0xff,
    0xff, 0xff, 0xff, 0xff, 0xff, 0xfe, 0x0, 0x0,
    0x0, 0x0, 0x7, 0xff, 0xff, 0xff, 0x64, 0x9f,
    0xff, 0xff, 0xf0, 0x0, 0x0, 0x0, 0x0, 0x7f,
    0xff, 0xff, 0xf0, 0x4, 0xff, 0xff, 0xff, 0x0,
    0x0, 0x0, 0x0, 0x7, 0xff, 0xff, 0xff, 0x0,
    0x4f, 0xff, 0xff, 0xf0, 0x0, 0x0, 0x0, 0x0,
    0x7f, 0xff, 0xff, 0xf0, 0x4, 0xff, 0xff, 0xff,
    0x0, 0x0, 0x0, 0x0, 0x4, 0xff, 0xff, 0xff,
    0x21, 0xcf, 0xff, 0xff, 0xe0, 0x0, 0x0, 0x0,
    0x0, 0xb, 0xff, 0xff, 0xfe, 0xef, 0xff, 0xff,
    0xf8, 0x0, 0x0, 0x0, 0x0, 0x0, 0x1d, 0xff,
    0xff, 0xff, 0xff, 0xff, 0xfd, 0x0, 0x0, 0x0,
    0x0, 0x0, 0x0, 0x2e, 0xff, 0xff, 0xff, 0xff,
    0xfa, 0x10, 0x0, 0x0, 0x0, 0x0, 0x0, 0x1a,
    0xff, 0xff, 0xff, 0xff, 0xe5, 0x0, 0x0, 0x0,
    0x0, 0x0, 0x0, 0x4f, 0xff, 0xff, 0xff, 0xff,
    0xfb, 0x0, 0x0, 0x0, 0x0, 0x0, 0x0, 0x3f,
    0xff, 0xff, 0xff, 0xff, 0xff, 0xfb, 0x0, 0x36,
    0x66, 0x64, 0x0, 0xa, 0xff, 0xff, 0xff, 0xbf,
    0xff, 0xff, 0xfa, 0x9, 0xff, 0xff, 0xb0, 0x0,
    0xdf, 0xff, 0xff, 0x90, 0x3f, 0xff, 0xff, 0xf9,
    0x9f, 0xff, 0xfb, 0x0, 0xd, 0xff, 0xff, 0xf6,
    0x0, 0x4f, 0xff, 0xff, 0xff, 0xff, 0xff, 0xb0,
    0x0, 0xdf, 0xff, 0xff, 0x60, 0x0, 0x4f, 0xff,
    0xff, 0xff, 0xff, 0xfb, 0x0, 0xd, 0xff, 0xff,
    0xfc, 0x66, 0x66, 0xaf, 0xff, 0xff, 0xff, 0xff,
    0xa0, 0x0, 0xcf, 0xff, 0xff, 0xff, 0xff, 0xff,
    0xff, 0xff, 0xff, 0xff, 0xf8, 0x0, 0x6, 0xff,
    0xff, 0xff, 0xff, 0xff, 0xff, 0xff, 0xff, 0xff,
    0xff, 0x30, 0x0, 0xc, 0xff, 0xff, 0xff, 0xff,
    0xff, 0xff, 0xff, 0xff, 0xff, 0xf5, 0x0, 0x0,
    0x7, 0xce, 0xff, 0xff, 0xff, 0xff, 0xff, 0xff,
    0xff, 0xff, 0xf4, 0x0, 0x0, 0x0, 0x0, 0x0,
    0x0, 0x0, 0x0, 0x0, 0x6f, 0xff, 0xff, 0xf3,
    0x0, 0x0, 0x0, 0x0, 0x0, 0x0, 0x0, 0x0,
    0x0, 0x58, 0x88, 0x88, 0x70,

    /* U+0027 "'" */
    0x7f, 0xff, 0xff, 0xb7, 0xff, 0xff, 0xfb, 0x7f,
    0xff, 0xff, 0xb7, 0xff, 0xff, 0xfb, 0x7f, 0xff,
    0xff, 0xb7, 0xff, 0xff, 0xfb, 0x7f, 0xff, 0xff,
    0xb7, 0xff, 0xff, 0xfb, 0x7f, 0xff, 0xff, 0xb7,
    0xff, 0xff, 0xfb, 0x12, 0x22, 0x22, 0x10,

    /* U+0028 "(" */
    0x0, 0x0, 0x0, 0x28, 0xce, 0xf6, 0x0, 0x0,
    0x2b, 0xff, 0xff, 0xf6, 0x0, 0x3, 0xef, 0xff,
    0xff, 0xf6, 0x0, 0x2f, 0xff, 0xff, 0xff, 0xf6,
    0x0, 0xcf, 0xff, 0xff, 0xff, 0xf6, 0x5, 0xff,
    0xff, 0xff, 0xfe, 0x93, 0xb, 0xff, 0xff, 0xff,
    0xa0, 0x0, 0xf, 0xff, 0xff, 0xfe, 0x0, 0x0,
    0x3f, 0xff, 0xff, 0xf8, 0x0, 0x0, 0x5f, 0xff,
    0xff, 0xf5, 0x0, 0x0, 0x7f, 0xff, 0xff, 0xf3,
    0x0, 0x0, 0x7f, 0xff, 0xff, 0xf2, 0x0, 0x0,
    0x7f, 0xff, 0xff, 0xf2, 0x0, 0x0, 0x7f, 0xff,
    0xff, 0xf2, 0x0, 0x0, 0x7f, 0xff, 0xff, 0xf2,
    0x0, 0x0, 0x7f, 0xff, 0xff, 0xf2, 0x0, 0x0,
    0x7f, 0xff, 0xff, 0xf2, 0x0, 0x0, 0x7f, 0xff,
    0xff, 0xf2, 0x0, 0x0, 0x7f, 0xff, 0xff, 0xf2,
    0x0, 0x0, 0x7f, 0xff, 0xff, 0xf2, 0x0, 0x0,
    0x7f, 0xff, 0xff, 0xf2, 0x0, 0x0, 0x7f, 0xff,
    0xff, 0xf2, 0x0, 0x0, 0x7f, 0xff, 0xff, 0xf2,
    0x0, 0x0, 0x7f, 0xff, 0xff, 0xf2, 0x0, 0x0,
    0x7f, 0xff, 0xff, 0xf2, 0x0, 0x0, 0x7f, 0xff,
    0xff, 0xf2, 0x0, 0x0, 0x7f, 0xff, 0xff, 0xf3,
    0x0, 0x0, 0x5f, 0xff, 0xff, 0xf5, 0x0, 0x0,
    0x3f, 0xff, 0xff, 0xf8, 0x0, 0x0, 0xf, 0xff,
    0xff, 0xfe, 0x0, 0x0, 0xb, 0xff, 0xff, 0xff,
    0xa0, 0x0, 0x5, 0xff, 0xff, 0xff, 0xfd, 0x93,
    0x0, 0xcf, 0xff, 0xff, 0xff, 0xf6, 0x0, 0x2f,
    0xff, 0xff, 0xff, 0xf6, 0x0, 0x3, 0xef, 0xff,
    0xff, 0xf6, 0x0, 0x0, 0x2b, 0xff, 0xff, 0xf6,
    0x0, 0x0, 0x0, 0x38, 0xce, 0xf6,

    /* U+0029 ")" */
    0xaf, 0xeb, 0x71, 0x0, 0x0, 0x0, 0xaf, 0xff,
    0xff, 0x90, 0x0, 0x0, 0xaf, 0xff, 0xff, 0xfd,
    0x20, 0x0, 0xaf, 0xff, 0xff, 0xff, 0xd1, 0x0,
    0xaf, 0xff, 0xff, 0xff, 0xf9, 0x0, 0x5a, 0xef,
    0xff, 0xff, 0xff, 0x20, 0x0, 0x1c, 0xff, 0xff,
    0xff, 0x80, 0x0, 0x2, 0xff, 0xff, 0xff, 0xc0,
    0x0, 0x0, 0xbf, 0xff, 0xff, 0xf0, 0x0, 0x0,
    0x8f, 0xff, 0xff, 0xf2, 0x0, 0x0, 0x6f, 0xff,
    0xff, 0xf3, 0x0, 0x0, 0x5f, 0xff, 0xff, 0xf4,
    0x0, 0x0, 0x5f, 0xff, 0xff, 0xf4, 0x0, 0x0,
    0x5f, 0xff, 0xff, 0xf4, 0x0, 0x0, 0x5f, 0xff,
    0xff, 0xf4, 0x0, 0x0, 0x5f, 0xff, 0xff, 0xf4,
    0x0, 0x0, 0x5f, 0xff, 0xff, 0xf4, 0x0, 0x0,
    0x5f, 0xff, 0xff, 0xf4, 0x0, 0x0, 0x5f, 0xff,
    0xff, 0xf4, 0x0, 0x0, 0x5f, 0xff, 0xff, 0xf4,
    0x0, 0x0, 0x5f, 0xff, 0xff, 0xf4, 0x0, 0x0,
    0x5f, 0xff, 0xff, 0xf4, 0x0, 0x0, 0x5f, 0xff,
    0xff, 0xf4, 0x0, 0x0, 0x5f, 0xff, 0xff, 0xf4,
    0x0, 0x0, 0x5f, 0xff, 0xff, 0xf4, 0x0, 0x0,
    0x5f, 0xff, 0xff, 0xf4, 0x0, 0x0, 0x6f, 0xff,
    0xff, 0xf3, 0x0, 0x0, 0x8f, 0xff, 0xff, 0xf2,
    0x0, 0x0, 0xbf, 0xff, 0xff, 0xf0, 0x0, 0x2,
    0xff, 0xff, 0xff, 0xd0, 0x0, 0x1c, 0xff, 0xff,
    0xff, 0x80, 0x59, 0xef, 0xff, 0xff, 0xff, 0x20,
    0xaf, 0xff, 0xff, 0xff, 0xf9, 0x0, 0xaf, 0xff,
    0xff, 0xff, 0xd1, 0x0, 0xaf, 0xff, 0xff, 0xfd,
    0x20, 0x0, 0xaf, 0xff, 0xff, 0x90, 0x0, 0x0,
    0xaf, 0xeb, 0x71, 0x0, 0x0, 0x0,

    /* U+002A "*" */
    0x0, 0x0, 0xf, 0xff, 0xfc, 0x0, 0x0, 0x0,
    0x0, 0x0, 0xef, 0xff, 0xc0, 0x0, 0x0, 0x0,
    0xb6, 0xc, 0xff, 0xfa, 0x17, 0xb0, 0x0, 0x4f,
    0xfe, 0xdf, 0xff, 0xdf, 0xff, 0x20, 0x9, 0xff,
    0xff, 0xff, 0xff, 0xff, 0xf8, 0x0, 0xef, 0xff,
    0xff, 0xff, 0xff, 0xff, 0xd0, 0x2e, 0xff, 0xff,
    0xff, 0xff, 0xff, 0xfd, 0x0, 0x2, 0x6f, 0xff,
    0xff, 0xff, 0x61, 0x0, 0x0, 0x1d, 0xff, 0xff,
    0xff, 0xfd, 0x10, 0x0, 0xc, 0xff, 0xff, 0xff,
    0xff, 0xfb, 0x0, 0x0, 0x9f, 0xff, 0xf5, 0xff,
    0xff, 0x70, 0x0, 0x0, 0x5e, 0xf9, 0xa, 0xfd,
    0x30, 0x0, 0x0, 0x0, 0x1a, 0x0, 0x19, 0x0,
    0x0, 0x0,

    /* U+002B "+" */
    0x0, 0x0, 0x0, 0x28, 0x88, 0x88, 0x60, 0x0,
    0x0, 0x0, 0x0, 0x0, 0x5, 0xff, 0xff, 0xfd,
    0x0, 0x0, 0x0, 0x0, 0x0, 0x0, 0x5f, 0xff,
    0xff, 0xd0, 0x0, 0x0, 0x0, 0x0, 0x0, 0x5,
    0xff, 0xff, 0xfd, 0x0, 0x0, 0x0, 0x0, 0x0,
    0x0, 0x5f, 0xff, 0xff, 0xd0, 0x0, 0x0, 0x0,
    0x0, 0x0, 0x5, 0xff, 0xff, 0xfd, 0x0, 0x0,
    0x0, 0x5c, 0xcc, 0xcc, 0xdf, 0xff, 0xff, 0xfc,
    0xcc, 0xcc, 0xb7, 0xff, 0xff, 0xff, 0xff, 0xff,
    0xff, 0xff, 0xff, 0xfe, 0x7f, 0xff, 0xff, 0xff,
    0xff, 0xff, 0xff, 0xff, 0xff, 0xe7, 0xff, 0xff,
    0xff, 0xff, 0xff, 0xff, 0xff, 0xff, 0xfe, 0x7f,
    0xff, 0xff, 0xff, 0xff, 0xff, 0xff, 0xff, 0xff,
    0xe0, 0x0, 0x0, 0x5, 0xff, 0xff, 0xfd, 0x0,
    0x0, 0x0, 0x0, 0x0, 0x0, 0x5f, 0xff, 0xff,
    0xd0, 0x0, 0x0, 0x0, 0x0, 0x0, 0x5, 0xff,
    0xff, 0xfd, 0x0, 0x0, 0x0, 0x0, 0x0, 0x0,
    0x5f, 0xff, 0xff, 0xd0, 0x0, 0x0, 0x0, 0x0,
    0x0, 0x5, 0xff, 0xff, 0xfd, 0x0, 0x0, 0x0,
    0x0, 0x0, 0x0, 0x5f, 0xff, 0xff, 0xd0, 0x0,
    0x0, 0x0,

    /* U+002C "," */
    0x7e, 0xee, 0xee, 0xe0, 0x7f, 0xff, 0xff, 0xf1,
    0x7f, 0xff, 0xff, 0xf1, 0x7f, 0xff, 0xff, 0xf0,
    0x7f, 0xff, 0xff, 0x80, 0x7f, 0xff, 0xfe, 0x10,
    0x7f, 0xff, 0xf7, 0x0, 0x7f, 0xff, 0xe0, 0x0,
    0x7f, 0xff, 0x60, 0x0, 0x7f, 0xfd, 0x0, 0x0,
    0x7f, 0xf4, 0x0, 0x0, 0x7f, 0xc0, 0x0, 0x0,

    /* U+002D "-" */
    0x16, 0x66, 0x66, 0x66, 0x66, 0x66, 0x13, 0xff,
    0xff, 0xff, 0xff, 0xff, 0xf4, 0x3f, 0xff, 0xff,
    0xff, 0xff, 0xff, 0x43, 0xff, 0xff, 0xff, 0xff,
    0xff, 0xf4, 0x3f, 0xff, 0xff, 0xff, 0xff, 0xff,
    0x40,

    /* U+002E "." */
    0x14, 0x44, 0x44, 0x40, 0x7f, 0xff, 0xff, 0xf1,
    0x7f, 0xff, 0xff, 0xf1, 0x7f, 0xff, 0xff, 0xf1,
    0x7f, 0xff, 0xff, 0xf1, 0x7f, 0xff, 0xff, 0xf1,
    0x7f, 0xff, 0xff, 0xf1,

    /* U+002F "/" */
    0x0, 0x0, 0x0, 0x0, 0x0, 0x4, 0xff, 0xff,
    0xf2, 0x0, 0x0, 0x0, 0x0, 0x0, 0xb, 0xff,
    0xff, 0xc0, 0x0, 0x0, 0x0, 0x0, 0x0, 0x1f,
    0xff, 0xff, 0x50, 0x0, 0x0, 0x0, 0x0, 0x0,
    0x8f, 0xff, 0xfe, 0x0, 0x0, 0x0, 0x0, 0x0,
    0x0, 0xef, 0xff, 0xf9, 0x0, 0x0, 0x0, 0x0,
    0x0, 0x4, 0xff, 0xff, 0xf2, 0x0, 0x0, 0x0,
    0x0, 0x0, 0xb, 0xff, 0xff, 0xc0, 0x0, 0x0,
    0x0, 0x0, 0x0, 0x1f, 0xff, 0xff, 0x50, 0x0,
    0x0, 0x0, 0x0, 0x0, 0x8f, 0xff, 0xfe, 0x0,
    0x0, 0x0, 0x0, 0x0, 0x0, 0xef, 0xff, 0xf8,
    0x0, 0x0, 0x0, 0x0, 0x0, 0x5, 0xff, 0xff,
    0xf2, 0x0, 0x0, 0x0, 0x0, 0x0, 0xb, 0xff,
    0xff, 0xc0, 0x0, 0x0, 0x0, 0x0, 0x0, 0x2f,
    0xff, 0xff, 0x50, 0x0, 0x0, 0x0, 0x0, 0x0,
    0x8f, 0xff, 0xfe, 0x0, 0x0, 0x0, 0x0, 0x0,
    0x0, 0xef, 0xff, 0xf8, 0x0, 0x0, 0x0, 0x0,
    0x0, 0x5, 0xff, 0xff, 0xf2, 0x0, 0x0, 0x0,
    0x0, 0x0, 0xb, 0xff, 0xff, 0xb0, 0x0, 0x0,
    0x0, 0x0, 0x0, 0x2f, 0xff, 0xff, 0x50, 0x0,
    0x0, 0x0, 0x0, 0x0, 0x8f, 0xff, 0xfe, 0x0,
    0x0, 0x0, 0x0, 0x0, 0x0, 0xef, 0xff, 0xf8,
    0x0, 0x0, 0x0, 0x0, 0x0, 0x5, 0xff, 0xff,
    0xf2, 0x0, 0x0, 0x0, 0x0, 0x0, 0xc, 0xff,
    0xff, 0xb0, 0x0, 0x0, 0x0, 0x0, 0x0, 0x2f,
    0xff, 0xff, 0x50, 0x0, 0x0, 0x0, 0x0, 0x0,
    0x8f, 0xff, 0xfe, 0x0, 0x0, 0x0, 0x0, 0x0,
    0x0, 0xef, 0xff, 0xf8, 0x0, 0x0, 0x0, 0x0,
    0x0, 0x5, 0xff, 0xff, 0xf2, 0x0, 0x0, 0x0,
    0x0, 0x0, 0xc, 0xff, 0xff, 0xb0, 0x0, 0x0,
    0x0, 0x0, 0x0, 0x2f, 0xff, 0xff, 0x50, 0x0,
    0x0, 0x0, 0x0, 0x0, 0x9f, 0xff, 0xfe, 0x0,
    0x0, 0x0, 0x0, 0x0, 0x0,

    /* U+0030 "0" */
    0x0, 0x4b, 0xef, 0xff, 0xff, 0xff, 0xeb, 0x50,
    0x0, 0x7f, 0xff, 0xff, 0xff, 0xff, 0xff, 0xff,
    0x80, 0x2f, 0xff, 0xff, 0xff, 0xff, 0xff, 0xff,
    0xff, 0x37, 0xff, 0xff, 0xff, 0xff, 0xff, 0xff,
    0xff, 0xf8, 0x9f, 0xff, 0xff, 0xfd, 0xcd, 0xff,
    0xff, 0xff, 0x99, 0xff, 0xff, 0xff, 0x10, 0xf,
    0xff, 0xff, 0xfa, 0x9f, 0xff, 0xff, 0xf1, 0x0,
    0xff, 0xff, 0xff, 0xa9, 0xff, 0xff, 0xff, 0x10,
    0xf, 0xff, 0xff, 0xfa, 0x9f, 0xff, 0xff, 0xf1,
    0x0, 0xff, 0xff, 0xff, 0xa9, 0xff, 0xff, 0xff,
    0x10, 0xf, 0xff, 0xff, 0xfa, 0x9f, 0xff, 0xff,
    0xf1, 0x0, 0xff, 0xff, 0xff, 0xa9, 0xff, 0xff,
    0xff, 0x10, 0xf, 0xff, 0xff, 0xfa, 0x9f, 0xff,
    0xff, 0xf1, 0x0, 0xff, 0xff, 0xff, 0xa9, 0xff,
    0xff, 0xff, 0x10, 0xf, 0xff, 0xff, 0xfa, 0x9f,
    0xff, 0xff, 0xf1, 0x0, 0xff, 0xff, 0xff, 0xa9,
    0xff, 0xff, 0xff, 0x10, 0xf, 0xff, 0xff, 0xfa,
    0x9f, 0xff, 0xff, 0xf1, 0x0, 0xff, 0xff, 0xff,
    0xa9, 0xff, 0xff, 0xff, 0x10, 0xf, 0xff, 0xff,
    0xfa, 0x9f, 0xff, 0xff, 0xf1, 0x0, 0xff, 0xff,
    0xff, 0xa9, 0xff, 0xff, 0xff, 0xdc, 0xdf, 0xff,
    0xff, 0xf9, 0x7f, 0xff, 0xff, 0xff, 0xff, 0xff,
    0xff, 0xff, 0x82, 0xff, 0xff, 0xff, 0xff, 0xff,
    0xff, 0xff, 0xf3, 0x7, 0xff, 0xff, 0xff, 0xff,
    0xff, 0xff, 0xf8, 0x0, 0x4, 0xbe, 0xff, 0xff,
    0xff, 0xfe, 0xb5, 0x0,

    /* U+0031 "1" */
    0x5f, 0xff, 0xff, 0xff, 0xff, 0xc5, 0xff, 0xff,
    0xff, 0xff, 0xfc, 0x5f, 0xff, 0xff, 0xff, 0xff,
    0xc5, 0xff, 0xff, 0xff, 0xff, 0xfc, 0x3c, 0xcc,
    0xff, 0xff, 0xff, 0xc0, 0x0, 0xe, 0xff, 0xff,
    0xfc, 0x0, 0x0, 0xef, 0xff, 0xff, 0xc0, 0x0,
    0xe, 0xff, 0xff, 0xfc, 0x0, 0x0, 0xef, 0xff,
    0xff, 0xc0, 0x0, 0xe, 0xff, 0xff, 0xfc, 0x0,
    0x0, 0xef, 0xff, 0xff, 0xc0, 0x0, 0xe, 0xff,
    0xff, 0xfc, 0x0, 0x0, 0xef, 0xff, 0xff, 0xc0,
    0x0, 0xe, 0xff, 0xff, 0xfc, 0x0, 0x0, 0xef,
    0xff, 0xff, 0xc0, 0x0, 0xe, 0xff, 0xff, 0xfc,
    0x0, 0x0, 0xef, 0xff, 0xff, 0xc0, 0x0, 0xe,
    0xff, 0xff, 0xfc, 0x0, 0x0, 0xef, 0xff, 0xff,
    0xc0, 0x0, 0xe, 0xff, 0xff, 0xfc, 0x0, 0x0,
    0xef, 0xff, 0xff, 0xc0, 0x0, 0xe, 0xff, 0xff,
    0xfc, 0x0, 0x0, 0xef, 0xff, 0xff, 0xc0, 0x0,
    0xe, 0xff, 0xff, 0xfc,

    /* U+0032 "2" */
    0x0, 0x18, 0xdf, 0xff, 0xff, 0xff, 0xeb, 0x50,
    0x0, 0x2e, 0xff, 0xff, 0xff, 0xff, 0xff, 0xff,
    0x90, 0xa, 0xff, 0xff, 0xff, 0xff, 0xff, 0xff,
    0xff, 0x40, 0xff, 0xff, 0xff, 0xff, 0xff, 0xff,
    0xff, 0xf9, 0x1f, 0xff, 0xff, 0xff, 0xcd, 0xff,
    0xff, 0xff, 0xb2, 0xff, 0xff, 0xff, 0x90, 0xd,
    0xff, 0xff, 0xfb, 0x2f, 0xff, 0xff, 0xf8, 0x0,
    0xdf, 0xff, 0xff, 0xb2, 0xff, 0xff, 0xff, 0x80,
    0xd, 0xff, 0xff, 0xfb, 0x4, 0x44, 0x44, 0x42,
    0x0, 0xdf, 0xff, 0xff, 0xb0, 0x0, 0x0, 0x0,
    0x0, 0xf, 0xff, 0xff, 0xf9, 0x0, 0x0, 0x0,
    0x0, 0x6, 0xff, 0xff, 0xff, 0x50, 0x0, 0x0,
    0x0, 0x3, 0xff, 0xff, 0xff, 0xe0, 0x0, 0x0,
    0x0, 0x2, 0xef, 0xff, 0xff, 0xf5, 0x0, 0x0,
    0x0, 0x2, 0xef, 0xff, 0xff, 0xf9, 0x0, 0x0,
    0x0, 0x1, 0xef, 0xff, 0xff, 0xfa, 0x0, 0x0,
    0x0, 0x1, 0xdf, 0xff, 0xff, 0xfb, 0x0, 0x0,
    0x0, 0x1, 0xdf, 0xff, 0xff, 0xfc, 0x0, 0x0,
    0x0, 0x1, 0xcf, 0xff, 0xff, 0xfd, 0x10, 0x0,
    0x0, 0x0, 0xcf, 0xff, 0xff, 0xfe, 0x10, 0x0,
    0x0, 0x0, 0xbf, 0xff, 0xff, 0xff, 0xdc, 0xcc,
    0xcc, 0xc8, 0xf, 0xff, 0xff, 0xff, 0xff, 0xff,
    0xff, 0xff, 0xb0, 0xff, 0xff, 0xff, 0xff, 0xff,
    0xff, 0xff, 0xfb, 0xf, 0xff, 0xff, 0xff, 0xff,
    0xff, 0xff, 0xff, 0xb0, 0xff, 0xff, 0xff, 0xff,
    0xff, 0xff, 0xff, 0xfb,

    /* U+0033 "3" */
    0x0, 0x18, 0xcf, 0xff, 0xff, 0xff, 0xec, 0x60,
    0x0, 0x1d, 0xff, 0xff, 0xff, 0xff, 0xff, 0xff,
    0xb0, 0x9, 0xff, 0xff, 0xff, 0xff, 0xff, 0xff,
    0xff, 0x50, 0xef, 0xff, 0xff, 0xff, 0xff, 0xff,
    0xff, 0xfa, 0xf, 0xff, 0xff, 0xff, 0xcc, 0xff,
    0xff, 0xff, 0xc0, 0xff, 0xff, 0xff, 0xa0, 0xc,
    0xff, 0xff, 0xfc, 0xf, 0xff, 0xff, 0xf9, 0x0,
    0xbf, 0xff, 0xff, 0xc0, 0xdd, 0xdd, 0xdd, 0x80,
    0xb, 0xff, 0xff, 0xfc, 0x0, 0x0, 0x0, 0x0,
    0x0, 0xbf, 0xff, 0xff, 0xb0, 0x0, 0x0, 0x4,
    0x66, 0x6e, 0xff, 0xff, 0xf9, 0x0, 0x0, 0x0,
    0xcf, 0xff, 0xff, 0xff, 0xff, 0x30, 0x0, 0x0,
    0xc, 0xff, 0xff, 0xff, 0xff, 0x60, 0x0, 0x0,
    0x0, 0xcf, 0xff, 0xff, 0xff, 0xfe, 0x10, 0x0,
    0x0, 0xc, 0xff, 0xff, 0xff, 0xff, 0xf8, 0x0,
    0x0, 0x0, 0x0, 0x0, 0xdf, 0xff, 0xff, 0xb0,
    0x0, 0x0, 0x0, 0x0, 0xb, 0xff, 0xff, 0xfc,
    0xe, 0xee, 0xee, 0xe8, 0x0, 0xbf, 0xff, 0xff,
    0xc0, 0xff, 0xff, 0xff, 0x90, 0xb, 0xff, 0xff,
    0xfc, 0xf, 0xff, 0xff, 0xfa, 0x0, 0xcf, 0xff,
    0xff, 0xc0, 0xff, 0xff, 0xff, 0xfc, 0xcf, 0xff,
    0xff, 0xfc, 0xe, 0xff, 0xff, 0xff, 0xff, 0xff,
    0xff, 0xff, 0xa0, 0x9f, 0xff, 0xff, 0xff, 0xff,
    0xff, 0xff, 0xf5, 0x1, 0xdf, 0xff, 0xff, 0xff,
    0xff, 0xff, 0xfb, 0x0, 0x1, 0x8d, 0xff, 0xff,
    0xff, 0xfe, 0xc6, 0x0,

    /* U+0034 "4" */
    0x0, 0x0, 0x0, 0x0, 0xc, 0xff, 0xff, 0xfd,
    0x0, 0x0, 0x0, 0x0, 0x0, 0x0, 0x7f, 0xff,
    0xff, 0xf3, 0x0, 0x0, 0x0, 0x0, 0x0, 0x2,
    0xff, 0xff, 0xff, 0x90, 0x0, 0x0, 0x0, 0x0,
    0x0, 0xc, 0xff, 0xff, 0xfe, 0x0, 0x0, 0x0,
    0x0, 0x0, 0x0, 0x6f, 0xff, 0xff, 0xf4, 0x0,
    0x0, 0x0, 0x0, 0x0, 0x2, 0xff, 0xff, 0xff,
    0xa0, 0x0, 0x0, 0x0, 0x0, 0x0, 0xb, 0xff,
    0xff, 0xfe, 0x10, 0x0, 0x0, 0x0, 0x0, 0x0,
    0x6f, 0xff, 0xff, 0xf5, 0x0, 0x0, 0x0, 0x0,
    0x0, 0x1, 0xff, 0xff, 0xff, 0xb0, 0x0, 0x0,
    0x0, 0x0, 0x0, 0xb, 0xff, 0xff, 0xff, 0x10,
    0x0, 0x0, 0x0, 0x0, 0x0, 0x5f, 0xff, 0xff,
    0xf6, 0x6c, 0xcc, 0xcc, 0x80, 0x0, 0x1, 0xef,
    0xff, 0xff, 0xb0, 0x8f, 0xff, 0xff, 0xb0, 0x0,
    0xa, 0xff, 0xff, 0xff, 0x20, 0x8f, 0xff, 0xff,
    0xb0, 0x0, 0x5f, 0xff, 0xff, 0xf7, 0x0, 0x8f,
    0xff, 0xff, 0xb0, 0x0, 0xaf, 0xff, 0xff, 0xc0,
    0x0, 0x8f, 0xff, 0xff, 0xb0, 0x0, 0xaf, 0xff,
    0xff, 0xff, 0xff, 0xff, 0xff, 0xff, 0xff, 0xf4,
    0xaf, 0xff, 0xff, 0xff, 0xff, 0xff, 0xff, 0xff,
    0xff, 0xf4, 0xaf, 0xff, 0xff, 0xff, 0xff, 0xff,
    0xff, 0xff, 0xff, 0xf4, 0xaf, 0xff, 0xff, 0xff,
    0xff, 0xff, 0xff, 0xff, 0xff, 0xf4, 0x8d, 0xee,
    0xdd, 0xdd, 0xdd, 0xef, 0xff, 0xff, 0xfd, 0xd3,
    0x0, 0x0, 0x0, 0x0, 0x0, 0x8f, 0xff, 0xff,
    0xb0, 0x0, 0x0, 0x0, 0x0, 0x0, 0x0, 0x8f,
    0xff, 0xff, 0xb0, 0x0, 0x0, 0x0, 0x0, 0x0,
    0x0, 0x8f, 0xff, 0xff, 0xb0, 0x0, 0x0, 0x0,
    0x0, 0x0, 0x0, 0x8f, 0xff, 0xff, 0xb0, 0x0,

    /* U+0035 "5" */
    0x2f, 0xff, 0xff, 0xff, 0xff, 0xff, 0xff, 0xff,
    0x62, 0xff, 0xff, 0xff, 0xff, 0xff, 0xff, 0xff,
    0xf6, 0x2f, 0xff, 0xff, 0xff, 0xff, 0xff, 0xff,
    0xff, 0x62, 0xff, 0xff, 0xff, 0xff, 0xff, 0xff,
    0xff, 0xf6, 0x2f, 0xff, 0xff, 0xfd, 0xcc, 0xcc,
    0xcc, 0xcc, 0x52, 0xff, 0xff, 0xff, 0x50, 0x0,
    0x0, 0x0, 0x0, 0x2f, 0xff, 0xff, 0xf5, 0x0,
    0x0, 0x0, 0x0, 0x2, 0xff, 0xff, 0xff, 0x50,
    0x0, 0x0, 0x0, 0x0, 0x2f, 0xff, 0xff, 0xff,
    0xff, 0xff, 0xeb, 0x60, 0x2, 0xff, 0xff, 0xff,
    0xff, 0xff, 0xff, 0xff, 0xa0, 0x2f, 0xff, 0xff,
    0xff, 0xff, 0xff, 0xff, 0xff, 0x52, 0xff, 0xff,
    0xff, 0xff, 0xff, 0xff, 0xff, 0xfa, 0x2c, 0xcc,
    0xcc, 0xcc, 0xcc, 0xff, 0xff, 0xff, 0xc0, 0x0,
    0x0, 0x0, 0x0, 0xc, 0xff, 0xff, 0xfc, 0x0,
    0x0, 0x0, 0x0, 0x0, 0xcf, 0xff, 0xff, 0xc4,
    0x88, 0x88, 0x88, 0x10, 0xc, 0xff, 0xff, 0xfc,
    0x7f, 0xff, 0xff, 0xf2, 0x0, 0xcf, 0xff, 0xff,
    0xc7, 0xff, 0xff, 0xff, 0x20, 0xc, 0xff, 0xff,
    0xfc, 0x7f, 0xff, 0xff, 0xf3, 0x0, 0xcf, 0xff,
    0xff, 0xc7, 0xff, 0xff, 0xff, 0xec, 0xcf, 0xff,
    0xff, 0xfc, 0x5f, 0xff, 0xff, 0xff, 0xff, 0xff,
    0xff, 0xff, 0xa1, 0xff, 0xff, 0xff, 0xff, 0xff,
    0xff, 0xff, 0xf5, 0x6, 0xff, 0xff, 0xff, 0xff,
    0xff, 0xff, 0xfa, 0x0, 0x3, 0xae, 0xff, 0xff,
    0xff, 0xfe, 0xc6, 0x0,

    /* U+0036 "6" */
    0x0, 0x4b, 0xef, 0xff, 0xff, 0xff, 0xd9, 0x20,
    0x0, 0x7f, 0xff, 0xff, 0xff, 0xff, 0xff, 0xff,
    0x30, 0x2f, 0xff, 0xff, 0xff, 0xff, 0xff, 0xff,
    0xfd, 0x7, 0xff, 0xff, 0xff, 0xff, 0xff, 0xff,
    0xff, 0xf2, 0x9f, 0xff, 0xff, 0xfd, 0xce, 0xff,
    0xff, 0xff, 0x39, 0xff, 0xff, 0xfe, 0x0, 0x3f,
    0xff, 0xff, 0xf4, 0x9f, 0xff, 0xff, 0xd0, 0x3,
    0xff, 0xff, 0xff, 0x49, 0xff, 0xff, 0xfd, 0x0,
    0x4, 0x44, 0x44, 0x41, 0x9f, 0xff, 0xff, 0xd0,
    0x0, 0x0, 0x0, 0x0, 0x9, 0xff, 0xff, 0xff,
    0x99, 0x99, 0x87, 0x40, 0x0, 0x9f, 0xff, 0xff,
    0xff, 0xff, 0xff, 0xff, 0xd2, 0x9, 0xff, 0xff,
    0xff, 0xff, 0xff, 0xff, 0xff, 0xe0, 0x9f, 0xff,
    0xff, 0xff, 0xff, 0xff, 0xff, 0xff, 0x69, 0xff,
    0xff, 0xff, 0xff, 0xff, 0xff, 0xff, 0xf9, 0x9f,
    0xff, 0xff, 0xd0, 0x0, 0xef, 0xff, 0xff, 0xa9,
    0xff, 0xff, 0xfd, 0x0, 0xd, 0xff, 0xff, 0xfa,
    0x9f, 0xff, 0xff, 0xd0, 0x0, 0xdf, 0xff, 0xff,
    0xa9, 0xff, 0xff, 0xfd, 0x0, 0xd, 0xff, 0xff,
    0xfa, 0x9f, 0xff, 0xff, 0xe0, 0x0, 0xdf, 0xff,
    0xff, 0xa9, 0xff, 0xff, 0xff, 0xdc, 0xdf, 0xff,
    0xff, 0xf9, 0x7f, 0xff, 0xff, 0xff, 0xff, 0xff,
    0xff, 0xff, 0x82, 0xff, 0xff, 0xff, 0xff, 0xff,
    0xff, 0xff, 0xf2, 0x7, 0xff, 0xff, 0xff, 0xff,
    0xff, 0xff, 0xf8, 0x0, 0x4, 0xbe, 0xff, 0xff,
    0xff, 0xfe, 0xb5, 0x0,

    /* U+0037 "7" */
    0xaf, 0xff, 0xff, 0xff, 0xff, 0xff, 0xff, 0xfd,
    0xaf, 0xff, 0xff, 0xff, 0xff, 0xff, 0xff, 0xfd,
    0xaf, 0xff, 0xff, 0xff, 0xff, 0xff, 0xff, 0xfd,
    0xaf, 0xff, 0xff, 0xff, 0xff, 0xff, 0xff, 0xfd,
    0xaf, 0xff, 0xff, 0xff, 0xff, 0xff, 0xff, 0xf8,
    0x12, 0x22, 0x22, 0x22, 0x8f, 0xff, 0xff, 0xf2,
    0x0, 0x0, 0x0, 0x0, 0xdf, 0xff, 0xff, 0xc0,
    0x0, 0x0, 0x0, 0x3, 0xff, 0xff, 0xff, 0x70,
    0x0, 0x0, 0x0, 0x9, 0xff, 0xff, 0xff, 0x10,
    0x0, 0x0, 0x0, 0xe, 0xff, 0xff, 0xfb, 0x0,
    0x0, 0x0, 0x0, 0x5f, 0xff, 0xff, 0xf5, 0x0,
    0x0, 0x0, 0x0, 0xbf, 0xff, 0xff, 0xf0, 0x0,
    0x0, 0x0, 0x1, 0xff, 0xff, 0xff, 0x90, 0x0,
    0x0, 0x0, 0x7, 0xff, 0xff, 0xff, 0x40, 0x0,
    0x0, 0x0, 0xd, 0xff, 0xff, 0xfe, 0x0, 0x0,
    0x0, 0x0, 0x3f, 0xff, 0xff, 0xf8, 0x0, 0x0,
    0x0, 0x0, 0x9f, 0xff, 0xff, 0xf2, 0x0, 0x0,
    0x0, 0x0, 0xff, 0xff, 0xff, 0xc0, 0x0, 0x0,
    0x0, 0x5, 0xff, 0xff, 0xff, 0x70, 0x0, 0x0,
    0x0, 0xb, 0xff, 0xff, 0xff, 0x10, 0x0, 0x0,
    0x0, 0x1f, 0xff, 0xff, 0xfb, 0x0, 0x0, 0x0,
    0x0, 0x7f, 0xff, 0xff, 0xf5, 0x0, 0x0, 0x0,
    0x0, 0xdf, 0xff, 0xff, 0xf0, 0x0, 0x0, 0x0,
    0x4, 0xff, 0xff, 0xff, 0x90, 0x0, 0x0, 0x0,

    /* U+0038 "8" */
    0x0, 0x5b, 0xef, 0xff, 0xff, 0xff, 0xeb, 0x40,
    0x0, 0x8f, 0xff, 0xff, 0xff, 0xff, 0xff, 0xff,
    0x70, 0x3f, 0xff, 0xff, 0xff, 0xff, 0xff, 0xff,
    0xff, 0x28, 0xff, 0xff, 0xff, 0xff, 0xff, 0xff,
    0xff, 0xf7, 0xaf, 0xff, 0xff, 0xfb, 0xbb, 0xff,
    0xff, 0xff, 0x9a, 0xff, 0xff, 0xfb, 0x0, 0xc,
    0xff, 0xff, 0xf9, 0xaf, 0xff, 0xff, 0xa0, 0x0,
    0xcf, 0xff, 0xff, 0x9a, 0xff, 0xff, 0xfa, 0x0,
    0xc, 0xff, 0xff, 0xf9, 0xaf, 0xff, 0xff, 0xa0,
    0x0, 0xcf, 0xff, 0xff, 0x87, 0xff, 0xff, 0xfc,
    0x0, 0xd, 0xff, 0xff, 0xf6, 0x3f, 0xff, 0xff,
    0xff, 0xff, 0xff, 0xff, 0xff, 0x20, 0x7f, 0xff,
    0xff, 0xff, 0xff, 0xff, 0xff, 0x50, 0xa, 0xff,
    0xff, 0xff, 0xff, 0xff, 0xff, 0xf9, 0x5, 0xff,
    0xff, 0xff, 0xff, 0xff, 0xff, 0xff, 0xf4, 0x9f,
    0xff, 0xff, 0xc0, 0x0, 0xdf, 0xff, 0xff, 0x7a,
    0xff, 0xff, 0xfa, 0x0, 0xc, 0xff, 0xff, 0xf9,
    0xaf, 0xff, 0xff, 0xa0, 0x0, 0xcf, 0xff, 0xff,
    0x9a, 0xff, 0xff, 0xfa, 0x0, 0xc, 0xff, 0xff,
    0xf9, 0xaf, 0xff, 0xff, 0xb0, 0x0, 0xcf, 0xff,
    0xff, 0x9a, 0xff, 0xff, 0xff, 0xbb, 0xbf, 0xff,
    0xff, 0xf9, 0x9f, 0xff, 0xff, 0xff, 0xff, 0xff,
    0xff, 0xff, 0x73, 0xff, 0xff, 0xff, 0xff, 0xff,
    0xff, 0xff, 0xf2, 0x9, 0xff, 0xff, 0xff, 0xff,
    0xff, 0xff, 0xf8, 0x0, 0x5, 0xbe, 0xff, 0xff,
    0xff, 0xfe, 0xb5, 0x0,

    /* U+0039 "9" */
    0x0, 0x7c, 0xef, 0xff, 0xff, 0xff, 0xda, 0x20,
    0x0, 0xcf, 0xff, 0xff, 0xff, 0xff, 0xff, 0xff,
    0x40, 0x7f, 0xff, 0xff, 0xff, 0xff, 0xff, 0xff,
    0xfe, 0xc, 0xff, 0xff, 0xff, 0xff, 0xff, 0xff,
    0xff, 0xf3, 0xdf, 0xff, 0xff, 0xfc, 0xce, 0xff,
    0xff, 0xff, 0x5d, 0xff, 0xff, 0xf9, 0x0, 0x2f,
    0xff, 0xff, 0xf5, 0xdf, 0xff, 0xff, 0x90, 0x1,
    0xff, 0xff, 0xff, 0x5d, 0xff, 0xff, 0xf9, 0x0,
    0x1f, 0xff, 0xff, 0xf5, 0xdf, 0xff, 0xff, 0x90,
    0x1, 0xff, 0xff, 0xff, 0x5d, 0xff, 0xff, 0xfb,
    0x0, 0x1f, 0xff, 0xff, 0xf5, 0xdf, 0xff, 0xff,
    0xff, 0xff, 0xff, 0xff, 0xff, 0x59, 0xff, 0xff,
    0xff, 0xff, 0xff, 0xff, 0xff, 0xf5, 0x2f, 0xff,
    0xff, 0xff, 0xff, 0xff, 0xff, 0xff, 0x50, 0x3d,
    0xff, 0xff, 0xff, 0xff, 0xff, 0xff, 0xf5, 0x0,
    0x2, 0x45, 0x66, 0x67, 0xff, 0xff, 0xff, 0x50,
    0x0, 0x0, 0x0, 0x0, 0x1f, 0xff, 0xff, 0xf5,
    0x36, 0x66, 0x66, 0x50, 0x1, 0xff, 0xff, 0xff,
    0x59, 0xff, 0xff, 0xfe, 0x0, 0x1f, 0xff, 0xff,
    0xf5, 0x9f, 0xff, 0xff, 0xf0, 0x2, 0xff, 0xff,
    0xff, 0x58, 0xff, 0xff, 0xff, 0xdc, 0xef, 0xff,
    0xff, 0xf5, 0x6f, 0xff, 0xff, 0xff, 0xff, 0xff,
    0xff, 0xff, 0x31, 0xff, 0xff, 0xff, 0xff, 0xff,
    0xff, 0xff, 0xe0, 0x6, 0xff, 0xff, 0xff, 0xff,
    0xff, 0xff, 0xf4, 0x0, 0x4, 0xae, 0xff, 0xff,
    0xff, 0xfd, 0xa2, 0x0,

    /* U+003A ":" */
    0x7f, 0xff, 0xff, 0xf1, 0x7f, 0xff, 0xff, 0xf1,
    0x7f, 0xff, 0xff, 0xf1, 0x7f, 0xff, 0xff, 0xf1,
    0x7f, 0xff, 0xff, 0xf1, 0x7f, 0xff, 0xff, 0xf1,
    0x14, 0x44, 0x44, 0x40, 0x0, 0x0, 0x0, 0x0,
    0x0, 0x0, 0x0, 0x0, 0x0, 0x0, 0x0, 0x0,
    0x0, 0x0, 0x0, 0x0, 0x0, 0x0, 0x0, 0x0,
    0x14, 0x44, 0x44, 0x40, 0x7f, 0xff, 0xff, 0xf1,
    0x7f, 0xff, 0xff, 0xf1, 0x7f, 0xff, 0xff, 0xf1,
    0x7f, 0xff, 0xff, 0xf1, 0x7f, 0xff, 0xff, 0xf1,
    0x7f, 0xff, 0xff, 0xf1,

    /* U+003B ";" */
    0x7f, 0xff, 0xff, 0xf1, 0x7f, 0xff, 0xff, 0xf1,
    0x7f, 0xff, 0xff, 0xf1, 0x7f, 0xff, 0xff, 0xf1,
    0x7f, 0xff, 0xff, 0xf1, 0x7f, 0xff, 0xff, 0xf1,
    0x14, 0x44, 0x44, 0x40, 0x0, 0x0, 0x0, 0x0,
    0x0, 0x0, 0x0, 0x0, 0x0, 0x0, 0x0, 0x0,
    0x0, 0x0, 0x0, 0x0, 0x0, 0x0, 0x0, 0x0,
    0x0, 0x0, 0x0, 0x0, 0x7f, 0xff, 0xff, 0xf1,
    0x7f, 0xff, 0xff, 0xf1, 0x7f, 0xff, 0xff, 0xf1,
    0x7f, 0xff, 0xff, 0xf0, 0x7f, 0xff, 0xff, 0x70,
    0x7f, 0xff, 0xfe, 0x0, 0x7f, 0xff, 0xf6, 0x0,
    0x7f, 0xff, 0xd0, 0x0, 0x7f, 0xff, 0x50, 0x0,
    0x7f, 0xfc, 0x0, 0x0, 0x7f, 0xf4, 0x0, 0x0,
    0x7e, 0xb0, 0x0, 0x0,

    /* U+003C "<" */
    0x0, 0x0, 0x0, 0x0, 0x0, 0x0, 0x0, 0x0,
    0x0, 0x21, 0x0, 0x0, 0x0, 0x0, 0x0, 0x0,
    0x0, 0x5, 0x9e, 0xf4, 0x0, 0x0, 0x0, 0x0,
    0x0, 0x2, 0x7c, 0xff, 0xff, 0xf4, 0x0, 0x0,
    0x0, 0x0, 0x59, 0xef, 0xff, 0xff, 0xff, 0xf4,
    0x0, 0x0, 0x27, 0xbf, 0xff, 0xff, 0xff, 0xff,
    0xff, 0xf4, 0x5, 0x9e, 0xff, 0xff, 0xff, 0xff,
    0xff, 0xff, 0xff, 0xe3, 0xf, 0xff, 0xff, 0xff,
    0xff, 0xff, 0xff, 0xea, 0x62, 0x0, 0xf, 0xff,
    0xff, 0xff, 0xff, 0xea, 0x62, 0x0, 0x0, 0x0,
    0xf, 0xff, 0xff, 0xfe, 0x72, 0x0, 0x0, 0x0,
    0x0, 0x0, 0xf, 0xff, 0xff, 0xff, 0xfb, 0x73,
    0x0, 0x0, 0x0, 0x0, 0xf, 0xff, 0xff, 0xff,
    0xff, 0xff, 0xfb, 0x73, 0x0, 0x0, 0x9, 0xef,
    0xff, 0xff, 0xff, 0xff, 0xff, 0xff, 0xea, 0x61,
    0x0, 0x2, 0x7c, 0xff, 0xff, 0xff, 0xff, 0xff,
    0xff, 0xf4, 0x0, 0x0, 0x0, 0x16, 0xbf, 0xff,
    0xff, 0xff, 0xff, 0xf4, 0x0, 0x0, 0x0, 0x0,
    0x0, 0x49, 0xef, 0xff, 0xff, 0xf4, 0x0, 0x0,
    0x0, 0x0, 0x0, 0x0, 0x3, 0x8d, 0xff, 0xf4,
    0x0, 0x0, 0x0, 0x0, 0x0, 0x0, 0x0, 0x0,
    0x16, 0xb4,

    /* U+003D "=" */
    0xf, 0xff, 0xff, 0xff, 0xff, 0xff, 0xff, 0xff,
    0xff, 0xf4, 0xf, 0xff, 0xff, 0xff, 0xff, 0xff,
    0xff, 0xff, 0xff, 0xf4, 0xf, 0xff, 0xff, 0xff,
    0xff, 0xff, 0xff, 0xff, 0xff, 0xf4, 0xf, 0xff,
    0xff, 0xff, 0xff, 0xff, 0xff, 0xff, 0xff, 0xf4,
    0xe, 0xee, 0xee, 0xee, 0xee, 0xee, 0xee, 0xee,
    0xee, 0xe4, 0x0, 0x0, 0x0, 0x0, 0x0, 0x0,
    0x0, 0x0, 0x0, 0x0, 0x0, 0x0, 0x0, 0x0,
    0x0, 0x0, 0x0, 0x0, 0x0, 0x0, 0x0, 0x0,
    0x0, 0x0, 0x0, 0x0, 0x0, 0x0, 0x0, 0x0,
    0xe, 0xee, 0xee, 0xee, 0xee, 0xee, 0xee, 0xee,
    0xee, 0xe4, 0xf, 0xff, 0xff, 0xff, 0xff, 0xff,
    0xff, 0xff, 0xff, 0xf4, 0xf, 0xff, 0xff, 0xff,
    0xff, 0xff, 0xff, 0xff, 0xff, 0xf4, 0xf, 0xff,
    0xff, 0xff, 0xff, 0xff, 0xff, 0xff, 0xff, 0xf4,
    0xf, 0xff, 0xff, 0xff, 0xff, 0xff, 0xff, 0xff,
    0xff, 0xf4,

    /* U+003E ">" */
    0x4, 0x0, 0x0, 0x0, 0x0, 0x0, 0x0, 0x0,
    0x0, 0x0, 0xf, 0xfa, 0x61, 0x0, 0x0, 0x0,
    0x0, 0x0, 0x0, 0x0, 0xf, 0xff, 0xff, 0xd8,
    0x30, 0x0, 0x0, 0x0, 0x0, 0x0, 0xf, 0xff,
    0xff, 0xff, 0xff, 0xa6, 0x10, 0x0, 0x0, 0x0,
    0xf, 0xff, 0xff, 0xff, 0xff, 0xff, 0xfd, 0x83,
    0x0, 0x0, 0xd, 0xff, 0xff, 0xff, 0xff, 0xff,
    0xff, 0xff, 0xfa, 0x60, 0x0, 0x15, 0x9d, 0xff,
    0xff, 0xff, 0xff, 0xff, 0xff, 0xf4, 0x0, 0x0,
    0x0, 0x15, 0x9d, 0xff, 0xff, 0xff, 0xff, 0xf4,
    0x0, 0x0, 0x0, 0x0, 0x0, 0x15, 0xcf, 0xff,
    0xff, 0xf4, 0x0, 0x0, 0x0, 0x0, 0x26, 0xae,
    0xff, 0xff, 0xff, 0xf4, 0x0, 0x0, 0x26, 0xae,
    0xff, 0xff, 0xff, 0xff, 0xff, 0xf4, 0x5, 0x9e,
    0xff, 0xff, 0xff, 0xff, 0xff, 0xff, 0xfe, 0xa2,
    0xf, 0xff, 0xff, 0xff, 0xff, 0xff, 0xff, 0xd8,
    0x40, 0x0, 0xf, 0xff, 0xff, 0xff, 0xff, 0xfc,
    0x72, 0x0, 0x0, 0x0, 0xf, 0xff, 0xff, 0xff,
    0xa6, 0x10, 0x0, 0x0, 0x0, 0x0, 0xf, 0xff,
    0xe9, 0x40, 0x0, 0x0, 0x0, 0x0, 0x0, 0x0,
    0xc, 0x83, 0x0, 0x0, 0x0, 0x0, 0x0, 0x0,
    0x0, 0x0,

    /* U+003F "?" */
    0x0, 0x29, 0xdf, 0xff, 0xff, 0xff, 0xfd, 0x81,
    0x0, 0x3, 0xff, 0xff, 0xff, 0xff, 0xff, 0xff,
    0xfe, 0x10, 0xc, 0xff, 0xff, 0xff, 0xff, 0xff,
    0xff, 0xff, 0x90, 0x1f, 0xff, 0xff, 0xff, 0xff,
    0xff, 0xff, 0xff, 0xf0, 0x3f, 0xff, 0xff, 0xfc,
    0x66, 0xdf, 0xff, 0xff, 0xf0, 0x3f, 0xff, 0xff,
    0xf6, 0x0, 0x9f, 0xff, 0xff, 0xf1, 0x3f, 0xff,
    0xff, 0xf6, 0x0, 0x9f, 0xff, 0xff, 0xf1, 0x2a,
    0xaa, 0xaa, 0xa4, 0x0, 0x9f, 0xff, 0xff, 0xf1,
    0x0, 0x0, 0x0, 0x0, 0x0, 0x9f, 0xff, 0xff,
    0xf0, 0x0, 0x0, 0x5, 0x88, 0x88, 0xef, 0xff,
    0xff, 0xf0, 0x0, 0x0, 0x9, 0xff, 0xff, 0xff,
    0xff, 0xff, 0x90, 0x0, 0x0, 0x8, 0xff, 0xff,
    0xff, 0xff, 0xfe, 0x10, 0x0, 0x0, 0x6, 0xff,
    0xff, 0xff, 0xfd, 0x81, 0x0, 0x0, 0x0, 0x5,
    0xff, 0xff, 0xf9, 0x0, 0x0, 0x0, 0x0, 0x0,
    0x3, 0xff, 0xff, 0xf7, 0x0, 0x0, 0x0, 0x0,
    0x0, 0x0, 0x33, 0x33, 0x31, 0x0, 0x0, 0x0,
    0x0, 0x0, 0x0, 0x0, 0x0, 0x0, 0x0, 0x0,
    0x0, 0x0, 0x0, 0x2, 0x44, 0x44, 0x43, 0x0,
    0x0, 0x0, 0x0, 0x0, 0xb, 0xff, 0xff, 0xfd,
    0x0, 0x0, 0x0, 0x0, 0x0, 0xb, 0xff, 0xff,
    0xfd, 0x0, 0x0, 0x0, 0x0, 0x0, 0xb, 0xff,
    0xff, 0xfd, 0x0, 0x0, 0x0, 0x0, 0x0, 0xb,
    0xff, 0xff, 0xfd, 0x0, 0x0, 0x0, 0x0, 0x0,
    0xb, 0xff, 0xff, 0xfd, 0x0, 0x0, 0x0, 0x0,
    0x0, 0xb, 0xff, 0xff, 0xfd, 0x0, 0x0, 0x0,

    /* U+0040 "@" */
    0x0, 0x1, 0x45, 0x66, 0x66, 0x66, 0x66, 0x66,
    0x66, 0x66, 0x66, 0x66, 0x65, 0x40, 0x0, 0x0,
    0x1b, 0xff, 0xff, 0xff, 0xff, 0xff, 0xff, 0xff,
    0xff, 0xff, 0xff, 0xff, 0xff, 0xf7, 0x0, 0xb,
    0xff, 0xff, 0xff, 0xff, 0xff, 0xff, 0xff, 0xff,
    0xff, 0xff, 0xff, 0xff, 0xff, 0xf5, 0x3, 0xff,
    0xff, 0xff, 0xff, 0xff, 0xff, 0xff, 0xff, 0xff,
    0xff, 0xff, 0xff, 0xff, 0xff, 0xc0, 0x6f, 0xff,
    0xff, 0xff, 0xff, 0xff, 0xff, 0xff, 0xff, 0xff,
    0xff, 0xff, 0xff, 0xff, 0xff, 0x7, 0xff, 0xff,
    0xf5, 0x0, 0x0, 0x0, 0x0, 0x0, 0x0, 0x0,
    0x0, 0x9, 0xff, 0xff, 0xf0, 0x7f, 0xff, 0xff,
    0x30, 0x0, 0x0, 0x0, 0x0, 0x0, 0x0, 0x0,
    0x0, 0x8f, 0xff, 0xff, 0x7, 0xff, 0xff, 0xf3,
    0x0, 0x8, 0xdf, 0xfe, 0x84, 0xff, 0xff, 0xe0,
    0x8, 0xff, 0xff, 0xf0, 0x7f, 0xff, 0xff, 0x30,
    0xb, 0xff, 0xff, 0xff, 0xbf, 0xff, 0xfe, 0x0,
    0x8f, 0xff, 0xff, 0x7, 0xff, 0xff, 0xf3, 0x4,
    0xff, 0xff, 0xff, 0xff, 0xff, 0xff, 0xe0, 0x8,
    0xff, 0xff, 0xf0, 0x7f, 0xff, 0xff, 0x30, 0x8f,
    0xff, 0xff, 0xff, 0xff, 0xff, 0xfe, 0x0, 0x8f,
    0xff, 0xff, 0x7, 0xff, 0xff, 0xf3, 0x9, 0xff,
    0xff, 0xf1, 0x8, 0xff, 0xff, 0xe0, 0x8, 0xff,
    0xff, 0xf0, 0x7f, 0xff, 0xff, 0x30, 0x9f, 0xff,
    0xff, 0x0, 0x6f, 0xff, 0xfe, 0x0, 0x8f, 0xff,
    0xff, 0x7, 0xff, 0xff, 0xf3, 0x9, 0xff, 0xff,
    0xf0, 0x6, 0xff, 0xff, 0xe0, 0x8, 0xff, 0xff,
    0xf0, 0x7f, 0xff, 0xff, 0x30, 0x9f, 0xff, 0xff,
    0x0, 0x6f, 0xff, 0xfe, 0x0, 0x8f, 0xff, 0xff,
    0x7, 0xff, 0xff, 0xf3, 0x9, 0xff, 0xff, 0xf0,
    0x6, 0xff, 0xff, 0xe0, 0x8, 0xff, 0xff, 0xf0,
    0x7f, 0xff, 0xff, 0x30, 0x9f, 0xff, 0xff, 0x10,
    0x8f, 0xff, 0xfe, 0x0, 0x9f, 0xff, 0xff, 0x7,
    0xff, 0xff, 0xf3, 0x8, 0xff, 0xff, 0xff, 0xff,
    0xff, 0xff, 0xff, 0xff, 0xff, 0xff, 0xe0, 0x7f,
    0xff, 0xff, 0x30, 0x4f, 0xff, 0xff, 0xff, 0xff,
    0xff, 0xff, 0xff, 0xff, 0xff, 0xfa, 0x7, 0xff,
    0xff, 0xf3, 0x0, 0xbf, 0xff, 0xff, 0xfb, 0xff,
    0xff, 0xff, 0xff, 0xff, 0xfe, 0x10, 0x7f, 0xff,
    0xff, 0x30, 0x0, 0x8d, 0xff, 0xe8, 0x3f, 0xff,
    0xff, 0xff, 0xff, 0xd9, 0x10, 0x7, 0xff, 0xff,
    0xf3, 0x0, 0x0, 0x0, 0x0, 0x0, 0x0, 0x0,
    0x0, 0x0, 0x0, 0x0, 0x0, 0x7f, 0xff, 0xff,
    0x30, 0x0, 0x0, 0x0, 0x0, 0x0, 0x0, 0x0,
    0x0, 0x0, 0x0, 0x0, 0x7, 0xff, 0xff, 0xfa,
    0x66, 0x66, 0x66, 0x66, 0x66, 0x66, 0x66, 0x50,
    0x0, 0x0, 0x0, 0x0, 0x5f, 0xff, 0xff, 0xff,
    0xff, 0xff, 0xff, 0xff, 0xff, 0xff, 0xfe, 0x0,
    0x0, 0x0, 0x0, 0x1, 0xff, 0xff, 0xff, 0xff,
    0xff, 0xff, 0xff, 0xff, 0xff, 0xff, 0xe0, 0x0,
    0x0, 0x0, 0x0, 0x7, 0xff, 0xff, 0xff, 0xff,
    0xff, 0xff, 0xff, 0xff, 0xff, 0xfe, 0x0, 0x0,
    0x0, 0x0, 0x0, 0x5, 0xbe, 0xff, 0xff, 0xff,
    0xff, 0xff, 0xff, 0xff, 0xff, 0xe0, 0x0, 0x0,
    0x0, 0x0,

    /* U+0041 "A" */
    0x0, 0x0, 0x0, 0xdf, 0xff, 0xff, 0xff, 0x70,
    0x0, 0x0, 0x0, 0x0, 0x0, 0x2f, 0xff, 0xff,
    0xff, 0xfc, 0x0, 0x0, 0x0, 0x0, 0x0, 0x6,
    0xff, 0xff, 0xff, 0xff, 0xf0, 0x0, 0x0, 0x0,
    0x0, 0x0, 0xaf, 0xff, 0xff, 0xff, 0xff, 0x40,
    0x0, 0x0, 0x0, 0x0, 0xe, 0xff, 0xff, 0xff,
    0xff, 0xf8, 0x0, 0x0, 0x0, 0x0, 0x2, 0xff,
    0xff, 0xff, 0xff, 0xff, 0xc0, 0x0, 0x0, 0x0,
    0x0, 0x6f, 0xff, 0xff, 0xff, 0xff, 0xff, 0x10,
    0x0, 0x0, 0x0, 0xb, 0xff, 0xff, 0xfc, 0xff,
    0xff, 0xf5, 0x0, 0x0, 0x0, 0x0, 0xff, 0xff,
    0xff, 0x6f, 0xff, 0xff, 0x90, 0x0, 0x0, 0x0,
    0x3f, 0xff, 0xff, 0xb2, 0xff, 0xff, 0xfd, 0x0,
    0x0, 0x0, 0x7, 0xff, 0xff, 0xf8, 0xe, 0xff,
    0xff, 0xf1, 0x0, 0x0, 0x0, 0xbf, 0xff, 0xff,
    0x40, 0xbf, 0xff, 0xff, 0x50, 0x0, 0x0, 0xf,
    0xff, 0xff, 0xf1, 0x8, 0xff, 0xff, 0xfa, 0x0,
    0x0, 0x4, 0xff, 0xff, 0xfd, 0x0, 0x4f, 0xff,
    0xff, 0xe0, 0x0, 0x0, 0x8f, 0xff, 0xff, 0xa0,
    0x1, 0xff, 0xff, 0xff, 0x20, 0x0, 0xc, 0xff,
    0xff, 0xfd, 0xbb, 0xbf, 0xff, 0xff, 0xf6, 0x0,
    0x0, 0xff, 0xff, 0xff, 0xff, 0xff, 0xff, 0xff,
    0xff, 0xa0, 0x0, 0x4f, 0xff, 0xff, 0xff, 0xff,
    0xff, 0xff, 0xff, 0xfe, 0x0, 0x9, 0xff, 0xff,
    0xff, 0xff, 0xff, 0xff, 0xff, 0xff, 0xf3, 0x0,
    0xdf, 0xff, 0xff, 0xff, 0xff, 0xff, 0xff, 0xff,
    0xff, 0x70, 0x1f, 0xff, 0xff, 0xf4, 0x0, 0x0,
    0xc, 0xff, 0xff, 0xfb, 0x5, 0xff, 0xff, 0xff,
    0x10, 0x0, 0x0, 0x9f, 0xff, 0xff, 0xf0, 0x9f,
    0xff, 0xff, 0xd0, 0x0, 0x0, 0x5, 0xff, 0xff,
    0xff, 0x4d, 0xff, 0xff, 0xfa, 0x0, 0x0, 0x0,
    0x2f, 0xff, 0xff, 0xf8,

    /* U+0042 "B" */
    0x7f, 0xff, 0xff, 0xff, 0xff, 0xff, 0xfd, 0x92,
    0x0, 0x7f, 0xff, 0xff, 0xff, 0xff, 0xff, 0xff,
    0xff, 0x30, 0x7f, 0xff, 0xff, 0xff, 0xff, 0xff,
    0xff, 0xff, 0xd0, 0x7f, 0xff, 0xff, 0xff, 0xff,
    0xff, 0xff, 0xff, 0xf2, 0x7f, 0xff, 0xff, 0xf6,
    0x66, 0xaf, 0xff, 0xff, 0xf4, 0x7f, 0xff, 0xff,
    0xf1, 0x0, 0x4f, 0xff, 0xff, 0xf4, 0x7f, 0xff,
    0xff, 0xf1, 0x0, 0x4f, 0xff, 0xff, 0xf4, 0x7f,
    0xff, 0xff, 0xf1, 0x0, 0x4f, 0xff, 0xff, 0xf4,
    0x7f, 0xff, 0xff, 0xf1, 0x0, 0x4f, 0xff, 0xff,
    0xf3, 0x7f, 0xff, 0xff, 0xf6, 0x66, 0xaf, 0xff,
    0xff, 0xf1, 0x7f, 0xff, 0xff, 0xff, 0xff, 0xff,
    0xff, 0xff, 0xb0, 0x7f, 0xff, 0xff, 0xff, 0xff,
    0xff, 0xff, 0xfd, 0x10, 0x7f, 0xff, 0xff, 0xff,
    0xff, 0xff, 0xff, 0xff, 0x70, 0x7f, 0xff, 0xff,
    0xff, 0xff, 0xff, 0xff, 0xff, 0xf0, 0x7f, 0xff,
    0xff, 0xf1, 0x0, 0x6f, 0xff, 0xff, 0xf3, 0x7f,
    0xff, 0xff, 0xf1, 0x0, 0x4f, 0xff, 0xff, 0xf4,
    0x7f, 0xff, 0xff, 0xf1, 0x0, 0x4f, 0xff, 0xff,
    0xf4, 0x7f, 0xff, 0xff, 0xf1, 0x0, 0x4f, 0xff,
    0xff, 0xf4, 0x7f, 0xff, 0xff, 0xf1, 0x0, 0x4f,
    0xff, 0xff, 0xf4, 0x7f, 0xff, 0xff, 0xf6, 0x66,
    0xaf, 0xff, 0xff, 0xf4, 0x7f, 0xff, 0xff, 0xff,
    0xff, 0xff, 0xff, 0xff, 0xf2, 0x7f, 0xff, 0xff,
    0xff, 0xff, 0xff, 0xff, 0xff, 0xd0, 0x7f, 0xff,
    0xff, 0xff, 0xff, 0xff, 0xff, 0xff, 0x30, 0x7f,
    0xff, 0xff, 0xff, 0xff, 0xff, 0xfd, 0x92, 0x0,

    /* U+0043 "C" */
    0x0, 0x5b, 0xef, 0xff, 0xff, 0xff, 0xec, 0x60,
    0x0, 0x9f, 0xff, 0xff, 0xff, 0xff, 0xff, 0xff,
    0xb0, 0x3f, 0xff, 0xff, 0xff, 0xff, 0xff, 0xff,
    0xff, 0x68, 0xff, 0xff, 0xff, 0xff, 0xff, 0xff,
    0xff, 0xfb, 0xaf, 0xff, 0xff, 0xf7, 0x76, 0xff,
    0xff, 0xff, 0xda, 0xff, 0xff, 0xff, 0x0, 0xc,
    0xff, 0xff, 0xfd, 0xaf, 0xff, 0xff, 0xf0, 0x0,
    0xcf, 0xff, 0xff, 0xda, 0xff, 0xff, 0xff, 0x0,
    0xc, 0xff, 0xff, 0xfd, 0xaf, 0xff, 0xff, 0xf0,
    0x0, 0xcf, 0xff, 0xff, 0xda, 0xff, 0xff, 0xff,
    0x0, 0x0, 0x0, 0x0, 0x0, 0xaf, 0xff, 0xff,
    0xf0, 0x0, 0x0, 0x0, 0x0, 0xa, 0xff, 0xff,
    0xff, 0x0, 0x0, 0x0, 0x0, 0x0, 0xaf, 0xff,
    0xff, 0xf0, 0x0, 0x0, 0x0, 0x0, 0xa, 0xff,
    0xff, 0xff, 0x0, 0x0, 0x0, 0x0, 0x0, 0xaf,
    0xff, 0xff, 0xf0, 0x0, 0x0, 0x0, 0x0, 0xa,
    0xff, 0xff, 0xff, 0x0, 0xa, 0xdd, 0xdd, 0xdb,
    0xaf, 0xff, 0xff, 0xf0, 0x0, 0xcf, 0xff, 0xff,
    0xda, 0xff, 0xff, 0xff, 0x0, 0xc, 0xff, 0xff,
    0xfd, 0xaf, 0xff, 0xff, 0xf0, 0x0, 0xcf, 0xff,
    0xff, 0xda, 0xff, 0xff, 0xff, 0x77, 0x6f, 0xff,
    0xff, 0xfd, 0x8f, 0xff, 0xff, 0xff, 0xff, 0xff,
    0xff, 0xff, 0xb3, 0xff, 0xff, 0xff, 0xff, 0xff,
    0xff, 0xff, 0xf6, 0x9, 0xff, 0xff, 0xff, 0xff,
    0xff, 0xff, 0xfb, 0x0, 0x5, 0xbe, 0xff, 0xff,
    0xff, 0xfe, 0xc6, 0x0,

    /* U+0044 "D" */
    0x1f, 0xff, 0xff, 0xff, 0xff, 0xff, 0xfe, 0xb5,
    0x0, 0x1f, 0xff, 0xff, 0xff, 0xff, 0xff, 0xff,
    0xff, 0xa0, 0x1f, 0xff, 0xff, 0xff, 0xff, 0xff,
    0xff, 0xff, 0xf4, 0x1f, 0xff, 0xff, 0xff, 0xff,
    0xff, 0xff, 0xff, 0xf9, 0x1f, 0xff, 0xff, 0xfb,
    0x66, 0x7f, 0xff, 0xff, 0xfb, 0x1f, 0xff, 0xff,
    0xf8, 0x0, 0xf, 0xff, 0xff, 0xfb, 0x1f, 0xff,
    0xff, 0xf8, 0x0, 0xf, 0xff, 0xff, 0xfb, 0x1f,
    0xff, 0xff, 0xf8, 0x0, 0xf, 0xff, 0xff, 0xfb,
    0x1f, 0xff, 0xff, 0xf8, 0x0, 0xf, 0xff, 0xff,
    0xfb, 0x1f, 0xff, 0xff, 0xf8, 0x0, 0xf, 0xff,
    0xff, 0xfb, 0x1f, 0xff, 0xff, 0xf8, 0x0, 0xf,
    0xff, 0xff, 0xfb, 0x1f, 0xff, 0xff, 0xf8, 0x0,
    0xf, 0xff, 0xff, 0xfb, 0x1f, 0xff, 0xff, 0xf8,
    0x0, 0xf, 0xff, 0xff, 0xfb, 0x1f, 0xff, 0xff,
    0xf8, 0x0, 0xf, 0xff, 0xff, 0xfb, 0x1f, 0xff,
    0xff, 0xf8, 0x0, 0xf, 0xff, 0xff, 0xfb, 0x1f,
    0xff, 0xff, 0xf8, 0x0, 0xf, 0xff, 0xff, 0xfb,
    0x1f, 0xff, 0xff, 0xf8, 0x0, 0xf, 0xff, 0xff,
    0xfb, 0x1f, 0xff, 0xff, 0xf8, 0x0, 0xf, 0xff,
    0xff, 0xfb, 0x1f, 0xff, 0xff, 0xf8, 0x0, 0xf,
    0xff, 0xff, 0xfb, 0x1f, 0xff, 0xff, 0xfb, 0x66,
    0x7f, 0xff, 0xff, 0xfb, 0x1f, 0xff, 0xff, 0xff,
    0xff, 0xff, 0xff, 0xff, 0xf9, 0x1f, 0xff, 0xff,
    0xff, 0xff, 0xff, 0xff, 0xff, 0xf3, 0x1f, 0xff,
    0xff, 0xff, 0xff, 0xff, 0xff, 0xff, 0x90, 0x1f,
    0xff, 0xff, 0xff, 0xff, 0xff, 0xfe, 0xb5, 0x0,

    /* U+0045 "E" */
    0x7f, 0xff, 0xff, 0xff, 0xff, 0xff, 0xff, 0xf2,
    0x7f, 0xff, 0xff, 0xff, 0xff, 0xff, 0xff, 0xf2,
    0x7f, 0xff, 0xff, 0xff, 0xff, 0xff, 0xff, 0xf2,
    0x7f, 0xff, 0xff, 0xff, 0xff, 0xff, 0xff, 0xf2,
    0x7f, 0xff, 0xff, 0xfc, 0xcc, 0xcc, 0xcc, 0xc1,
    0x7f, 0xff, 0xff, 0xf2, 0x0, 0x0, 0x0, 0x0,
    0x7f, 0xff, 0xff, 0xf2, 0x0, 0x0, 0x0, 0x0,
    0x7f, 0xff, 0xff, 0xf2, 0x0, 0x0, 0x0, 0x0,
    0x7f, 0xff, 0xff, 0xf2, 0x0, 0x0, 0x0, 0x0,
    0x7f, 0xff, 0xff, 0xfc, 0xcc, 0xcc, 0xcc, 0x0,
    0x7f, 0xff, 0xff, 0xff, 0xff, 0xff, 0xff, 0x0,
    0x7f, 0xff, 0xff, 0xff, 0xff, 0xff, 0xff, 0x0,
    0x7f, 0xff, 0xff, 0xff, 0xff, 0xff, 0xff, 0x0,
    0x7f, 0xff, 0xff, 0xff, 0xff, 0xff, 0xff, 0x0,
    0x7f, 0xff, 0xff, 0xf2, 0x0, 0x0, 0x0, 0x0,
    0x7f, 0xff, 0xff, 0xf2, 0x0, 0x0, 0x0, 0x0,
    0x7f, 0xff, 0xff, 0xf2, 0x0, 0x0, 0x0, 0x0,
    0x7f, 0xff, 0xff, 0xf2, 0x0, 0x0, 0x0, 0x0,
    0x7f, 0xff, 0xff, 0xf2, 0x0, 0x0, 0x0, 0x0,
    0x7f, 0xff, 0xff, 0xfc, 0xcc, 0xcc, 0xcc, 0xc5,
    0x7f, 0xff, 0xff, 0xff, 0xff, 0xff, 0xff, 0xf7,
    0x7f, 0xff, 0xff, 0xff, 0xff, 0xff, 0xff, 0xf7,
    0x7f, 0xff, 0xff, 0xff, 0xff, 0xff, 0xff, 0xf7,
    0x7f, 0xff, 0xff, 0xff, 0xff, 0xff, 0xff, 0xf7,

    /* U+0046 "F" */
    0x7f, 0xff, 0xff, 0xff, 0xff, 0xff, 0xff, 0xf2,
    0x7f, 0xff, 0xff, 0xff, 0xff, 0xff, 0xff, 0xf2,
    0x7f, 0xff, 0xff, 0xff, 0xff, 0xff, 0xff, 0xf2,
    0x7f, 0xff, 0xff, 0xff, 0xff, 0xff, 0xff, 0xf2,
    0x7f, 0xff, 0xff, 0xfc, 0xcc, 0xcc, 0xcc, 0xc1,
    0x7f, 0xff, 0xff, 0xf2, 0x0, 0x0, 0x0, 0x0,
    0x7f, 0xff, 0xff, 0xf2, 0x0, 0x0, 0x0, 0x0,
    0x7f, 0xff, 0xff, 0xf2, 0x0, 0x0, 0x0, 0x0,
    0x7f, 0xff, 0xff, 0xf2, 0x0, 0x0, 0x0, 0x0,
    0x7f, 0xff, 0xff, 0xf2, 0x0, 0x0, 0x0, 0x0,
    0x7f, 0xff, 0xff, 0xff, 0xff, 0xff, 0xff, 0x10,
    0x7f, 0xff, 0xff, 0xff, 0xff, 0xff, 0xff, 0x10,
    0x7f, 0xff, 0xff, 0xff, 0xff, 0xff, 0xff, 0x10,
    0x7f, 0xff, 0xff, 0xff, 0xff, 0xff, 0xff, 0x10,
    0x7f, 0xff, 0xff, 0xf7, 0x66, 0x66, 0x66, 0x0,
    0x7f, 0xff, 0xff, 0xf2, 0x0, 0x0, 0x0, 0x0,
    0x7f, 0xff, 0xff, 0xf2, 0x0, 0x0, 0x0, 0x0,
    0x7f, 0xff, 0xff, 0xf2, 0x0, 0x0, 0x0, 0x0,
    0x7f, 0xff, 0xff, 0xf2, 0x0, 0x0, 0x0, 0x0,
    0x7f, 0xff, 0xff, 0xf2, 0x0, 0x0, 0x0, 0x0,
    0x7f, 0xff, 0xff, 0xf2, 0x0, 0x0, 0x0, 0x0,
    0x7f, 0xff, 0xff, 0xf2, 0x0, 0x0, 0x0, 0x0,
    0x7f, 0xff, 0xff, 0xf2, 0x0, 0x0, 0x0, 0x0,
    0x7f, 0xff, 0xff, 0xf2, 0x0, 0x0, 0x0, 0x0,

    /* U+0047 "G" */
    0x0, 0x5b, 0xef, 0xff, 0xff, 0xff, 0xfc, 0x70,
    0x0, 0x9f, 0xff, 0xff, 0xff, 0xff, 0xff, 0xff,
    0xc0, 0x3f, 0xff, 0xff, 0xff, 0xff, 0xff, 0xff,
    0xff, 0x78, 0xff, 0xff, 0xff, 0xff, 0xff, 0xff,
    0xff, 0xfc, 0xaf, 0xff, 0xff, 0xf7, 0x76, 0xef,
    0xff, 0xff, 0xea, 0xff, 0xff, 0xff, 0x0, 0xc,
    0xff, 0xff, 0xfe, 0xaf, 0xff, 0xff, 0xf0, 0x0,
    0xcf, 0xff, 0xff, 0xea, 0xff, 0xff, 0xff, 0x0,
    0xc, 0xff, 0xff, 0xfe, 0xaf, 0xff, 0xff, 0xf0,
    0x0, 0x0, 0x0, 0x0, 0xa, 0xff, 0xff, 0xff,
    0x0, 0x0, 0x0, 0x0, 0x0, 0xaf, 0xff, 0xff,
    0xf0, 0x7b, 0xbb, 0xbb, 0xbb, 0xaa, 0xff, 0xff,
    0xff, 0xa, 0xff, 0xff, 0xff, 0xfe, 0xaf, 0xff,
    0xff, 0xf0, 0xaf, 0xff, 0xff, 0xff, 0xea, 0xff,
    0xff, 0xff, 0xa, 0xff, 0xff, 0xff, 0xff, 0xaf,
    0xff, 0xff, 0xf0, 0x23, 0xcf, 0xff, 0xff, 0xea,
    0xff, 0xff, 0xff, 0x0, 0xc, 0xff, 0xff, 0xfe,
    0xaf, 0xff, 0xff, 0xf0, 0x0, 0xcf, 0xff, 0xff,
    0xea, 0xff, 0xff, 0xff, 0x0, 0xc, 0xff, 0xff,
    0xfe, 0xaf, 0xff, 0xff, 0xf0, 0x0, 0xcf, 0xff,
    0xff, 0xea, 0xff, 0xff, 0xff, 0x76, 0x6f, 0xff,
    0xff, 0xfd, 0x8f, 0xff, 0xff, 0xff, 0xff, 0xff,
    0xff, 0xff, 0xb3, 0xff, 0xff, 0xff, 0xff, 0xff,
    0xff, 0xff, 0xf6, 0x9, 0xff, 0xff, 0xff, 0xff,
    0xff, 0xff, 0xfb, 0x0, 0x5, 0xbe, 0xff, 0xff,
    0xff, 0xfe, 0xc6, 0x0,

    /* U+0048 "H" */
    0x7f, 0xff, 0xff, 0xf1, 0x0, 0x2, 0xff, 0xff,
    0xff, 0x67, 0xff, 0xff, 0xff, 0x10, 0x0, 0x2f,
    0xff, 0xff, 0xf6, 0x7f, 0xff, 0xff, 0xf1, 0x0,
    0x2, 0xff, 0xff, 0xff, 0x67, 0xff, 0xff, 0xff,
    0x10, 0x0, 0x2f, 0xff, 0xff, 0xf6, 0x7f, 0xff,
    0xff, 0xf1, 0x0, 0x2, 0xff, 0xff, 0xff, 0x67,
    0xff, 0xff, 0xff, 0x10, 0x0, 0x2f, 0xff, 0xff,
    0xf6, 0x7f, 0xff, 0xff, 0xf1, 0x0, 0x2, 0xff,
    0xff, 0xff, 0x67, 0xff, 0xff, 0xff, 0x10, 0x0,
    0x2f, 0xff, 0xff, 0xf6, 0x7f, 0xff, 0xff, 0xf1,
    0x0, 0x2, 0xff, 0xff, 0xff, 0x67, 0xff, 0xff,
    0xff, 0xcc, 0xcc, 0xcf, 0xff, 0xff, 0xf6, 0x7f,
    0xff, 0xff, 0xff, 0xff, 0xff, 0xff, 0xff, 0xff,
    0x67, 0xff, 0xff, 0xff, 0xff, 0xff, 0xff, 0xff,
    0xff, 0xf6, 0x7f, 0xff, 0xff, 0xff, 0xff, 0xff,
    0xff, 0xff, 0xff, 0x67, 0xff, 0xff, 0xff, 0xff,
    0xff, 0xff, 0xff, 0xff, 0xf6, 0x7f, 0xff, 0xff,
    0xf1, 0x0, 0x2, 0xff, 0xff, 0xff, 0x67, 0xff,
    0xff, 0xff, 0x10, 0x0, 0x2f, 0xff, 0xff, 0xf6,
    0x7f, 0xff, 0xff, 0xf1, 0x0, 0x2, 0xff, 0xff,
    0xff, 0x67, 0xff, 0xff, 0xff, 0x10, 0x0, 0x2f,
    0xff, 0xff, 0xf6, 0x7f, 0xff, 0xff, 0xf1, 0x0,
    0x2, 0xff, 0xff, 0xff, 0x67, 0xff, 0xff, 0xff,
    0x10, 0x0, 0x2f, 0xff, 0xff, 0xf6, 0x7f, 0xff,
    0xff, 0xf1, 0x0, 0x2, 0xff, 0xff, 0xff, 0x67,
    0xff, 0xff, 0xff, 0x10, 0x0, 0x2f, 0xff, 0xff,
    0xf6, 0x7f, 0xff, 0xff, 0xf1, 0x0, 0x2, 0xff,
    0xff, 0xff, 0x67, 0xff, 0xff, 0xff, 0x10, 0x0,
    0x2f, 0xff, 0xff, 0xf6,

    /* U+0049 "I" */
    0x7f, 0xff, 0xff, 0xf2, 0x7f, 0xff, 0xff, 0xf2,
    0x7f, 0xff, 0xff, 0xf2, 0x7f, 0xff, 0xff, 0xf2,
    0x7f, 0xff, 0xff, 0xf2, 0x7f, 0xff, 0xff, 0xf2,
    0x7f, 0xff, 0xff, 0xf2, 0x7f, 0xff, 0xff, 0xf2,
    0x7f, 0xff, 0xff, 0xf2, 0x7f, 0xff, 0xff, 0xf2,
    0x7f, 0xff, 0xff, 0xf2, 0x7f, 0xff, 0xff, 0xf2,
    0x7f, 0xff, 0xff, 0xf2, 0x7f, 0xff, 0xff, 0xf2,
    0x7f, 0xff, 0xff, 0xf2, 0x7f, 0xff, 0xff, 0xf2,
    0x7f, 0xff, 0xff, 0xf2, 0x7f, 0xff, 0xff, 0xf2,
    0x7f, 0xff, 0xff, 0xf2, 0x7f, 0xff, 0xff, 0xf2,
    0x7f, 0xff, 0xff, 0xf2, 0x7f, 0xff, 0xff, 0xf2,
    0x7f, 0xff, 0xff, 0xf2, 0x7f, 0xff, 0xff, 0xf2,

    /* U+004A "J" */
    0x0, 0x0, 0x0, 0x0, 0xa, 0xff, 0xff, 0xff,
    0x0, 0x0, 0x0, 0x0, 0xa, 0xff, 0xff, 0xff,
    0x0, 0x0, 0x0, 0x0, 0xa, 0xff, 0xff, 0xff,
    0x0, 0x0, 0x0, 0x0, 0xa, 0xff, 0xff, 0xff,
    0x0, 0x0, 0x0, 0x0, 0xa, 0xff, 0xff, 0xff,
    0x0, 0x0, 0x0, 0x0, 0xa, 0xff, 0xff, 0xff,
    0x0, 0x0, 0x0, 0x0, 0xa, 0xff, 0xff, 0xff,
    0x0, 0x0, 0x0, 0x0, 0xa, 0xff, 0xff, 0xff,
    0x0, 0x0, 0x0, 0x0, 0xa, 0xff, 0xff, 0xff,
    0x0, 0x0, 0x0, 0x0, 0xa, 0xff, 0xff, 0xff,
    0x0, 0x0, 0x0, 0x0, 0xa, 0xff, 0xff, 0xff,
    0x0, 0x0, 0x0, 0x0, 0xa, 0xff, 0xff, 0xff,
    0x0, 0x0, 0x0, 0x0, 0xa, 0xff, 0xff, 0xff,
    0x0, 0x0, 0x0, 0x0, 0xa, 0xff, 0xff, 0xff,
    0x6a, 0xaa, 0xaa, 0xa0, 0xa, 0xff, 0xff, 0xff,
    0xaf, 0xff, 0xff, 0xf0, 0xa, 0xff, 0xff, 0xff,
    0xaf, 0xff, 0xff, 0xf0, 0xa, 0xff, 0xff, 0xff,
    0xaf, 0xff, 0xff, 0xf0, 0xa, 0xff, 0xff, 0xff,
    0xaf, 0xff, 0xff, 0xf1, 0xb, 0xff, 0xff, 0xff,
    0x9f, 0xff, 0xff, 0xfd, 0xcf, 0xff, 0xff, 0xff,
    0x8f, 0xff, 0xff, 0xff, 0xff, 0xff, 0xff, 0xfe,
    0x2f, 0xff, 0xff, 0xff, 0xff, 0xff, 0xff, 0xf8,
    0x8, 0xff, 0xff, 0xff, 0xff, 0xff, 0xff, 0xd1,
    0x0, 0x5b, 0xef, 0xff, 0xff, 0xff, 0xc7, 0x0,

    /* U+004B "K" */
    0x7f, 0xff, 0xff, 0xf2, 0x0, 0x7, 0xff, 0xff,
    0xff, 0xa7, 0xff, 0xff, 0xff, 0x20, 0x0, 0xdf,
    0xff, 0xff, 0xf4, 0x7f, 0xff, 0xff, 0xf2, 0x0,
    0x3f, 0xff, 0xff, 0xfe, 0x7, 0xff, 0xff, 0xff,
    0x20, 0x9, 0xff, 0xff, 0xff, 0x70, 0x7f, 0xff,
    0xff, 0xf2, 0x0, 0xff, 0xff, 0xff, 0xf1, 0x7,
    0xff, 0xff, 0xff, 0x20, 0x5f, 0xff, 0xff, 0xfb,
    0x0, 0x7f, 0xff, 0xff, 0xf2, 0xb, 0xff, 0xff,
    0xff, 0x40, 0x7, 0xff, 0xff, 0xff, 0x21, 0xff,
    0xff, 0xff, 0xe0, 0x0, 0x7f, 0xff, 0xff, 0xf2,
    0x7f, 0xff, 0xff, 0xf7, 0x0, 0x7, 0xff, 0xff,
    0xff, 0x2d, 0xff, 0xff, 0xff, 0x10, 0x0, 0x7f,
    0xff, 0xff, 0xf6, 0xff, 0xff, 0xff, 0xb0, 0x0,
    0x7, 0xff, 0xff, 0xff, 0xdf, 0xff, 0xff, 0xf5,
    0x0, 0x0, 0x7f, 0xff, 0xff, 0xf9, 0xff, 0xff,
    0xff, 0x80, 0x0, 0x7, 0xff, 0xff, 0xff, 0x4f,
    0xff, 0xff, 0xfe, 0x0, 0x0, 0x7f, 0xff, 0xff,
    0xf2, 0xbf, 0xff, 0xff, 0xf4, 0x0, 0x7, 0xff,
    0xff, 0xff, 0x25, 0xff, 0xff, 0xff, 0xa0, 0x0,
    0x7f, 0xff, 0xff, 0xf2, 0xf, 0xff, 0xff, 0xff,
    0x10, 0x7, 0xff, 0xff, 0xff, 0x20, 0x9f, 0xff,
    0xff, 0xf6, 0x0, 0x7f, 0xff, 0xff, 0xf2, 0x3,
    0xff, 0xff, 0xff, 0xc0, 0x7, 0xff, 0xff, 0xff,
    0x20, 0xe, 0xff, 0xff, 0xff, 0x20, 0x7f, 0xff,
    0xff, 0xf2, 0x0, 0x8f, 0xff, 0xff, 0xf9, 0x7,
    0xff, 0xff, 0xff, 0x20, 0x2, 0xff, 0xff, 0xff,
    0xe0, 0x7f, 0xff, 0xff, 0xf2, 0x0, 0xc, 0xff,
    0xff, 0xff, 0x57, 0xff, 0xff, 0xff, 0x20, 0x0,
    0x6f, 0xff, 0xff, 0xfb,

    /* U+004C "L" */
    0x7f, 0xff, 0xff, 0xf2, 0x0, 0x0, 0x0, 0x7,
    0xff, 0xff, 0xff, 0x20, 0x0, 0x0, 0x0, 0x7f,
    0xff, 0xff, 0xf2, 0x0, 0x0, 0x0, 0x7, 0xff,
    0xff, 0xff, 0x20, 0x0, 0x0, 0x0, 0x7f, 0xff,
    0xff, 0xf2, 0x0, 0x0, 0x0, 0x7, 0xff, 0xff,
    0xff, 0x20, 0x0, 0x0, 0x0, 0x7f, 0xff, 0xff,
    0xf2, 0x0, 0x0, 0x0, 0x7, 0xff, 0xff, 0xff,
    0x20, 0x0, 0x0, 0x0, 0x7f, 0xff, 0xff, 0xf2,
    0x0, 0x0, 0x0, 0x7, 0xff, 0xff, 0xff, 0x20,
    0x0, 0x0, 0x0, 0x7f, 0xff, 0xff, 0xf2, 0x0,
    0x0, 0x0, 0x7, 0xff, 0xff, 0xff, 0x20, 0x0,
    0x0, 0x0, 0x7f, 0xff, 0xff, 0xf2, 0x0, 0x0,
    0x0, 0x7, 0xff, 0xff, 0xff, 0x20, 0x0, 0x0,
    0x0, 0x7f, 0xff, 0xff, 0xf2, 0x0, 0x0, 0x0,
    0x7, 0xff, 0xff, 0xff, 0x20, 0x0, 0x0, 0x0,
    0x7f, 0xff, 0xff, 0xf2, 0x0, 0x0, 0x0, 0x7,
    0xff, 0xff, 0xff, 0x20, 0x0, 0x0, 0x0, 0x7f,
    0xff, 0xff, 0xf2, 0x0, 0x0, 0x0, 0x7, 0xff,
    0xff, 0xff, 0xcc, 0xcc, 0xcc, 0xc9, 0x7f, 0xff,
    0xff, 0xff, 0xff, 0xff, 0xff, 0xb7, 0xff, 0xff,
    0xff, 0xff, 0xff, 0xff, 0xfb, 0x7f, 0xff, 0xff,
    0xff, 0xff, 0xff, 0xff, 0xb7, 0xff, 0xff, 0xff,
    0xff, 0xff, 0xff, 0xfb,

    /* U+004D "M" */
    0x7f, 0xff, 0xff, 0xfe, 0x0, 0x0, 0x0, 0x7,
    0xff, 0xff, 0xff, 0xf7, 0xff, 0xff, 0xff, 0xf3,
    0x0, 0x0, 0x0, 0xcf, 0xff, 0xff, 0xff, 0x7f,
    0xff, 0xff, 0xff, 0x80, 0x0, 0x0, 0x1f, 0xff,
    0xff, 0xff, 0xf7, 0xff, 0xff, 0xff, 0xfd, 0x0,
    0x0, 0x6, 0xff, 0xff, 0xff, 0xff, 0x7f, 0xff,
    0xff, 0xff, 0xf2, 0x0, 0x0, 0xbf, 0xff, 0xff,
    0xff, 0xf7, 0xff, 0xff, 0xff, 0xff, 0x70, 0x0,
    0xf, 0xff, 0xff, 0xff, 0xff, 0x7f, 0xff, 0xff,
    0xff, 0xfc, 0x0, 0x5, 0xff, 0xff, 0xff, 0xff,
    0xf7, 0xff, 0xff, 0xff, 0xff, 0xf1, 0x0, 0xaf,
    0xff, 0xff, 0xff, 0xff, 0x7f, 0xff, 0xff, 0xff,
    0xff, 0x60, 0xe, 0xff, 0xff, 0xff, 0xff, 0xf7,
    0xff, 0xff, 0xfc, 0xff, 0xfb, 0x3, 0xff, 0xfd,
    0xff, 0xff, 0xff, 0x7f, 0xff, 0xff, 0x8f, 0xff,
    0xf0, 0x8f, 0xff, 0x8f, 0xff, 0xff, 0xf7, 0xff,
    0xff, 0xf7, 0xbf, 0xff, 0x5d, 0xff, 0xf3, 0xff,
    0xff, 0xff, 0x7f, 0xff, 0xff, 0x77, 0xff, 0xfc,
    0xff, 0xfe, 0xf, 0xff, 0xff, 0xf7, 0xff, 0xff,
    0xf7, 0x2f, 0xff, 0xff, 0xff, 0x90, 0xff, 0xff,
    0xff, 0x7f, 0xff, 0xff, 0x70, 0xdf, 0xff, 0xff,
    0xf5, 0xf, 0xff, 0xff, 0xf7, 0xff, 0xff, 0xf7,
    0x8, 0xff, 0xff, 0xff, 0x0, 0xff, 0xff, 0xff,
    0x7f, 0xff, 0xff, 0x70, 0x3f, 0xff, 0xff, 0xb0,
    0xf, 0xff, 0xff, 0xf7, 0xff, 0xff, 0xf7, 0x0,
    0xef, 0xff, 0xf6, 0x0, 0xff, 0xff, 0xff, 0x7f,
    0xff, 0xff, 0x70, 0x8, 0xcc, 0xcc, 0x10, 0xf,
    0xff, 0xff, 0xf7, 0xff, 0xff, 0xf7, 0x0, 0x0,
    0x0, 0x0, 0x0, 0xff, 0xff, 0xff, 0x7f, 0xff,
    0xff, 0x70, 0x0, 0x0, 0x0, 0x0, 0xf, 0xff,
    0xff, 0xf7, 0xff, 0xff, 0xf7, 0x0, 0x0, 0x0,
    0x0, 0x0, 0xff, 0xff, 0xff, 0x7f, 0xff, 0xff,
    0x70, 0x0, 0x0, 0x0, 0x0, 0xf, 0xff, 0xff,
    0xf7, 0xff, 0xff, 0xf7, 0x0, 0x0, 0x0, 0x0,
    0x0, 0xff, 0xff, 0xff,

    /* U+004E "N" */
    0x7f, 0xff, 0xff, 0x60, 0x0, 0x5, 0xff, 0xff,
    0xfb, 0x7f, 0xff, 0xff, 0xd0, 0x0, 0x5, 0xff,
    0xff, 0xfb, 0x7f, 0xff, 0xff, 0xf4, 0x0, 0x5,
    0xff, 0xff, 0xfb, 0x7f, 0xff, 0xff, 0xfb, 0x0,
    0x5, 0xff, 0xff, 0xfb, 0x7f, 0xff, 0xff, 0xff,
    0x20, 0x5, 0xff, 0xff, 0xfb, 0x7f, 0xff, 0xff,
    0xff, 0x80, 0x5, 0xff, 0xff, 0xfb, 0x7f, 0xff,
    0xff, 0xff, 0xe0, 0x5, 0xff, 0xff, 0xfb, 0x7f,
    0xff, 0xff, 0xff, 0xf6, 0x5, 0xff, 0xff, 0xfb,
    0x7f, 0xff, 0xff, 0xff, 0xfd, 0x5, 0xff, 0xff,
    0xfb, 0x7f, 0xff, 0xff, 0xff, 0xff, 0x35, 0xff,
    0xff, 0xfb, 0x7f, 0xff, 0xff, 0xff, 0xff, 0xa5,
    0xff, 0xff, 0xfb, 0x7f, 0xff, 0xff, 0xef, 0xff,
    0xf7, 0xff, 0xff, 0xfb, 0x7f, 0xff, 0xff, 0x9e,
    0xff, 0xfd, 0xff, 0xff, 0xfb, 0x7f, 0xff, 0xff,
    0x98, 0xff, 0xff, 0xff, 0xff, 0xfb, 0x7f, 0xff,
    0xff, 0x91, 0xff, 0xff, 0xff, 0xff, 0xfb, 0x7f,
    0xff, 0xff, 0x90, 0xaf, 0xff, 0xff, 0xff, 0xfb,
    0x7f, 0xff, 0xff, 0x90, 0x3f, 0xff, 0xff, 0xff,
    0xfb, 0x7f, 0xff, 0xff, 0x90, 0xc, 0xff, 0xff,
    0xff, 0xfb, 0x7f, 0xff, 0xff, 0x90, 0x5, 0xff,
    0xff, 0xff, 0xfb, 0x7f, 0xff, 0xff, 0x90, 0x0,
    0xef, 0xff, 0xff, 0xfb, 0x7f, 0xff, 0xff, 0x90,
    0x0, 0x7f, 0xff, 0xff, 0xfb, 0x7f, 0xff, 0xff,
    0x90, 0x0, 0x1f, 0xff, 0xff, 0xfb, 0x7f, 0xff,
    0xff, 0x90, 0x0, 0x9, 0xff, 0xff, 0xfb, 0x7f,
    0xff, 0xff, 0x90, 0x0, 0x3, 0xff, 0xff, 0xfb,

    /* U+004F "O" */
    0x0, 0x5b, 0xef, 0xff, 0xff, 0xff, 0xfd, 0x92,
    0x0, 0x8, 0xff, 0xff, 0xff, 0xff, 0xff, 0xff,
    0xff, 0x30, 0x3f, 0xff, 0xff, 0xff, 0xff, 0xff,
    0xff, 0xff, 0xc0, 0x7f, 0xff, 0xff, 0xff, 0xff,
    0xff, 0xff, 0xff, 0xf1, 0x9f, 0xff, 0xff, 0xfd,
    0xcc, 0xff, 0xff, 0xff, 0xf3, 0x9f, 0xff, 0xff,
    0xf1, 0x0, 0x7f, 0xff, 0xff, 0xf3, 0x9f, 0xff,
    0xff, 0xf1, 0x0, 0x7f, 0xff, 0xff, 0xf3, 0x9f,
    0xff, 0xff, 0xf1, 0x0, 0x7f, 0xff, 0xff, 0xf3,
    0x9f, 0xff, 0xff, 0xf1, 0x0, 0x7f, 0xff, 0xff,
    0xf3, 0xaf, 0xff, 0xff, 0xf1, 0x0, 0x7f, 0xff,
    0xff, 0xf3, 0x9f, 0xff, 0xff, 0xf1, 0x0, 0x7f,
    0xff, 0xff, 0xf3, 0x9f, 0xff, 0xff, 0xf1, 0x0,
    0x7f, 0xff, 0xff, 0xf3, 0x9f, 0xff, 0xff, 0xf1,
    0x0, 0x7f, 0xff, 0xff, 0xf3, 0x9f, 0xff, 0xff,
    0xf1, 0x0, 0x7f, 0xff, 0xff, 0xf3, 0x9f, 0xff,
    0xff, 0xf1, 0x0, 0x7f, 0xff, 0xff, 0xf3, 0x9f,
    0xff, 0xff, 0xf1, 0x0, 0x7f, 0xff, 0xff, 0xf3,
    0x9f, 0xff, 0xff, 0xf1, 0x0, 0x7f, 0xff, 0xff,
    0xf3, 0x9f, 0xff, 0xff, 0xf1, 0x0, 0x7f, 0xff,
    0xff, 0xf3, 0x9f, 0xff, 0xff, 0xf1, 0x0, 0x7f,
    0xff, 0xff, 0xf3, 0x9f, 0xff, 0xff, 0xfe, 0xcc,
    0xff, 0xff, 0xff, 0xf3, 0x7f, 0xff, 0xff, 0xff,
    0xff, 0xff, 0xff, 0xff, 0xf1, 0x2f, 0xff, 0xff,
    0xff, 0xff, 0xff, 0xff, 0xff, 0xb0, 0x7, 0xff,
    0xff, 0xff, 0xff, 0xff, 0xff, 0xfe, 0x20, 0x0,
    0x4b, 0xef, 0xff, 0xff, 0xff, 0xfd, 0x91, 0x0,

    /* U+0050 "P" */
    0x7f, 0xff, 0xff, 0xff, 0xff, 0xff, 0xfd, 0xa3,
    0x0, 0x7f, 0xff, 0xff, 0xff, 0xff, 0xff, 0xff,
    0xff, 0x50, 0x7f, 0xff, 0xff, 0xff, 0xff, 0xff,
    0xff, 0xff, 0xe0, 0x7f, 0xff, 0xff, 0xff, 0xff,
    0xff, 0xff, 0xff, 0xf4, 0x7f, 0xff, 0xff, 0xfc,
    0xcc, 0xef, 0xff, 0xff, 0xf6, 0x7f, 0xff, 0xff,
    0xf2, 0x0, 0x4f, 0xff, 0xff, 0xf6, 0x7f, 0xff,
    0xff, 0xf2, 0x0, 0x4f, 0xff, 0xff, 0xf6, 0x7f,
    0xff, 0xff, 0xf2, 0x0, 0x4f, 0xff, 0xff, 0xf6,
    0x7f, 0xff, 0xff, 0xf2, 0x0, 0x4f, 0xff, 0xff,
    0xf6, 0x7f, 0xff, 0xff, 0xf2, 0x0, 0x4f, 0xff,
    0xff, 0xf6, 0x7f, 0xff, 0xff, 0xf2, 0x0, 0x4f,
    0xff, 0xff, 0xf6, 0x7f, 0xff, 0xff, 0xfc, 0xcc,
    0xef, 0xff, 0xff, 0xf6, 0x7f, 0xff, 0xff, 0xff,
    0xff, 0xff, 0xff, 0xff, 0xf4, 0x7f, 0xff, 0xff,
    0xff, 0xff, 0xff, 0xff, 0xff, 0xe0, 0x7f, 0xff,
    0xff, 0xff, 0xff, 0xff, 0xff, 0xff, 0x50, 0x7f,
    0xff, 0xff, 0xff, 0xff, 0xff, 0xfe, 0xa3, 0x0,
    0x7f, 0xff, 0xff, 0xf2, 0x0, 0x0, 0x0, 0x0,
    0x0, 0x7f, 0xff, 0xff, 0xf2, 0x0, 0x0, 0x0,
    0x0, 0x0, 0x7f, 0xff, 0xff, 0xf2, 0x0, 0x0,
    0x0, 0x0, 0x0, 0x7f, 0xff, 0xff, 0xf2, 0x0,
    0x0, 0x0, 0x0, 0x0, 0x7f, 0xff, 0xff, 0xf2,
    0x0, 0x0, 0x0, 0x0, 0x0, 0x7f, 0xff, 0xff,
    0xf2, 0x0, 0x0, 0x0, 0x0, 0x0, 0x7f, 0xff,
    0xff, 0xf2, 0x0, 0x0, 0x0, 0x0, 0x0, 0x7f,
    0xff, 0xff, 0xf2, 0x0, 0x0, 0x0, 0x0, 0x0,

    /* U+0051 "Q" */
    0x0, 0x5b, 0xef, 0xff, 0xff, 0xff, 0xfd, 0x92,
    0x0, 0x0, 0x8, 0xff, 0xff, 0xff, 0xff, 0xff,
    0xff, 0xff, 0x30, 0x0, 0x3f, 0xff, 0xff, 0xff,
    0xff, 0xff, 0xff, 0xff, 0xc0, 0x0, 0x7f, 0xff,
    0xff, 0xff, 0xff, 0xff, 0xff, 0xff, 0xf1, 0x0,
    0x9f, 0xff, 0xff, 0xfd, 0xcc, 0xff, 0xff, 0xff,
    0xf3, 0x0, 0x9f, 0xff, 0xff, 0xf1, 0x0, 0x7f,
    0xff, 0xff, 0xf3, 0x0, 0x9f, 0xff, 0xff, 0xf1,
    0x0, 0x7f, 0xff, 0xff, 0xf3, 0x0, 0x9f, 0xff,
    0xff, 0xf1, 0x0, 0x7f, 0xff, 0xff, 0xf3, 0x0,
    0x9f, 0xff, 0xff, 0xf1, 0x0, 0x7f, 0xff, 0xff,
    0xf3, 0x0, 0xaf, 0xff, 0xff, 0xf1, 0x0, 0x7f,
    0xff, 0xff, 0xf3, 0x0, 0x9f, 0xff, 0xff, 0xf1,
    0x0, 0x7f, 0xff, 0xff, 0xf3, 0x0, 0x9f, 0xff,
    0xff, 0xf1, 0x0, 0x7f, 0xff, 0xff, 0xf3, 0x0,
    0x9f, 0xff, 0xff, 0xf1, 0x0, 0x7f, 0xff, 0xff,
    0xf3, 0x0, 0x9f, 0xff, 0xff, 0xf1, 0x0, 0x7f,
    0xff, 0xff, 0xf3, 0x0, 0x9f, 0xff, 0xff, 0xf1,
    0x0, 0x7f, 0xff, 0xff, 0xf3, 0x0, 0x9f, 0xff,
    0xff, 0xf1, 0x0, 0x7f, 0xff, 0xff, 0xf3, 0x0,
    0x9f, 0xff, 0xff, 0xf1, 0x0, 0x7f, 0xff, 0xff,
    0xf3, 0x0, 0x9f, 0xff, 0xff, 0xf1, 0x0, 0x7f,
    0xff, 0xff, 0xf3, 0x0, 0x9f, 0xff, 0xff, 0xf1,
    0x0, 0x7f, 0xff, 0xff, 0xf3, 0x0, 0x9f, 0xff,
    0xff, 0xfe, 0xcc, 0xff, 0xff, 0xff, 0xf3, 0x0,
    0x7f, 0xff, 0xff, 0xff, 0xff, 0xff, 0xff, 0xff,
    0xf1, 0x0, 0x2f, 0xff, 0xff, 0xff, 0xff, 0xff,
    0xff, 0xff, 0xb0, 0x0, 0x7, 0xff, 0xff, 0xff,
    0xff, 0xff, 0xff, 0xff, 0x20, 0x0, 0x0, 0x4b,
    0xef, 0xff, 0xff, 0xff, 0xff, 0xff, 0x70, 0x0,
    0x0, 0x0, 0x0, 0x0, 0x2, 0xef, 0xff, 0xff,
    0xf6, 0x0, 0x0, 0x0, 0x0, 0x0, 0x0, 0x3f,
    0xff, 0xff, 0xff, 0x60, 0x0, 0x0, 0x0, 0x0,
    0x0, 0x3, 0x88, 0x88, 0x88, 0x70,

    /* U+0052 "R" */
    0x7f, 0xff, 0xff, 0xff, 0xff, 0xff, 0xfe, 0xa3,
    0x0, 0x7, 0xff, 0xff, 0xff, 0xff, 0xff, 0xff,
    0xff, 0xf5, 0x0, 0x7f, 0xff, 0xff, 0xff, 0xff,
    0xff, 0xff, 0xff, 0xf0, 0x7, 0xff, 0xff, 0xff,
    0xff, 0xff, 0xff, 0xff, 0xff, 0x40, 0x7f, 0xff,
    0xff, 0xfc, 0xcc, 0xef, 0xff, 0xff, 0xf6, 0x7,
    0xff, 0xff, 0xff, 0x20, 0x4, 0xff, 0xff, 0xff,
    0x60, 0x7f, 0xff, 0xff, 0xf2, 0x0, 0x4f, 0xff,
    0xff, 0xf6, 0x7, 0xff, 0xff, 0xff, 0x20, 0x4,
    0xff, 0xff, 0xff, 0x60, 0x7f, 0xff, 0xff, 0xf2,
    0x0, 0x4f, 0xff, 0xff, 0xf6, 0x7, 0xff, 0xff,
    0xff, 0x20, 0x4, 0xff, 0xff, 0xff, 0x60, 0x7f,
    0xff, 0xff, 0xf7, 0x55, 0xaf, 0xff, 0xff, 0xf6,
    0x7, 0xff, 0xff, 0xff, 0xff, 0xff, 0xff, 0xff,
    0xff, 0x40, 0x7f, 0xff, 0xff, 0xff, 0xff, 0xff,
    0xff, 0xff, 0xf0, 0x7, 0xff, 0xff, 0xff, 0xff,
    0xff, 0xff, 0xff, 0xf5, 0x0, 0x7f, 0xff, 0xff,
    0xff, 0xff, 0xff, 0xff, 0xb3, 0x0, 0x7, 0xff,
    0xff, 0xff, 0x6f, 0xff, 0xff, 0xf7, 0x0, 0x0,
    0x7f, 0xff, 0xff, 0xf2, 0xcf, 0xff, 0xff, 0xe0,
    0x0, 0x7, 0xff, 0xff, 0xff, 0x25, 0xff, 0xff,
    0xff, 0x60, 0x0, 0x7f, 0xff, 0xff, 0xf2, 0xe,
    0xff, 0xff, 0xfe, 0x0, 0x7, 0xff, 0xff, 0xff,
    0x20, 0x7f, 0xff, 0xff, 0xf6, 0x0, 0x7f, 0xff,
    0xff, 0xf2, 0x1, 0xff, 0xff, 0xff, 0xe0, 0x7,
    0xff, 0xff, 0xff, 0x20, 0x9, 0xff, 0xff, 0xff,
    0x60, 0x7f, 0xff, 0xff, 0xf2, 0x0, 0x2f, 0xff,
    0xff, 0xfd, 0x7, 0xff, 0xff, 0xff, 0x20, 0x0,
    0xbf, 0xff, 0xff, 0xf5,

    /* U+0053 "S" */
    0x0, 0x7c, 0xff, 0xff, 0xff, 0xff, 0xea, 0x40,
    0x0, 0xcf, 0xff, 0xff, 0xff, 0xff, 0xff, 0xff,
    0x60, 0x7f, 0xff, 0xff, 0xff, 0xff, 0xff, 0xff,
    0xff, 0x1c, 0xff, 0xff, 0xff, 0xff, 0xff, 0xff,
    0xff, 0xf5, 0xdf, 0xff, 0xff, 0xfc, 0xce, 0xff,
    0xff, 0xff, 0x6d, 0xff, 0xff, 0xfd, 0x0, 0x3f,
    0xff, 0xff, 0xf7, 0xdf, 0xff, 0xff, 0xc0, 0x3,
    0xff, 0xff, 0xff, 0x7d, 0xff, 0xff, 0xfc, 0x0,
    0x15, 0x55, 0x55, 0x52, 0xdf, 0xff, 0xff, 0xc0,
    0x0, 0x0, 0x0, 0x0, 0xd, 0xff, 0xff, 0xff,
    0x88, 0x88, 0x76, 0x40, 0x0, 0xcf, 0xff, 0xff,
    0xff, 0xff, 0xff, 0xff, 0xe3, 0x7, 0xff, 0xff,
    0xff, 0xff, 0xff, 0xff, 0xff, 0xd0, 0xd, 0xff,
    0xff, 0xff, 0xff, 0xff, 0xff, 0xff, 0x40, 0x19,
    0xdf, 0xff, 0xff, 0xff, 0xff, 0xff, 0xf7, 0x0,
    0x0, 0x0, 0x0, 0x4, 0xff, 0xff, 0xff, 0x80,
    0x0, 0x0, 0x0, 0x0, 0x2f, 0xff, 0xff, 0xf8,
    0x9b, 0xbb, 0xbb, 0x90, 0x2, 0xff, 0xff, 0xff,
    0x8c, 0xff, 0xff, 0xfd, 0x0, 0x2f, 0xff, 0xff,
    0xf8, 0xcf, 0xff, 0xff, 0xe0, 0x2, 0xff, 0xff,
    0xff, 0x8c, 0xff, 0xff, 0xff, 0xdc, 0xef, 0xff,
    0xff, 0xf8, 0xaf, 0xff, 0xff, 0xff, 0xff, 0xff,
    0xff, 0xff, 0x65, 0xff, 0xff, 0xff, 0xff, 0xff,
    0xff, 0xff, 0xf1, 0xa, 0xff, 0xff, 0xff, 0xff,
    0xff, 0xff, 0xf6, 0x0, 0x6, 0xbe, 0xff, 0xff,
    0xff, 0xfe, 0xa4, 0x0,

    /* U+0054 "T" */
    0xdf, 0xff, 0xff, 0xff, 0xff, 0xff, 0xff, 0xff,
    0x3d, 0xff, 0xff, 0xff, 0xff, 0xff, 0xff, 0xff,
    0xf3, 0xdf, 0xff, 0xff, 0xff, 0xff, 0xff, 0xff,
    0xff, 0x3d, 0xff, 0xff, 0xff, 0xff, 0xff, 0xff,
    0xff, 0xf3, 0x67, 0x77, 0x8f, 0xff, 0xff, 0xfc,
    0x77, 0x77, 0x10, 0x0, 0x2, 0xff, 0xff, 0xff,
    0x80, 0x0, 0x0, 0x0, 0x0, 0x2f, 0xff, 0xff,
    0xf8, 0x0, 0x0, 0x0, 0x0, 0x2, 0xff, 0xff,
    0xff, 0x80, 0x0, 0x0, 0x0, 0x0, 0x2f, 0xff,
    0xff, 0xf8, 0x0, 0x0, 0x0, 0x0, 0x2, 0xff,
    0xff, 0xff, 0x80, 0x0, 0x0, 0x0, 0x0, 0x2f,
    0xff, 0xff, 0xf8, 0x0, 0x0, 0x0, 0x0, 0x2,
    0xff, 0xff, 0xff, 0x80, 0x0, 0x0, 0x0, 0x0,
    0x2f, 0xff, 0xff, 0xf8, 0x0, 0x0, 0x0, 0x0,
    0x2, 0xff, 0xff, 0xff, 0x80, 0x0, 0x0, 0x0,
    0x0, 0x2f, 0xff, 0xff, 0xf8, 0x0, 0x0, 0x0,
    0x0, 0x2, 0xff, 0xff, 0xff, 0x80, 0x0, 0x0,
    0x0, 0x0, 0x2f, 0xff, 0xff, 0xf8, 0x0, 0x0,
    0x0, 0x0, 0x2, 0xff, 0xff, 0xff, 0x80, 0x0,
    0x0, 0x0, 0x0, 0x2f, 0xff, 0xff, 0xf8, 0x0,
    0x0, 0x0, 0x0, 0x2, 0xff, 0xff, 0xff, 0x80,
    0x0, 0x0, 0x0, 0x0, 0x2f, 0xff, 0xff, 0xf8,
    0x0, 0x0, 0x0, 0x0, 0x2, 0xff, 0xff, 0xff,
    0x80, 0x0, 0x0, 0x0, 0x0, 0x2f, 0xff, 0xff,
    0xf8, 0x0, 0x0, 0x0, 0x0, 0x2, 0xff, 0xff,
    0xff, 0x80, 0x0, 0x0,

    /* U+0055 "U" */
    0x7f, 0xff, 0xff, 0xf2, 0x0, 0x5f, 0xff, 0xff,
    0xf5, 0x7f, 0xff, 0xff, 0xf2, 0x0, 0x5f, 0xff,
    0xff, 0xf5, 0x7f, 0xff, 0xff, 0xf2, 0x0, 0x5f,
    0xff, 0xff, 0xf5, 0x7f, 0xff, 0xff, 0xf2, 0x0,
    0x5f, 0xff, 0xff, 0xf5, 0x7f, 0xff, 0xff, 0xf2,
    0x0, 0x5f, 0xff, 0xff, 0xf5, 0x7f, 0xff, 0xff,
    0xf2, 0x0, 0x5f, 0xff, 0xff, 0xf5, 0x7f, 0xff,
    0xff, 0xf2, 0x0, 0x5f, 0xff, 0xff, 0xf5, 0x7f,
    0xff, 0xff, 0xf2, 0x0, 0x5f, 0xff, 0xff, 0xf5,
    0x7f, 0xff, 0xff, 0xf2, 0x0, 0x5f, 0xff, 0xff,
    0xf5, 0x7f, 0xff, 0xff, 0xf2, 0x0, 0x5f, 0xff,
    0xff, 0xf5, 0x7f, 0xff, 0xff, 0xf2, 0x0, 0x5f,
    0xff, 0xff, 0xf5, 0x7f, 0xff, 0xff, 0xf2, 0x0,
    0x5f, 0xff, 0xff, 0xf5, 0x7f, 0xff, 0xff, 0xf2,
    0x0, 0x5f, 0xff, 0xff, 0xf5, 0x7f, 0xff, 0xff,
    0xf2, 0x0, 0x5f, 0xff, 0xff, 0xf5, 0x7f, 0xff,
    0xff, 0xf2, 0x0, 0x5f, 0xff, 0xff, 0xf5, 0x7f,
    0xff, 0xff, 0xf2, 0x0, 0x5f, 0xff, 0xff, 0xf5,
    0x7f, 0xff, 0xff, 0xf2, 0x0, 0x5f, 0xff, 0xff,
    0xf5, 0x7f, 0xff, 0xff, 0xf2, 0x0, 0x5f, 0xff,
    0xff, 0xf5, 0x7f, 0xff, 0xff, 0xf3, 0x0, 0x5f,
    0xff, 0xff, 0xf5, 0x7f, 0xff, 0xff, 0xfe, 0xcc,
    0xff, 0xff, 0xff, 0xf4, 0x5f, 0xff, 0xff, 0xff,
    0xff, 0xff, 0xff, 0xff, 0xf3, 0x1f, 0xff, 0xff,
    0xff, 0xff, 0xff, 0xff, 0xff, 0xd0, 0x6, 0xff,
    0xff, 0xff, 0xff, 0xff, 0xff, 0xff, 0x40, 0x0,
    0x4a, 0xef, 0xff, 0xff, 0xff, 0xfd, 0x92, 0x0,

    /* U+0056 "V" */
    0x9f, 0xff, 0xff, 0xf4, 0x0, 0x0, 0xf, 0xff,
    0xff, 0xfd, 0x5f, 0xff, 0xff, 0xf7, 0x0, 0x0,
    0x3f, 0xff, 0xff, 0xf9, 0x1f, 0xff, 0xff, 0xfa,
    0x0, 0x0, 0x6f, 0xff, 0xff, 0xf5, 0xd, 0xff,
    0xff, 0xfd, 0x0, 0x0, 0x9f, 0xff, 0xff, 0xf1,
    0x9, 0xff, 0xff, 0xff, 0x0, 0x0, 0xcf, 0xff,
    0xff, 0xd0, 0x5, 0xff, 0xff, 0xff, 0x30, 0x0,
    0xff, 0xff, 0xff, 0x90, 0x1, 0xff, 0xff, 0xff,
    0x50, 0x2, 0xff, 0xff, 0xff, 0x50, 0x0, 0xdf,
    0xff, 0xff, 0x80, 0x4, 0xff, 0xff, 0xff, 0x10,
    0x0, 0x9f, 0xff, 0xff, 0xb0, 0x7, 0xff, 0xff,
    0xfd, 0x0, 0x0, 0x5f, 0xff, 0xff, 0xe0, 0xa,
    0xff, 0xff, 0xf9, 0x0, 0x0, 0x1f, 0xff, 0xff,
    0xf1, 0xd, 0xff, 0xff, 0xf5, 0x0, 0x0, 0xd,
    0xff, 0xff, 0xf4, 0xf, 0xff, 0xff, 0xf1, 0x0,
    0x0, 0x9, 0xff, 0xff, 0xf7, 0x3f, 0xff, 0xff,
    0xd0, 0x0, 0x0, 0x5, 0xff, 0xff, 0xfa, 0x6f,
    0xff, 0xff, 0x90, 0x0, 0x0, 0x1, 0xff, 0xff,
    0xfd, 0x9f, 0xff, 0xff, 0x50, 0x0, 0x0, 0x0,
    0xdf, 0xff, 0xff, 0xdf, 0xff, 0xff, 0x10, 0x0,
    0x0, 0x0, 0x9f, 0xff, 0xff, 0xff, 0xff, 0xfd,
    0x0, 0x0, 0x0, 0x0, 0x5f, 0xff, 0xff, 0xff,
    0xff, 0xf9, 0x0, 0x0, 0x0, 0x0, 0x1f, 0xff,
    0xff, 0xff, 0xff, 0xf5, 0x0, 0x0, 0x0, 0x0,
    0xd, 0xff, 0xff, 0xff, 0xff, 0xf1, 0x0, 0x0,
    0x0, 0x0, 0x9, 0xff, 0xff, 0xff, 0xff, 0xd0,
    0x0, 0x0, 0x0, 0x0, 0x5, 0xff, 0xff, 0xff,
    0xff, 0x90, 0x0, 0x0, 0x0, 0x0, 0x1, 0xff,
    0xff, 0xff, 0xff, 0x50, 0x0, 0x0, 0x0, 0x0,
    0x0, 0xdf, 0xff, 0xff, 0xff, 0x10, 0x0, 0x0,

    /* U+0057 "W" */
    0x8f, 0xff, 0xff, 0xf5, 0x0, 0x0, 0x7f, 0xff,
    0xff, 0xf3, 0x0, 0x0, 0x4f, 0xff, 0xff, 0xf4,
    0x4f, 0xff, 0xff, 0xf7, 0x0, 0x0, 0xbf, 0xff,
    0xff, 0xf6, 0x0, 0x0, 0x6f, 0xff, 0xff, 0xf1,
    0x1f, 0xff, 0xff, 0xf9, 0x0, 0x0, 0xef, 0xff,
    0xff, 0xf9, 0x0, 0x0, 0x9f, 0xff, 0xff, 0xd0,
    0xd, 0xff, 0xff, 0xfb, 0x0, 0x1, 0xff, 0xff,
    0xff, 0xfd, 0x0, 0x0, 0xbf, 0xff, 0xff, 0xa0,
    0xa, 0xff, 0xff, 0xfd, 0x0, 0x4, 0xff, 0xff,
    0xff, 0xff, 0x0, 0x0, 0xdf, 0xff, 0xff, 0x60,
    0x7, 0xff, 0xff, 0xff, 0x0, 0x8, 0xff, 0xff,
    0xff, 0xff, 0x30, 0x0, 0xff, 0xff, 0xff, 0x30,
    0x3, 0xff, 0xff, 0xff, 0x20, 0xb, 0xff, 0xff,
    0xff, 0xff, 0x60, 0x2, 0xff, 0xff, 0xff, 0x0,
    0x0, 0xff, 0xff, 0xff, 0x40, 0xe, 0xff, 0xff,
    0xff, 0xff, 0xa0, 0x5, 0xff, 0xff, 0xfc, 0x0,
    0x0, 0xcf, 0xff, 0xff, 0x60, 0x1f, 0xff, 0xff,
    0xff, 0xff, 0xd0, 0x7, 0xff, 0xff, 0xf8, 0x0,
    0x0, 0x9f, 0xff, 0xff, 0x80, 0x5f, 0xff, 0xff,
    0xff, 0xff, 0xf0, 0x9, 0xff, 0xff, 0xf5, 0x0,
    0x0, 0x5f, 0xff, 0xff, 0xa0, 0x8f, 0xff, 0xfb,
    0xff, 0xff, 0xf3, 0xc, 0xff, 0xff, 0xf2, 0x0,
    0x0, 0x2f, 0xff, 0xff, 0xc0, 0xbf, 0xff, 0xf8,
    0xcf, 0xff, 0xf6, 0xe, 0xff, 0xff, 0xe0, 0x0,
    0x0, 0xe, 0xff, 0xff, 0xe0, 0xef, 0xff, 0xf5,
    0x9f, 0xff, 0xfa, 0x1f, 0xff, 0xff, 0xb0, 0x0,
    0x0, 0xb, 0xff, 0xff, 0xf2, 0xff, 0xff, 0xf2,
    0x6f, 0xff, 0xfd, 0x3f, 0xff, 0xff, 0x70, 0x0,
    0x0, 0x8, 0xff, 0xff, 0xf7, 0xff, 0xff, 0xf0,
    0x3f, 0xff, 0xff, 0x6f, 0xff, 0xff, 0x40, 0x0,
    0x0, 0x4, 0xff, 0xff, 0xfc, 0xff, 0xff, 0xc0,
    0xf, 0xff, 0xff, 0xcf, 0xff, 0xff, 0x0, 0x0,
    0x0, 0x1, 0xff, 0xff, 0xff, 0xff, 0xff, 0x90,
    0xd, 0xff, 0xff, 0xff, 0xff, 0xfd, 0x0, 0x0,
    0x0, 0x0, 0xdf, 0xff, 0xff, 0xff, 0xff, 0x60,
    0xa, 0xff, 0xff, 0xff, 0xff, 0xf9, 0x0, 0x0,
    0x0, 0x0, 0xaf, 0xff, 0xff, 0xff, 0xff, 0x30,
    0x7, 0xff, 0xff, 0xff, 0xff, 0xf6, 0x0, 0x0,
    0x0, 0x0, 0x6f, 0xff, 0xff, 0xff, 0xff, 0x0,
    0x4, 0xff, 0xff, 0xff, 0xff, 0xf3, 0x0, 0x0,
    0x0, 0x0, 0x3f, 0xff, 0xff, 0xff, 0xfd, 0x0,
    0x1, 0xff, 0xff, 0xff, 0xff, 0xf0, 0x0, 0x0,
    0x0, 0x0, 0xf, 0xff, 0xff, 0xff, 0xfa, 0x0,
    0x0, 0xef, 0xff, 0xff, 0xff, 0xc0, 0x0, 0x0,
    0x0, 0x0, 0xc, 0xff, 0xff, 0xff, 0xf7, 0x0,
    0x0, 0xbf, 0xff, 0xff, 0xff, 0x80, 0x0, 0x0,
    0x0, 0x0, 0x9, 0xff, 0xff, 0xff, 0xf4, 0x0,
    0x0, 0x8f, 0xff, 0xff, 0xff, 0x50, 0x0, 0x0,

    /* U+0058 "X" */
    0x9f, 0xff, 0xff, 0xfd, 0x0, 0x6, 0xff, 0xff,
    0xff, 0xa0, 0x2f, 0xff, 0xff, 0xff, 0x20, 0xc,
    0xff, 0xff, 0xff, 0x30, 0x9, 0xff, 0xff, 0xff,
    0x70, 0x1f, 0xff, 0xff, 0xfb, 0x0, 0x2, 0xff,
    0xff, 0xff, 0xd0, 0x6f, 0xff, 0xff, 0xf4, 0x0,
    0x0, 0xaf, 0xff, 0xff, 0xf2, 0xcf, 0xff, 0xff,
    0xd0, 0x0, 0x0, 0x2f, 0xff, 0xff, 0xf9, 0xff,
    0xff, 0xff, 0x50, 0x0, 0x0, 0xa, 0xff, 0xff,
    0xff, 0xff, 0xff, 0xfe, 0x0, 0x0, 0x0, 0x2,
    0xff, 0xff, 0xff, 0xff, 0xff, 0xf7, 0x0, 0x0,
    0x0, 0x0, 0xaf, 0xff, 0xff, 0xff, 0xff, 0xe0,
    0x0, 0x0, 0x0, 0x0, 0x2f, 0xff, 0xff, 0xff,
    0xff, 0x80, 0x0, 0x0, 0x0, 0x0, 0xa, 0xff,
    0xff, 0xff, 0xff, 0x10, 0x0, 0x0, 0x0, 0x0,
    0x3, 0xff, 0xff, 0xff, 0xf9, 0x0, 0x0, 0x0,
    0x0, 0x0, 0x5, 0xff, 0xff, 0xff, 0xfc, 0x0,
    0x0, 0x0, 0x0, 0x0, 0xd, 0xff, 0xff, 0xff,
    0xff, 0x50, 0x0, 0x0, 0x0, 0x0, 0x5f, 0xff,
    0xff, 0xff, 0xff, 0xd0, 0x0, 0x0, 0x0, 0x0,
    0xdf, 0xff, 0xff, 0xff, 0xff, 0xf5, 0x0, 0x0,
    0x0, 0x5, 0xff, 0xff, 0xff, 0xff, 0xff, 0xfd,
    0x0, 0x0, 0x0, 0xd, 0xff, 0xff, 0xfc, 0xff,
    0xff, 0xff, 0x60, 0x0, 0x0, 0x5f, 0xff, 0xff,
    0xf3, 0xdf, 0xff, 0xff, 0xe0, 0x0, 0x0, 0xcf,
    0xff, 0xff, 0xd0, 0x7f, 0xff, 0xff, 0xf7, 0x0,
    0x4, 0xff, 0xff, 0xff, 0x60, 0x1f, 0xff, 0xff,
    0xfe, 0x0, 0xc, 0xff, 0xff, 0xff, 0x10, 0xa,
    0xff, 0xff, 0xff, 0x70, 0x4f, 0xff, 0xff, 0xfa,
    0x0, 0x4, 0xff, 0xff, 0xff, 0xf1, 0xcf, 0xff,
    0xff, 0xf4, 0x0, 0x0, 0xef, 0xff, 0xff, 0xf8,

    /* U+0059 "Y" */
    0xcf, 0xff, 0xff, 0xf0, 0x0, 0x0, 0x3f, 0xff,
    0xff, 0xf8, 0x5f, 0xff, 0xff, 0xf4, 0x0, 0x0,
    0x7f, 0xff, 0xff, 0xf2, 0xe, 0xff, 0xff, 0xf9,
    0x0, 0x0, 0xcf, 0xff, 0xff, 0xb0, 0x8, 0xff,
    0xff, 0xfe, 0x0, 0x1, 0xff, 0xff, 0xff, 0x50,
    0x1, 0xff, 0xff, 0xff, 0x40, 0x6, 0xff, 0xff,
    0xfe, 0x0, 0x0, 0xaf, 0xff, 0xff, 0x90, 0xb,
    0xff, 0xff, 0xf8, 0x0, 0x0, 0x4f, 0xff, 0xff,
    0xe0, 0xf, 0xff, 0xff, 0xf2, 0x0, 0x0, 0xd,
    0xff, 0xff, 0xf3, 0x4f, 0xff, 0xff, 0xb0, 0x0,
    0x0, 0x6, 0xff, 0xff, 0xf8, 0x9f, 0xff, 0xff,
    0x50, 0x0, 0x0, 0x0, 0xff, 0xff, 0xfe, 0xef,
    0xff, 0xfe, 0x0, 0x0, 0x0, 0x0, 0x8f, 0xff,
    0xff, 0xff, 0xff, 0xf8, 0x0, 0x0, 0x0, 0x0,
    0x2f, 0xff, 0xff, 0xff, 0xff, 0xf2, 0x0, 0x0,
    0x0, 0x0, 0xb, 0xff, 0xff, 0xff, 0xff, 0xb0,
    0x0, 0x0, 0x0, 0x0, 0x4, 0xff, 0xff, 0xff,
    0xff, 0x50, 0x0, 0x0, 0x0, 0x0, 0x0, 0xdf,
    0xff, 0xff, 0xfe, 0x0, 0x0, 0x0, 0x0, 0x0,
    0x0, 0x7f, 0xff, 0xff, 0xf9, 0x0, 0x0, 0x0,
    0x0, 0x0, 0x0, 0x4f, 0xff, 0xff, 0xf6, 0x0,
    0x0, 0x0, 0x0, 0x0, 0x0, 0x4f, 0xff, 0xff,
    0xf6, 0x0, 0x0, 0x0, 0x0, 0x0, 0x0, 0x4f,
    0xff, 0xff, 0xf6, 0x0, 0x0, 0x0, 0x0, 0x0,
    0x0, 0x4f, 0xff, 0xff, 0xf6, 0x0, 0x0, 0x0,
    0x0, 0x0, 0x0, 0x4f, 0xff, 0xff, 0xf6, 0x0,
    0x0, 0x0, 0x0, 0x0, 0x0, 0x4f, 0xff, 0xff,
    0xf6, 0x0, 0x0, 0x0, 0x0, 0x0, 0x0, 0x4f,
    0xff, 0xff, 0xf6, 0x0, 0x0, 0x0, 0x0, 0x0,
    0x0, 0x4f, 0xff, 0xff, 0xf6, 0x0, 0x0, 0x0,

    /* U+005A "Z" */
    0xc, 0xff, 0xff, 0xff, 0xff, 0xff, 0xff, 0xff,
    0xe0, 0xcf, 0xff, 0xff, 0xff, 0xff, 0xff, 0xff,
    0xfe, 0xc, 0xff, 0xff, 0xff, 0xff, 0xff, 0xff,
    0xff, 0xe0, 0xcf, 0xff, 0xff, 0xff, 0xff, 0xff,
    0xff, 0xfe, 0x9, 0xcc, 0xcc, 0xcc, 0xcc, 0xff,
    0xff, 0xff, 0xd0, 0x0, 0x0, 0x0, 0x0, 0x8f,
    0xff, 0xff, 0xf6, 0x0, 0x0, 0x0, 0x0, 0x3f,
    0xff, 0xff, 0xfc, 0x0, 0x0, 0x0, 0x0, 0xc,
    0xff, 0xff, 0xff, 0x20, 0x0, 0x0, 0x0, 0x7,
    0xff, 0xff, 0xff, 0x80, 0x0, 0x0, 0x0, 0x1,
    0xff, 0xff, 0xff, 0xd0, 0x0, 0x0, 0x0, 0x0,
    0xbf, 0xff, 0xff, 0xf4, 0x0, 0x0, 0x0, 0x0,
    0x5f, 0xff, 0xff, 0xf9, 0x0, 0x0, 0x0, 0x0,
    0x1e, 0xff, 0xff, 0xfe, 0x10, 0x0, 0x0, 0x0,
    0x9, 0xff, 0xff, 0xff, 0x50, 0x0, 0x0, 0x0,
    0x3, 0xff, 0xff, 0xff, 0xb0, 0x0, 0x0, 0x0,
    0x0, 0xdf, 0xff, 0xff, 0xf1, 0x0, 0x0, 0x0,
    0x0, 0x8f, 0xff, 0xff, 0xf7, 0x0, 0x0, 0x0,
    0x0, 0x2f, 0xff, 0xff, 0xfc, 0x0, 0x0, 0x0,
    0x0, 0xc, 0xff, 0xff, 0xff, 0x30, 0x0, 0x0,
    0x0, 0x3, 0xff, 0xff, 0xff, 0xfc, 0xcc, 0xcc,
    0xcc, 0xc7, 0x3f, 0xff, 0xff, 0xff, 0xff, 0xff,
    0xff, 0xff, 0x93, 0xff, 0xff, 0xff, 0xff, 0xff,
    0xff, 0xff, 0xf9, 0x3f, 0xff, 0xff, 0xff, 0xff,
    0xff, 0xff, 0xff, 0x93, 0xff, 0xff, 0xff, 0xff,
    0xff, 0xff, 0xff, 0xf9,

    /* U+005B "[" */
    0x7f, 0xff, 0xff, 0xff, 0xff, 0xa7, 0xff, 0xff,
    0xff, 0xff, 0xfa, 0x7f, 0xff, 0xff, 0xff, 0xff,
    0xa7, 0xff, 0xff, 0xff, 0xff, 0xfa, 0x7f, 0xff,
    0xff, 0xfc, 0xcc, 0x87, 0xff, 0xff, 0xff, 0x20,
    0x0, 0x7f, 0xff, 0xff, 0xf2, 0x0, 0x7, 0xff,
    0xff, 0xff, 0x20, 0x0, 0x7f, 0xff, 0xff, 0xf2,
    0x0, 0x7, 0xff, 0xff, 0xff, 0x20, 0x0, 0x7f,
    0xff, 0xff, 0xf2, 0x0, 0x7, 0xff, 0xff, 0xff,
    0x20, 0x0, 0x7f, 0xff, 0xff, 0xf2, 0x0, 0x7,
    0xff, 0xff, 0xff, 0x20, 0x0, 0x7f, 0xff, 0xff,
    0xf2, 0x0, 0x7, 0xff, 0xff, 0xff, 0x20, 0x0,
    0x7f, 0xff, 0xff, 0xf2, 0x0, 0x7, 0xff, 0xff,
    0xff, 0x20, 0x0, 0x7f, 0xff, 0xff, 0xf2, 0x0,
    0x7, 0xff, 0xff, 0xff, 0x20, 0x0, 0x7f, 0xff,
    0xff, 0xf2, 0x0, 0x7, 0xff, 0xff, 0xff, 0x20,
    0x0, 0x7f, 0xff, 0xff, 0xf2, 0x0, 0x7, 0xff,
    0xff, 0xff, 0x20, 0x0, 0x7f, 0xff, 0xff, 0xf2,
    0x0, 0x7, 0xff, 0xff, 0xff, 0x20, 0x0, 0x7f,
    0xff, 0xff, 0xf2, 0x0, 0x7, 0xff, 0xff, 0xff,
    0x20, 0x0, 0x7f, 0xff, 0xff, 0xf2, 0x0, 0x7,
    0xff, 0xff, 0xff, 0x20, 0x0, 0x7f, 0xff, 0xff,
    0xf2, 0x0, 0x7, 0xff, 0xff, 0xff, 0xcc, 0xc8,
    0x7f, 0xff, 0xff, 0xff, 0xff, 0xa7, 0xff, 0xff,
    0xff, 0xff, 0xfa, 0x7f, 0xff, 0xff, 0xff, 0xff,
    0xa7, 0xff, 0xff, 0xff, 0xff, 0xfa,

    /* U+005C "\\" */
    0x9f, 0xff, 0xfe, 0x0, 0x0, 0x0, 0x0, 0x0,
    0x0, 0x2f, 0xff, 0xff, 0x50, 0x0, 0x0, 0x0,
    0x0, 0x0, 0xc, 0xff, 0xff, 0xb0, 0x0, 0x0,
    0x0, 0x0, 0x0, 0x5, 0xff, 0xff, 0xf2, 0x0,
    0x0, 0x0, 0x0, 0x0, 0x0, 0xef, 0xff, 0xf8,
    0x0, 0x0, 0x0, 0x0, 0x0, 0x0, 0x8f, 0xff,
    0xfe, 0x0, 0x0, 0x0, 0x0, 0x0, 0x0, 0x2f,
    0xff, 0xff, 0x50, 0x0, 0x0, 0x0, 0x0, 0x0,
    0xc, 0xff, 0xff, 0xb0, 0x0, 0x0, 0x0, 0x0,
    0x0, 0x5, 0xff, 0xff, 0xf2, 0x0, 0x0, 0x0,
    0x0, 0x0, 0x0, 0xef, 0xff, 0xf8, 0x0, 0x0,
    0x0, 0x0, 0x0, 0x0, 0x8f, 0xff, 0xfe, 0x0,
    0x0, 0x0, 0x0, 0x0, 0x0, 0x2f, 0xff, 0xff,
    0x50, 0x0, 0x0, 0x0, 0x0, 0x0, 0xb, 0xff,
    0xff, 0xb0, 0x0, 0x0, 0x0, 0x0, 0x0, 0x5,
    0xff, 0xff, 0xf2, 0x0, 0x0, 0x0, 0x0, 0x0,
    0x0, 0xef, 0xff, 0xf8, 0x0, 0x0, 0x0, 0x0,
    0x0, 0x0, 0x8f, 0xff, 0xfe, 0x0, 0x0, 0x0,
    0x0, 0x0, 0x0, 0x2f, 0xff, 0xff, 0x50, 0x0,
    0x0, 0x0, 0x0, 0x0, 0xb, 0xff, 0xff, 0xc0,
    0x0, 0x0, 0x0, 0x0, 0x0, 0x5, 0xff, 0xff,
    0xf2, 0x0, 0x0, 0x0, 0x0, 0x0, 0x0, 0xef,
    0xff, 0xf8, 0x0, 0x0, 0x0, 0x0, 0x0, 0x0,
    0x8f, 0xff, 0xfe, 0x0, 0x0, 0x0, 0x0, 0x0,
    0x0, 0x1f, 0xff, 0xff, 0x50, 0x0, 0x0, 0x0,
    0x0, 0x0, 0xb, 0xff, 0xff, 0xc0, 0x0, 0x0,
    0x0, 0x0, 0x0, 0x4, 0xff, 0xff, 0xf2, 0x0,
    0x0, 0x0, 0x0, 0x0, 0x0, 0xef, 0xff, 0xf9,
    0x0, 0x0, 0x0, 0x0, 0x0, 0x0, 0x8f, 0xff,
    0xfe, 0x0, 0x0, 0x0, 0x0, 0x0, 0x0, 0x1f,
    0xff, 0xff, 0x50, 0x0, 0x0, 0x0, 0x0, 0x0,
    0xb, 0xff, 0xff, 0xc0, 0x0, 0x0, 0x0, 0x0,
    0x0, 0x4, 0xff, 0xff, 0xf2,

    /* U+005D "]" */
    0xaf, 0xff, 0xff, 0xff, 0xff, 0x8a, 0xff, 0xff,
    0xff, 0xff, 0xf8, 0xaf, 0xff, 0xff, 0xff, 0xff,
    0x8a, 0xff, 0xff, 0xff, 0xff, 0xf8, 0x7c, 0xcc,
    0xff, 0xff, 0xff, 0x80, 0x0, 0x2f, 0xff, 0xff,
    0xf8, 0x0, 0x2, 0xff, 0xff, 0xff, 0x80, 0x0,
    0x2f, 0xff, 0xff, 0xf8, 0x0, 0x2, 0xff, 0xff,
    0xff, 0x80, 0x0, 0x2f, 0xff, 0xff, 0xf8, 0x0,
    0x2, 0xff, 0xff, 0xff, 0x80, 0x0, 0x2f, 0xff,
    0xff, 0xf8, 0x0, 0x2, 0xff, 0xff, 0xff, 0x80,
    0x0, 0x2f, 0xff, 0xff, 0xf8, 0x0, 0x2, 0xff,
    0xff, 0xff, 0x80, 0x0, 0x2f, 0xff, 0xff, 0xf8,
    0x0, 0x2, 0xff, 0xff, 0xff, 0x80, 0x0, 0x2f,
    0xff, 0xff, 0xf8, 0x0, 0x2, 0xff, 0xff, 0xff,
    0x80, 0x0, 0x2f, 0xff, 0xff, 0xf8, 0x0, 0x2,
    0xff, 0xff, 0xff, 0x80, 0x0, 0x2f, 0xff, 0xff,
    0xf8, 0x0, 0x2, 0xff, 0xff, 0xff, 0x80, 0x0,
    0x2f, 0xff, 0xff, 0xf8, 0x0, 0x2, 0xff, 0xff,
    0xff, 0x80, 0x0, 0x2f, 0xff, 0xff, 0xf8, 0x0,
    0x2, 0xff, 0xff, 0xff, 0x80, 0x0, 0x2f, 0xff,
    0xff, 0xf8, 0x0, 0x2, 0xff, 0xff, 0xff, 0x80,
    0x0, 0x2f, 0xff, 0xff, 0xf8, 0x0, 0x2, 0xff,
    0xff, 0xff, 0x87, 0xcc, 0xcf, 0xff, 0xff, 0xf8,
    0xaf, 0xff, 0xff, 0xff, 0xff, 0x8a, 0xff, 0xff,
    0xff, 0xff, 0xf8, 0xaf, 0xff, 0xff, 0xff, 0xff,
    0x8a, 0xff, 0xff, 0xff, 0xff, 0xf8,

    /* U+005E "^" */
    0x0, 0x0, 0xc, 0xdd, 0xdd, 0xdd, 0xdc, 0x10,
    0x0, 0x0, 0x0, 0x4, 0xff, 0xff, 0xff, 0xff,
    0xf5, 0x0, 0x0, 0x0, 0x0, 0x9f, 0xff, 0xff,
    0xff, 0xff, 0xa0, 0x0, 0x0, 0x0, 0xe, 0xff,
    0xff, 0xff, 0xff, 0xff, 0x0, 0x0, 0x0, 0x3,
    0xff, 0xff, 0xff, 0xff, 0xff, 0xf4, 0x0, 0x0,
    0x0, 0x8f, 0xff, 0xff, 0xff, 0xff, 0xff, 0x90,
    0x0, 0x0, 0xd, 0xff, 0xff, 0xf9, 0xff, 0xff,
    0xfe, 0x0, 0x0, 0x2, 0xff, 0xff, 0xff, 0x2f,
    0xff, 0xff, 0xf3, 0x0, 0x0, 0x7f, 0xff, 0xff,
    0xd0, 0xcf, 0xff, 0xff, 0x80, 0x0, 0xc, 0xff,
    0xff, 0xf9, 0x8, 0xff, 0xff, 0xfd, 0x0, 0x1,
    0xff, 0xff, 0xff, 0x50, 0x4f, 0xff, 0xff, 0xf2,
    0x0, 0x6f, 0xff, 0xff, 0xf1, 0x0, 0xff, 0xff,
    0xff, 0x70, 0xb, 0xff, 0xff, 0xfd, 0x0, 0xc,
    0xff, 0xff, 0xfc, 0x0, 0xff, 0xff, 0xff, 0x90,
    0x0, 0x8f, 0xff, 0xff, 0xf1, 0x5f, 0xff, 0xff,
    0xf5, 0x0, 0x4, 0xff, 0xff, 0xff, 0x60,

    /* U+005F "_" */
    0x66, 0x66, 0x66, 0x66, 0x66, 0x66, 0x66, 0x66,
    0x66, 0xf, 0xff, 0xff, 0xff, 0xff, 0xff, 0xff,
    0xff, 0xff, 0xf0, 0xff, 0xff, 0xff, 0xff, 0xff,
    0xff, 0xff, 0xff, 0xff, 0xf, 0xff, 0xff, 0xff,
    0xff, 0xff, 0xff, 0xff, 0xff, 0xf0, 0xff, 0xff,
    0xff, 0xff, 0xff, 0xff, 0xff, 0xff, 0xff, 0x0,

    /* U+0060 "`" */
    0x1a, 0xbb, 0xbb, 0xb3, 0x0, 0x0, 0x4f, 0xff,
    0xff, 0xd0, 0x0, 0x0, 0x6f, 0xff, 0xff, 0x80,
    0x0, 0x0, 0x8f, 0xff, 0xff, 0x30, 0x0, 0x0,
    0xaf, 0xff, 0xfc, 0x0, 0x0, 0x0, 0xbf, 0xff,
    0xf7,

    /* U+0061 "a" */
    0x0, 0x8d, 0xff, 0xfb, 0x2a, 0xff, 0xff, 0xfb,
    0xc, 0xff, 0xff, 0xff, 0xeb, 0xff, 0xff, 0xfb,
    0x7f, 0xff, 0xff, 0xff, 0xff, 0xff, 0xff, 0xfb,
    0xbf, 0xff, 0xff, 0xff, 0xff, 0xff, 0xff, 0xfb,
    0xdf, 0xff, 0xff, 0xfc, 0xdf, 0xff, 0xff, 0xfb,
    0xdf, 0xff, 0xff, 0xa0, 0xe, 0xff, 0xff, 0xfb,
    0xdf, 0xff, 0xff, 0x90, 0xd, 0xff, 0xff, 0xfb,
    0xdf, 0xff, 0xff, 0x90, 0xc, 0xff, 0xff, 0xfb,
    0xdf, 0xff, 0xff, 0x90, 0xc, 0xff, 0xff, 0xfb,
    0xff, 0xff, 0xff, 0xa0, 0xc, 0xff, 0xff, 0xfb,
    0xdf, 0xff, 0xff, 0x90, 0xc, 0xff, 0xff, 0xfb,
    0xdf, 0xff, 0xff, 0x90, 0xc, 0xff, 0xff, 0xfb,
    0xdf, 0xff, 0xff, 0x90, 0xc, 0xff, 0xff, 0xfb,
    0xdf, 0xff, 0xff, 0xa0, 0xe, 0xff, 0xff, 0xfb,
    0xdf, 0xff, 0xff, 0xfc, 0xdf, 0xff, 0xff, 0xfb,
    0xbf, 0xff, 0xff, 0xff, 0xff, 0xff, 0xff, 0xfb,
    0x7f, 0xff, 0xff, 0xff, 0xff, 0xff, 0xff, 0xfb,
    0xc, 0xff, 0xff, 0xff, 0xed, 0xff, 0xff, 0xfb,
    0x0, 0x8d, 0xff, 0xfb, 0x2c, 0xff, 0xff, 0xfb,

    /* U+0062 "b" */
    0x7f, 0xff, 0xff, 0xf0, 0x0, 0x0, 0x0, 0x0,
    0x7, 0xff, 0xff, 0xff, 0x0, 0x0, 0x0, 0x0,
    0x0, 0x7f, 0xff, 0xff, 0xf0, 0x0, 0x0, 0x0,
    0x0, 0x7, 0xff, 0xff, 0xff, 0x0, 0x0, 0x0,
    0x0, 0x0, 0x7f, 0xff, 0xff, 0xf0, 0x0, 0x0,
    0x0, 0x0, 0x7, 0xff, 0xff, 0xff, 0x0, 0x0,
    0x0, 0x0, 0x0, 0x7f, 0xff, 0xff, 0xf1, 0xae,
    0xff, 0xd9, 0x10, 0x7, 0xff, 0xff, 0xff, 0xbf,
    0xff, 0xff, 0xfe, 0x10, 0x7f, 0xff, 0xff, 0xff,
    0xff, 0xff, 0xff, 0xfa, 0x7, 0xff, 0xff, 0xff,
    0xff, 0xff, 0xff, 0xff, 0xf0, 0x7f, 0xff, 0xff,
    0xfe, 0xcf, 0xff, 0xff, 0xff, 0x7, 0xff, 0xff,
    0xff, 0x10, 0x6f, 0xff, 0xff, 0xf1, 0x7f, 0xff,
    0xff, 0xf0, 0x6, 0xff, 0xff, 0xff, 0x17, 0xff,
    0xff, 0xff, 0x0, 0x6f, 0xff, 0xff, 0xf1, 0x7f,
    0xff, 0xff, 0xf0, 0x6, 0xff, 0xff, 0xff, 0x17,
    0xff, 0xff, 0xff, 0x0, 0x7f, 0xff, 0xff, 0xf1,
    0x7f, 0xff, 0xff, 0xf0, 0x6, 0xff, 0xff, 0xff,
    0x17, 0xff, 0xff, 0xff, 0x0, 0x6f, 0xff, 0xff,
    0xf1, 0x7f, 0xff, 0xff, 0xf0, 0x6, 0xff, 0xff,
    0xff, 0x17, 0xff, 0xff, 0xff, 0x10, 0x6f, 0xff,
    0xff, 0xf1, 0x7f, 0xff, 0xff, 0xfe, 0xcf, 0xff,
    0xff, 0xff, 0x7, 0xff, 0xff, 0xff, 0xff, 0xff,
    0xff, 0xff, 0xf0, 0x7f, 0xff, 0xff, 0xff, 0xff,
    0xff, 0xff, 0xfa, 0x7, 0xff, 0xff, 0xfd, 0xbf,
    0xff, 0xff, 0xfe, 0x10, 0x7f, 0xff, 0xff, 0xd1,
    0xae, 0xff, 0xe9, 0x10, 0x0,

    /* U+0063 "c" */
    0x0, 0x6c, 0xef, 0xff, 0xff, 0xfd, 0xa2, 0x0,
    0xb, 0xff, 0xff, 0xff, 0xff, 0xff, 0xff, 0x40,
    0x6f, 0xff, 0xff, 0xff, 0xff, 0xff, 0xff, 0xe0,
    0xbf, 0xff, 0xff, 0xff, 0xff, 0xff, 0xff, 0xf3,
    0xdf, 0xff, 0xff, 0xfc, 0xdf, 0xff, 0xff, 0xf5,
    0xdf, 0xff, 0xff, 0xa0, 0xe, 0xff, 0xff, 0xf6,
    0xdf, 0xff, 0xff, 0x90, 0xd, 0xff, 0xff, 0xf6,
    0xdf, 0xff, 0xff, 0x90, 0x4, 0x55, 0x55, 0x52,
    0xdf, 0xff, 0xff, 0x90, 0x0, 0x0, 0x0, 0x0,
    0xdf, 0xff, 0xff, 0x90, 0x0, 0x0, 0x0, 0x0,
    0xdf, 0xff, 0xff, 0x90, 0x0, 0x0, 0x0, 0x0,
    0xdf, 0xff, 0xff, 0x90, 0x4, 0x55, 0x55, 0x52,
    0xdf, 0xff, 0xff, 0x90, 0xd, 0xff, 0xff, 0xf6,
    0xdf, 0xff, 0xff, 0xa0, 0xe, 0xff, 0xff, 0xf6,
    0xdf, 0xff, 0xff, 0xfc, 0xdf, 0xff, 0xff, 0xf5,
    0xbf, 0xff, 0xff, 0xff, 0xff, 0xff, 0xff, 0xf3,
    0x6f, 0xff, 0xff, 0xff, 0xff, 0xff, 0xff, 0xe0,
    0xb, 0xff, 0xff, 0xff, 0xff, 0xff, 0xff, 0x40,
    0x0, 0x6c, 0xef, 0xff, 0xff, 0xfd, 0xa2, 0x0,

    /* U+0064 "d" */
    0x0, 0x0, 0x0, 0x0, 0xc, 0xff, 0xff, 0xfb,
    0x0, 0x0, 0x0, 0x0, 0xc, 0xff, 0xff, 0xfb,
    0x0, 0x0, 0x0, 0x0, 0xc, 0xff, 0xff, 0xfb,
    0x0, 0x0, 0x0, 0x0, 0xc, 0xff, 0xff, 0xfb,
    0x0, 0x0, 0x0, 0x0, 0xc, 0xff, 0xff, 0xfb,
    0x0, 0x0, 0x0, 0x0, 0xc, 0xff, 0xff, 0xfb,
    0x0, 0x8d, 0xff, 0xfb, 0x2c, 0xff, 0xff, 0xfb,
    0xc, 0xff, 0xff, 0xff, 0xed, 0xff, 0xff, 0xfb,
    0x7f, 0xff, 0xff, 0xff, 0xff, 0xff, 0xff, 0xfb,
    0xbf, 0xff, 0xff, 0xff, 0xff, 0xff, 0xff, 0xfb,
    0xdf, 0xff, 0xff, 0xfc, 0xdf, 0xff, 0xff, 0xfb,
    0xdf, 0xff, 0xff, 0xa0, 0xe, 0xff, 0xff, 0xfb,
    0xdf, 0xff, 0xff, 0x90, 0xd, 0xff, 0xff, 0xfb,
    0xdf, 0xff, 0xff, 0x90, 0xc, 0xff, 0xff, 0xfb,
    0xdf, 0xff, 0xff, 0x90, 0xc, 0xff, 0xff, 0xfb,
    0xff, 0xff, 0xff, 0xa0, 0xc, 0xff, 0xff, 0xfb,
    0xdf, 0xff, 0xff, 0x90, 0xc, 0xff, 0xff, 0xfb,
    0xdf, 0xff, 0xff, 0x90, 0xc, 0xff, 0xff, 0xfb,
    0xdf, 0xff, 0xff, 0x90, 0xc, 0xff, 0xff, 0xfb,
    0xdf, 0xff, 0xff, 0xa0, 0xe, 0xff, 0xff, 0xfb,
    0xdf, 0xff, 0xff, 0xfc, 0xdf, 0xff, 0xff, 0xfb,
    0xbf, 0xff, 0xff, 0xff, 0xff, 0xff, 0xff, 0xfb,
    0x7f, 0xff, 0xff, 0xff, 0xff, 0xff, 0xff, 0xfb,
    0xc, 0xff, 0xff, 0xff, 0xeb, 0xff, 0xff, 0xfb,
    0x0, 0x8d, 0xff, 0xfb, 0x2a, 0xff, 0xff, 0xfb,

    /* U+0065 "e" */
    0x0, 0x6c, 0xef, 0xff, 0xff, 0xfe, 0xc7, 0x0,
    0xb, 0xff, 0xff, 0xff, 0xff, 0xff, 0xff, 0xc0,
    0x6f, 0xff, 0xff, 0xff, 0xff, 0xff, 0xff, 0xf7,
    0xbf, 0xff, 0xff, 0xff, 0xff, 0xff, 0xff, 0xfc,
    0xdf, 0xff, 0xff, 0xb7, 0x7a, 0xff, 0xff, 0xfe,
    0xdf, 0xff, 0xff, 0x40, 0x2, 0xff, 0xff, 0xff,
    0xdf, 0xff, 0xff, 0x40, 0x2, 0xff, 0xff, 0xff,
    0xdf, 0xff, 0xff, 0x40, 0x2, 0xff, 0xff, 0xff,
    0xdf, 0xff, 0xff, 0xff, 0xff, 0xff, 0xff, 0xff,
    0xdf, 0xff, 0xff, 0xff, 0xff, 0xff, 0xff, 0xff,
    0xdf, 0xff, 0xff, 0xff, 0xff, 0xff, 0xff, 0xff,
    0xdf, 0xff, 0xff, 0xa8, 0x88, 0x88, 0x88, 0x87,
    0xdf, 0xff, 0xff, 0x40, 0x0, 0x44, 0x44, 0x44,
    0xdf, 0xff, 0xff, 0x40, 0x2, 0xff, 0xff, 0xff,
    0xdf, 0xff, 0xff, 0xb7, 0x7b, 0xff, 0xff, 0xff,
    0xbf, 0xff, 0xff, 0xff, 0xff, 0xff, 0xff, 0xfd,
    0x6f, 0xff, 0xff, 0xff, 0xff, 0xff, 0xff, 0xf8,
    0xb, 0xff, 0xff, 0xff, 0xff, 0xff, 0xff, 0xd0,
    0x0, 0x6c, 0xef, 0xff, 0xff, 0xff, 0xc7, 0x0,

    /* U+0066 "f" */
    0x0, 0x0, 0x5b, 0xef, 0xff, 0xfb, 0x0, 0x9,
    0xff, 0xff, 0xff, 0xfb, 0x0, 0x3f, 0xff, 0xff,
    0xff, 0xfb, 0x0, 0x9f, 0xff, 0xff, 0xff, 0xfb,
    0x0, 0xaf, 0xff, 0xff, 0xf9, 0x96, 0x0, 0xbf,
    0xff, 0xff, 0xc0, 0x0, 0xaf, 0xff, 0xff, 0xff,
    0xff, 0xfb, 0xaf, 0xff, 0xff, 0xff, 0xff, 0xfb,
    0xaf, 0xff, 0xff, 0xff, 0xff, 0xfb, 0xaf, 0xff,
    0xff, 0xff, 0xff, 0xfb, 0x7c, 0xef, 0xff, 0xff,
    0xfc, 0xc9, 0x0, 0xbf, 0xff, 0xff, 0xc0, 0x0,
    0x0, 0xbf, 0xff, 0xff, 0xc0, 0x0, 0x0, 0xbf,
    0xff, 0xff, 0xc0, 0x0, 0x0, 0xbf, 0xff, 0xff,
    0xc0, 0x0, 0x0, 0xbf, 0xff, 0xff, 0xc0, 0x0,
    0x0, 0xbf, 0xff, 0xff, 0xc0, 0x0, 0x0, 0xbf,
    0xff, 0xff, 0xc0, 0x0, 0x0, 0xbf, 0xff, 0xff,
    0xc0, 0x0, 0x0, 0xbf, 0xff, 0xff, 0xc0, 0x0,
    0x0, 0xbf, 0xff, 0xff, 0xc0, 0x0, 0x0, 0xbf,
    0xff, 0xff, 0xc0, 0x0, 0x0, 0xbf, 0xff, 0xff,
    0xc0, 0x0, 0x0, 0xbf, 0xff, 0xff, 0xc0, 0x0,
    0x0, 0xbf, 0xff, 0xff, 0xc0, 0x0,

    /* U+0067 "g" */
    0x0, 0x8d, 0xff, 0xfb, 0x2a, 0xff, 0xff, 0xfb,
    0xc, 0xff, 0xff, 0xff, 0xeb, 0xff, 0xff, 0xfb,
    0x7f, 0xff, 0xff, 0xff, 0xff, 0xff, 0xff, 0xfb,
    0xbf, 0xff, 0xff, 0xff, 0xff, 0xff, 0xff, 0xfb,
    0xdf, 0xff, 0xff, 0xfc, 0xdf, 0xff, 0xff, 0xfb,
    0xdf, 0xff, 0xff, 0xa0, 0xe, 0xff, 0xff, 0xfb,
    0xdf, 0xff, 0xff, 0x90, 0xd, 0xff, 0xff, 0xfb,
    0xdf, 0xff, 0xff, 0x90, 0xc, 0xff, 0xff, 0xfb,
    0xdf, 0xff, 0xff, 0x90, 0xc, 0xff, 0xff, 0xfb,
    0xff, 0xff, 0xff, 0xa0, 0xc, 0xff, 0xff, 0xfb,
    0xdf, 0xff, 0xff, 0x90, 0xc, 0xff, 0xff, 0xfb,
    0xdf, 0xff, 0xff, 0x90, 0xd, 0xff, 0xff, 0xfb,
    0xdf, 0xff, 0xff, 0xb1, 0x2e, 0xff, 0xff, 0xfb,
    0xdf, 0xff, 0xff, 0xff, 0xff, 0xff, 0xff, 0xfb,
    0xaf, 0xff, 0xff, 0xff, 0xff, 0xff, 0xff, 0xfb,
    0x5f, 0xff, 0xff, 0xff, 0xff, 0xff, 0xff, 0xfb,
    0x9, 0xff, 0xff, 0xff, 0xbc, 0xff, 0xff, 0xfb,
    0x0, 0x38, 0xab, 0xa6, 0xc, 0xff, 0xff, 0xfb,
    0x0, 0x0, 0x0, 0x0, 0xc, 0xff, 0xff, 0xfb,
    0x8, 0x99, 0x99, 0x99, 0x9f, 0xff, 0xff, 0xfa,
    0xf, 0xff, 0xff, 0xff, 0xff, 0xff, 0xff, 0xf8,
    0xf, 0xff, 0xff, 0xff, 0xff, 0xff, 0xff, 0xf3,
    0xf, 0xff, 0xff, 0xff, 0xff, 0xff, 0xff, 0x80,
    0xf, 0xff, 0xff, 0xff, 0xff, 0xfe, 0xb5, 0x0,

    /* U+0068 "h" */
    0x7f, 0xff, 0xff, 0xf0, 0x0, 0x0, 0x0, 0x0,
    0x7, 0xff, 0xff, 0xff, 0x0, 0x0, 0x0, 0x0,
    0x0, 0x7f, 0xff, 0xff, 0xf0, 0x0, 0x0, 0x0,
    0x0, 0x7, 0xff, 0xff, 0xff, 0x0, 0x0, 0x0,
    0x0, 0x0, 0x7f, 0xff, 0xff, 0xf0, 0x0, 0x0,
    0x0, 0x0, 0x7, 0xff, 0xff, 0xff, 0x0, 0x0,
    0x0, 0x0, 0x0, 0x7f, 0xff, 0xff, 0xf1, 0xae,
    0xff, 0xd9, 0x10, 0x7, 0xff, 0xff, 0xff, 0xbf,
    0xff, 0xff, 0xfe, 0x10, 0x7f, 0xff, 0xff, 0xff,
    0xff, 0xff, 0xff, 0xfa, 0x7, 0xff, 0xff, 0xff,
    0xff, 0xff, 0xff, 0xff, 0xf0, 0x7f, 0xff, 0xff,
    0xfe, 0xcf, 0xff, 0xff, 0xff, 0x7, 0xff, 0xff,
    0xff, 0x10, 0x6f, 0xff, 0xff, 0xf1, 0x7f, 0xff,
    0xff, 0xf0, 0x6, 0xff, 0xff, 0xff, 0x17, 0xff,
    0xff, 0xff, 0x0, 0x6f, 0xff, 0xff, 0xf1, 0x7f,
    0xff, 0xff, 0xf0, 0x6, 0xff, 0xff, 0xff, 0x17,
    0xff, 0xff, 0xff, 0x0, 0x6f, 0xff, 0xff, 0xf1,
    0x7f, 0xff, 0xff, 0xf0, 0x6, 0xff, 0xff, 0xff,
    0x17, 0xff, 0xff, 0xff, 0x0, 0x6f, 0xff, 0xff,
    0xf1, 0x7f, 0xff, 0xff, 0xf0, 0x6, 0xff, 0xff,
    0xff, 0x17, 0xff, 0xff, 0xff, 0x0, 0x6f, 0xff,
    0xff, 0xf1, 0x7f, 0xff, 0xff, 0xf0, 0x6, 0xff,
    0xff, 0xff, 0x17, 0xff, 0xff, 0xff, 0x0, 0x6f,
    0xff, 0xff, 0xf1, 0x7f, 0xff, 0xff, 0xf0, 0x6,
    0xff, 0xff, 0xff, 0x17, 0xff, 0xff, 0xff, 0x0,
    0x6f, 0xff, 0xff, 0xf1, 0x7f, 0xff, 0xff, 0xf0,
    0x6, 0xff, 0xff, 0xff, 0x10,

    /* U+0069 "i" */
    0x9f, 0xff, 0xff, 0xf1, 0x9f, 0xff, 0xff, 0xf1,
    0x9f, 0xff, 0xff, 0xf1, 0x9f, 0xff, 0xff, 0xf1,
    0x59, 0x99, 0x99, 0x90, 0x0, 0x0, 0x0, 0x0,
    0x7f, 0xff, 0xff, 0xf0, 0x7f, 0xff, 0xff, 0xf0,
    0x7f, 0xff, 0xff, 0xf0, 0x7f, 0xff, 0xff, 0xf0,
    0x7f, 0xff, 0xff, 0xf0, 0x7f, 0xff, 0xff, 0xf0,
    0x7f, 0xff, 0xff, 0xf0, 0x7f, 0xff, 0xff, 0xf0,
    0x7f, 0xff, 0xff, 0xf0, 0x7f, 0xff, 0xff, 0xf0,
    0x7f, 0xff, 0xff, 0xf0, 0x7f, 0xff, 0xff, 0xf0,
    0x7f, 0xff, 0xff, 0xf0, 0x7f, 0xff, 0xff, 0xf0,
    0x7f, 0xff, 0xff, 0xf0, 0x7f, 0xff, 0xff, 0xf0,
    0x7f, 0xff, 0xff, 0xf0, 0x7f, 0xff, 0xff, 0xf0,
    0x7f, 0xff, 0xff, 0xf0,

    /* U+006A "j" */
    0x0, 0x9f, 0xff, 0xff, 0xf1, 0x0, 0x9f, 0xff,
    0xff, 0xf1, 0x0, 0x9f, 0xff, 0xff, 0xf1, 0x0,
    0x9f, 0xff, 0xff, 0xf1, 0x0, 0x59, 0x99, 0x99,
    0x90, 0x0, 0x0, 0x0, 0x0, 0x0, 0x0, 0x7f,
    0xff, 0xff, 0xf0, 0x0, 0x7f, 0xff, 0xff, 0xf0,
    0x0, 0x7f, 0xff, 0xff, 0xf0, 0x0, 0x7f, 0xff,
    0xff, 0xf0, 0x0, 0x7f, 0xff, 0xff, 0xf0, 0x0,
    0x7f, 0xff, 0xff, 0xf0, 0x0, 0x7f, 0xff, 0xff,
    0xf0, 0x0, 0x7f, 0xff, 0xff, 0xf0, 0x0, 0x7f,
    0xff, 0xff, 0xf0, 0x0, 0x7f, 0xff, 0xff, 0xf0,
    0x0, 0x7f, 0xff, 0xff, 0xf0, 0x0, 0x7f, 0xff,
    0xff, 0xf0, 0x0, 0x7f, 0xff, 0xff, 0xf0, 0x0,
    0x7f, 0xff, 0xff, 0xf0, 0x0, 0x7f, 0xff, 0xff,
    0xf0, 0x0, 0x7f, 0xff, 0xff, 0xf0, 0x0, 0x7f,
    0xff, 0xff, 0xf0, 0x0, 0x7f, 0xff, 0xff, 0xf0,
    0x0, 0x7f, 0xff, 0xff, 0xf0, 0x69, 0xef, 0xff,
    0xff, 0xf0, 0xbf, 0xff, 0xff, 0xff, 0xd0, 0xbf,
    0xff, 0xff, 0xff, 0x80, 0xbf, 0xff, 0xff, 0xfd,
    0x0, 0xbf, 0xff, 0xfc, 0x70, 0x0,

    /* U+006B "k" */
    0x7f, 0xff, 0xff, 0xf0, 0x0, 0x0, 0x0, 0x0,
    0x0, 0x7f, 0xff, 0xff, 0xf0, 0x0, 0x0, 0x0,
    0x0, 0x0, 0x7f, 0xff, 0xff, 0xf0, 0x0, 0x0,
    0x0, 0x0, 0x0, 0x7f, 0xff, 0xff, 0xf0, 0x0,
    0x0, 0x0, 0x0, 0x0, 0x7f, 0xff, 0xff, 0xf0,
    0x0, 0x0, 0x0, 0x0, 0x0, 0x7f, 0xff, 0xff,
    0xf0, 0x0, 0x0, 0x0, 0x0, 0x0, 0x7f, 0xff,
    0xff, 0xf0, 0x0, 0xaf, 0xff, 0xff, 0xf1, 0x7f,
    0xff, 0xff, 0xf0, 0x1, 0xff, 0xff, 0xff, 0x90,
    0x7f, 0xff, 0xff, 0xf0, 0x7, 0xff, 0xff, 0xff,
    0x20, 0x7f, 0xff, 0xff, 0xf0, 0xe, 0xff, 0xff,
    0xfb, 0x0, 0x7f, 0xff, 0xff, 0xf0, 0x4f, 0xff,
    0xff, 0xf4, 0x0, 0x7f, 0xff, 0xff, 0xf0, 0xbf,
    0xff, 0xff, 0xd0, 0x0, 0x7f, 0xff, 0xff, 0xf2,
    0xff, 0xff, 0xff, 0x60, 0x0, 0x7f, 0xff, 0xff,
    0xf8, 0xff, 0xff, 0xff, 0x0, 0x0, 0x7f, 0xff,
    0xff, 0xfe, 0xff, 0xff, 0xf8, 0x0, 0x0, 0x7f,
    0xff, 0xff, 0xff, 0xff, 0xff, 0xf4, 0x0, 0x0,
    0x7f, 0xff, 0xff, 0xfd, 0xff, 0xff, 0xfa, 0x0,
    0x0, 0x7f, 0xff, 0xff, 0xf7, 0xff, 0xff, 0xff,
    0x10, 0x0, 0x7f, 0xff, 0xff, 0xf1, 0xff, 0xff,
    0xff, 0x70, 0x0, 0x7f, 0xff, 0xff, 0xf0, 0xaf,
    0xff, 0xff, 0xe0, 0x0, 0x7f, 0xff, 0xff, 0xf0,
    0x4f, 0xff, 0xff, 0xf5, 0x0, 0x7f, 0xff, 0xff,
    0xf0, 0xe, 0xff, 0xff, 0xfc, 0x0, 0x7f, 0xff,
    0xff, 0xf0, 0x7, 0xff, 0xff, 0xff, 0x20, 0x7f,
    0xff, 0xff, 0xf0, 0x1, 0xff, 0xff, 0xff, 0x90,
    0x7f, 0xff, 0xff, 0xf0, 0x0, 0xaf, 0xff, 0xff,
    0xf1,

    /* U+006C "l" */
    0x7f, 0xff, 0xff, 0xf7, 0xff, 0xff, 0xff, 0x7f,
    0xff, 0xff, 0xf7, 0xff, 0xff, 0xff, 0x7f, 0xff,
    0xff, 0xf7, 0xff, 0xff, 0xff, 0x7f, 0xff, 0xff,
    0xf7, 0xff, 0xff, 0xff, 0x7f, 0xff, 0xff, 0xf7,
    0xff, 0xff, 0xff, 0x7f, 0xff, 0xff, 0xf7, 0xff,
    0xff, 0xff, 0x7f, 0xff, 0xff, 0xf7, 0xff, 0xff,
    0xff, 0x7f, 0xff, 0xff, 0xf7, 0xff, 0xff, 0xff,
    0x7f, 0xff, 0xff, 0xf7, 0xff, 0xff, 0xff, 0x7f,
    0xff, 0xff, 0xf7, 0xff, 0xff, 0xff, 0x7f, 0xff,
    0xff, 0xf7, 0xff, 0xff, 0xff, 0x7f, 0xff, 0xff,
    0xf7, 0xff, 0xff, 0xff, 0x7f, 0xff, 0xff, 0xf0,

    /* U+006D "m" */
    0x7f, 0xff, 0xff, 0xd1, 0xae, 0xff, 0xd9, 0x10,
    0x19, 0xef, 0xfe, 0xa2, 0x0, 0x7f, 0xff, 0xff,
    0xdb, 0xff, 0xff, 0xff, 0xe2, 0xdf, 0xff, 0xff,
    0xff, 0x20, 0x7f, 0xff, 0xff, 0xff, 0xff, 0xff,
    0xff, 0xfe, 0xff, 0xff, 0xff, 0xff, 0xb0, 0x7f,
    0xff, 0xff, 0xff, 0xff, 0xff, 0xff, 0xff, 0xff,
    0xff, 0xff, 0xff, 0xf0, 0x7f, 0xff, 0xff, 0xfe,
    0xcf, 0xff, 0xff, 0xff, 0xec, 0xef, 0xff, 0xff,
    0xf2, 0x7f, 0xff, 0xff, 0xf1, 0x6, 0xff, 0xff,
    0xff, 0x30, 0x5f, 0xff, 0xff, 0xf2, 0x7f, 0xff,
    0xff, 0xf0, 0x6, 0xff, 0xff, 0xff, 0x10, 0x5f,
    0xff, 0xff, 0xf2, 0x7f, 0xff, 0xff, 0xf0, 0x6,
    0xff, 0xff, 0xff, 0x10, 0x5f, 0xff, 0xff, 0xf2,
    0x7f, 0xff, 0xff, 0xf0, 0x6, 0xff, 0xff, 0xff,
    0x10, 0x5f, 0xff, 0xff, 0xf2, 0x7f, 0xff, 0xff,
    0xf0, 0x6, 0xff, 0xff, 0xff, 0x10, 0x5f, 0xff,
    0xff, 0xf2, 0x7f, 0xff, 0xff, 0xf0, 0x6, 0xff,
    0xff, 0xff, 0x10, 0x5f, 0xff, 0xff, 0xf2, 0x7f,
    0xff, 0xff, 0xf0, 0x6, 0xff, 0xff, 0xff, 0x10,
    0x5f, 0xff, 0xff, 0xf2, 0x7f, 0xff, 0xff, 0xf0,
    0x6, 0xff, 0xff, 0xff, 0x10, 0x5f, 0xff, 0xff,
    0xf2, 0x7f, 0xff, 0xff, 0xf0, 0x6, 0xff, 0xff,
    0xff, 0x10, 0x5f, 0xff, 0xff, 0xf2, 0x7f, 0xff,
    0xff, 0xf0, 0x6, 0xff, 0xff, 0xff, 0x10, 0x5f,
    0xff, 0xff, 0xf2, 0x7f, 0xff, 0xff, 0xf0, 0x6,
    0xff, 0xff, 0xff, 0x10, 0x5f, 0xff, 0xff, 0xf2,
    0x7f, 0xff, 0xff, 0xf0, 0x6, 0xff, 0xff, 0xff,
    0x10, 0x5f, 0xff, 0xff, 0xf2, 0x7f, 0xff, 0xff,
    0xf0, 0x6, 0xff, 0xff, 0xff, 0x10, 0x5f, 0xff,
    0xff, 0xf2, 0x7f, 0xff, 0xff, 0xf0, 0x6, 0xff,
    0xff, 0xff, 0x10, 0x5f, 0xff, 0xff, 0xf2,

    /* U+006E "n" */
    0x7f, 0xff, 0xff, 0xd1, 0xae, 0xff, 0xd9, 0x10,
    0x7, 0xff, 0xff, 0xfd, 0xbf, 0xff, 0xff, 0xfe,
    0x10, 0x7f, 0xff, 0xff, 0xff, 0xff, 0xff, 0xff,
    0xfa, 0x7, 0xff, 0xff, 0xff, 0xff, 0xff, 0xff,
    0xff, 0xf0, 0x7f, 0xff, 0xff, 0xfe, 0xcf, 0xff,
    0xff, 0xff, 0x7, 0xff, 0xff, 0xff, 0x10, 0x6f,
    0xff, 0xff, 0xf1, 0x7f, 0xff, 0xff, 0xf0, 0x6,
    0xff, 0xff, 0xff, 0x17, 0xff, 0xff, 0xff, 0x0,
    0x6f, 0xff, 0xff, 0xf1, 0x7f, 0xff, 0xff, 0xf0,
    0x6, 0xff, 0xff, 0xff, 0x17, 0xff, 0xff, 0xff,
    0x0, 0x6f, 0xff, 0xff, 0xf1, 0x7f, 0xff, 0xff,
    0xf0, 0x6, 0xff, 0xff, 0xff, 0x17, 0xff, 0xff,
    0xff, 0x0, 0x6f, 0xff, 0xff, 0xf1, 0x7f, 0xff,
    0xff, 0xf0, 0x6, 0xff, 0xff, 0xff, 0x17, 0xff,
    0xff, 0xff, 0x0, 0x6f, 0xff, 0xff, 0xf1, 0x7f,
    0xff, 0xff, 0xf0, 0x6, 0xff, 0xff, 0xff, 0x17,
    0xff, 0xff, 0xff, 0x0, 0x6f, 0xff, 0xff, 0xf1,
    0x7f, 0xff, 0xff, 0xf0, 0x6, 0xff, 0xff, 0xff,
    0x17, 0xff, 0xff, 0xff, 0x0, 0x6f, 0xff, 0xff,
    0xf1, 0x7f, 0xff, 0xff, 0xf0, 0x6, 0xff, 0xff,
    0xff, 0x10,

    /* U+006F "o" */
    0x0, 0x6c, 0xef, 0xff, 0xff, 0xff, 0xd8, 0x10,
    0xb, 0xff, 0xff, 0xff, 0xff, 0xff, 0xff, 0xe1,
    0x4f, 0xff, 0xff, 0xff, 0xff, 0xff, 0xff, 0xf9,
    0x9f, 0xff, 0xff, 0xff, 0xff, 0xff, 0xff, 0xfd,
    0xaf, 0xff, 0xff, 0xe8, 0x8d, 0xff, 0xff, 0xff,
    0xaf, 0xff, 0xff, 0xa0, 0x6, 0xff, 0xff, 0xff,
    0xaf, 0xff, 0xff, 0xa0, 0x6, 0xff, 0xff, 0xff,
    0xaf, 0xff, 0xff, 0xa0, 0x6, 0xff, 0xff, 0xff,
    0xaf, 0xff, 0xff, 0xa0, 0x6, 0xff, 0xff, 0xff,
    0xbf, 0xff, 0xff, 0xb0, 0x7, 0xff, 0xff, 0xff,
    0xaf, 0xff, 0xff, 0xa0, 0x6, 0xff, 0xff, 0xff,
    0xaf, 0xff, 0xff, 0xa0, 0x6, 0xff, 0xff, 0xff,
    0xaf, 0xff, 0xff, 0xa0, 0x6, 0xff, 0xff, 0xff,
    0xaf, 0xff, 0xff, 0xa0, 0x6, 0xff, 0xff, 0xff,
    0xaf, 0xff, 0xff, 0xf8, 0x7d, 0xff, 0xff, 0xfe,
    0x8f, 0xff, 0xff, 0xff, 0xff, 0xff, 0xff, 0xfc,
    0x3f, 0xff, 0xff, 0xff, 0xff, 0xff, 0xff, 0xf7,
    0x9, 0xff, 0xff, 0xff, 0xff, 0xff, 0xff, 0xd0,
    0x0, 0x6c, 0xef, 0xff, 0xff, 0xff, 0xd8, 0x0,

    /* U+0070 "p" */
    0x7f, 0xff, 0xff, 0xd1, 0xae, 0xff, 0xd9, 0x10,
    0x7, 0xff, 0xff, 0xfd, 0xbf, 0xff, 0xff, 0xfe,
    0x10, 0x7f, 0xff, 0xff, 0xff, 0xff, 0xff, 0xff,
    0xfa, 0x7, 0xff, 0xff, 0xff, 0xff, 0xff, 0xff,
    0xff, 0xf0, 0x7f, 0xff, 0xff, 0xfe, 0xcf, 0xff,
    0xff, 0xff, 0x7, 0xff, 0xff, 0xff, 0x10, 0x6f,
    0xff, 0xff, 0xf1, 0x7f, 0xff, 0xff, 0xf0, 0x6,
    0xff, 0xff, 0xff, 0x17, 0xff, 0xff, 0xff, 0x0,
    0x6f, 0xff, 0xff, 0xf1, 0x7f, 0xff, 0xff, 0xf0,
    0x6, 0xff, 0xff, 0xff, 0x17, 0xff, 0xff, 0xff,
    0x0, 0x7f, 0xff, 0xff, 0xf1, 0x7f, 0xff, 0xff,
    0xf0, 0x6, 0xff, 0xff, 0xff, 0x17, 0xff, 0xff,
    0xff, 0x0, 0x6f, 0xff, 0xff, 0xf1, 0x7f, 0xff,
    0xff, 0xf0, 0x6, 0xff, 0xff, 0xff, 0x17, 0xff,
    0xff, 0xff, 0x10, 0x6f, 0xff, 0xff, 0xf1, 0x7f,
    0xff, 0xff, 0xfe, 0xcf, 0xff, 0xff, 0xff, 0x7,
    0xff, 0xff, 0xff, 0xff, 0xff, 0xff, 0xff, 0xf0,
    0x7f, 0xff, 0xff, 0xff, 0xff, 0xff, 0xff, 0xfa,
    0x7, 0xff, 0xff, 0xff, 0xbf, 0xff, 0xff, 0xfe,
    0x10, 0x7f, 0xff, 0xff, 0xf1, 0xae, 0xff, 0xe9,
    0x10, 0x7, 0xff, 0xff, 0xff, 0x0, 0x0, 0x0,
    0x0, 0x0, 0x7f, 0xff, 0xff, 0xf0, 0x0, 0x0,
    0x0, 0x0, 0x7, 0xff, 0xff, 0xff, 0x0, 0x0,
    0x0, 0x0, 0x0, 0x7f, 0xff, 0xff, 0xf0, 0x0,
    0x0, 0x0, 0x0, 0x7, 0xff, 0xff, 0xff, 0x0,
    0x0, 0x0, 0x0, 0x0,

    /* U+0071 "q" */
    0x0, 0x8d, 0xff, 0xfb, 0x2a, 0xff, 0xff, 0xfb,
    0xc, 0xff, 0xff, 0xff, 0xeb, 0xff, 0xff, 0xfb,
    0x7f, 0xff, 0xff, 0xff, 0xff, 0xff, 0xff, 0xfb,
    0xbf, 0xff, 0xff, 0xff, 0xff, 0xff, 0xff, 0xfb,
    0xdf, 0xff, 0xff, 0xfc, 0xdf, 0xff, 0xff, 0xfb,
    0xdf, 0xff, 0xff, 0xa0, 0xe, 0xff, 0xff, 0xfb,
    0xdf, 0xff, 0xff, 0x90, 0xd, 0xff, 0xff, 0xfb,
    0xdf, 0xff, 0xff, 0x90, 0xc, 0xff, 0xff, 0xfb,
    0xdf, 0xff, 0xff, 0x90, 0xc, 0xff, 0xff, 0xfb,
    0xff, 0xff, 0xff, 0xa0, 0xc, 0xff, 0xff, 0xfb,
    0xdf, 0xff, 0xff, 0x90, 0xc, 0xff, 0xff, 0xfb,
    0xdf, 0xff, 0xff, 0x90, 0xc, 0xff, 0xff, 0xfb,
    0xdf, 0xff, 0xff, 0x90, 0xc, 0xff, 0xff, 0xfb,
    0xdf, 0xff, 0xff, 0xa0, 0xe, 0xff, 0xff, 0xfb,
    0xdf, 0xff, 0xff, 0xfc, 0xdf, 0xff, 0xff, 0xfb,
    0xbf, 0xff, 0xff, 0xff, 0xff, 0xff, 0xff, 0xfb,
    0x7f, 0xff, 0xff, 0xff, 0xff, 0xff, 0xff, 0xfb,
    0xc, 0xff, 0xff, 0xff, 0xed, 0xff, 0xff, 0xfb,
    0x0, 0x8d, 0xff, 0xfb, 0x2c, 0xff, 0xff, 0xfb,
    0x0, 0x0, 0x0, 0x0, 0xc, 0xff, 0xff, 0xfb,
    0x0, 0x0, 0x0, 0x0, 0xc, 0xff, 0xff, 0xfb,
    0x0, 0x0, 0x0, 0x0, 0xc, 0xff, 0xff, 0xfb,
    0x0, 0x0, 0x0, 0x0, 0xc, 0xff, 0xff, 0xfb,
    0x0, 0x0, 0x0, 0x0, 0xc, 0xff, 0xff, 0xfb,

    /* U+0072 "r" */
    0x7f, 0xff, 0xff, 0xd0, 0x5c, 0xf8, 0x7f, 0xff,
    0xff, 0xd6, 0xff, 0xf8, 0x7f, 0xff, 0xff, 0xee,
    0xff, 0xf8, 0x7f, 0xff, 0xff, 0xff, 0xff, 0xf8,
    0x7f, 0xff, 0xff, 0xff, 0xff, 0xf8, 0x7f, 0xff,
    0xff, 0xff, 0xca, 0xa5, 0x7f, 0xff, 0xff, 0xf7,
    0x0, 0x0, 0x7f, 0xff, 0xff, 0xf0, 0x0, 0x0,
    0x7f, 0xff, 0xff, 0xf0, 0x0, 0x0, 0x7f, 0xff,
    0xff, 0xf0, 0x0, 0x0, 0x7f, 0xff, 0xff, 0xf0,
    0x0, 0x0, 0x7f, 0xff, 0xff, 0xf0, 0x0, 0x0,
    0x7f, 0xff, 0xff, 0xf0, 0x0, 0x0, 0x7f, 0xff,
    0xff, 0xf0, 0x0, 0x0, 0x7f, 0xff, 0xff, 0xf0,
    0x0, 0x0, 0x7f, 0xff, 0xff, 0xf0, 0x0, 0x0,
    0x7f, 0xff, 0xff, 0xf0, 0x0, 0x0, 0x7f, 0xff,
    0xff, 0xf0, 0x0, 0x0, 0x7f, 0xff, 0xff, 0xf0,
    0x0, 0x0,

    /* U+0073 "s" */
    0x0, 0x7, 0xcf, 0xff, 0xff, 0xfe, 0xb4, 0x0,
    0x0, 0xdf, 0xff, 0xff, 0xff, 0xff, 0xff, 0x70,
    0x8, 0xff, 0xff, 0xff, 0xff, 0xff, 0xff, 0xf2,
    0xe, 0xff, 0xff, 0xff, 0xff, 0xff, 0xff, 0xf7,
    0xf, 0xff, 0xff, 0xf8, 0x3b, 0xff, 0xff, 0xfa,
    0xf, 0xff, 0xff, 0xf3, 0x8, 0xff, 0xff, 0xfa,
    0xf, 0xff, 0xff, 0xf3, 0x4, 0x99, 0x99, 0x96,
    0xf, 0xff, 0xff, 0xf6, 0x11, 0x0, 0x0, 0x0,
    0xe, 0xff, 0xff, 0xff, 0xff, 0xff, 0xe9, 0x10,
    0x9, 0xff, 0xff, 0xff, 0xff, 0xff, 0xff, 0xe1,
    0x1, 0xef, 0xff, 0xff, 0xff, 0xff, 0xff, 0xf9,
    0x0, 0x18, 0xdf, 0xff, 0xff, 0xff, 0xff, 0xfd,
    0x0, 0x0, 0x0, 0x0, 0x6, 0xff, 0xff, 0xff,
    0xf, 0xff, 0xff, 0xf5, 0x5, 0xff, 0xff, 0xff,
    0xe, 0xff, 0xff, 0xf9, 0x39, 0xff, 0xff, 0xff,
    0xd, 0xff, 0xff, 0xff, 0xff, 0xff, 0xff, 0xfd,
    0x8, 0xff, 0xff, 0xff, 0xff, 0xff, 0xff, 0xf8,
    0x0, 0xdf, 0xff, 0xff, 0xff, 0xff, 0xff, 0xd0,
    0x0, 0x7, 0xcf, 0xff, 0xff, 0xff, 0xc7, 0x0,

    /* U+0074 "t" */
    0x0, 0x58, 0x88, 0x88, 0x50, 0x0, 0x0, 0xbf,
    0xff, 0xff, 0xb0, 0x0, 0x0, 0xbf, 0xff, 0xff,
    0xb0, 0x0, 0x0, 0xbf, 0xff, 0xff, 0xb0, 0x0,
    0xdf, 0xff, 0xff, 0xff, 0xff, 0xf2, 0xdf, 0xff,
    0xff, 0xff, 0xff, 0xf2, 0xdf, 0xff, 0xff, 0xff,
    0xff, 0xf2, 0xdf, 0xff, 0xff, 0xff, 0xff, 0xf2,
    0x9c, 0xff, 0xff, 0xff, 0xfc, 0xc1, 0x0, 0xbf,
    0xff, 0xff, 0xb0, 0x0, 0x0, 0xbf, 0xff, 0xff,
    0xb0, 0x0, 0x0, 0xbf, 0xff, 0xff, 0xb0, 0x0,
    0x0, 0xbf, 0xff, 0xff, 0xb0, 0x0, 0x0, 0xbf,
    0xff, 0xff, 0xb0, 0x0, 0x0, 0xbf, 0xff, 0xff,
    0xb0, 0x0, 0x0, 0xbf, 0xff, 0xff, 0xb0, 0x0,
    0x0, 0xbf, 0xff, 0xff, 0xb0, 0x0, 0x0, 0xbf,
    0xff, 0xff, 0xc0, 0x0, 0x0, 0xbf, 0xff, 0xff,
    0xfc, 0xc1, 0x0, 0x9f, 0xff, 0xff, 0xff, 0xf1,
    0x0, 0x4f, 0xff, 0xff, 0xff, 0xf1, 0x0, 0x9,
    0xff, 0xff, 0xff, 0xf1, 0x0, 0x0, 0x5b, 0xef,
    0xff, 0xf1,

    /* U+0075 "u" */
    0xaf, 0xff, 0xff, 0xc0, 0x9, 0xff, 0xff, 0xfe,
    0xaf, 0xff, 0xff, 0xc0, 0x9, 0xff, 0xff, 0xfe,
    0xaf, 0xff, 0xff, 0xc0, 0x9, 0xff, 0xff, 0xfe,
    0xaf, 0xff, 0xff, 0xc0, 0x9, 0xff, 0xff, 0xfe,
    0xaf, 0xff, 0xff, 0xc0, 0x9, 0xff, 0xff, 0xfe,
    0xaf, 0xff, 0xff, 0xc0, 0x9, 0xff, 0xff, 0xfe,
    0xaf, 0xff, 0xff, 0xc0, 0x9, 0xff, 0xff, 0xfe,
    0xaf, 0xff, 0xff, 0xc0, 0x9, 0xff, 0xff, 0xfe,
    0xaf, 0xff, 0xff, 0xc0, 0x9, 0xff, 0xff, 0xfe,
    0xaf, 0xff, 0xff, 0xc0, 0x9, 0xff, 0xff, 0xfe,
    0xaf, 0xff, 0xff, 0xc0, 0x9, 0xff, 0xff, 0xfe,
    0xaf, 0xff, 0xff, 0xc0, 0x9, 0xff, 0xff, 0xfe,
    0xaf, 0xff, 0xff, 0xc0, 0xa, 0xff, 0xff, 0xfe,
    0xaf, 0xff, 0xff, 0xd0, 0xb, 0xff, 0xff, 0xfe,
    0xaf, 0xff, 0xff, 0xfd, 0xcf, 0xff, 0xff, 0xfe,
    0x8f, 0xff, 0xff, 0xff, 0xff, 0xff, 0xff, 0xfe,
    0x4f, 0xff, 0xff, 0xff, 0xff, 0xff, 0xff, 0xfe,
    0xa, 0xff, 0xff, 0xff, 0xf9, 0xff, 0xff, 0xfe,
    0x0, 0x6c, 0xff, 0xfc, 0x47, 0xff, 0xff, 0xfe,

    /* U+0076 "v" */
    0xef, 0xff, 0xff, 0x80, 0x0, 0x1f, 0xff, 0xff,
    0xf5, 0x9f, 0xff, 0xff, 0xb0, 0x0, 0x4f, 0xff,
    0xff, 0xf1, 0x5f, 0xff, 0xff, 0xe0, 0x0, 0x7f,
    0xff, 0xff, 0xc0, 0x1f, 0xff, 0xff, 0xf1, 0x0,
    0xaf, 0xff, 0xff, 0x80, 0xd, 0xff, 0xff, 0xf4,
    0x0, 0xdf, 0xff, 0xff, 0x40, 0x9, 0xff, 0xff,
    0xf7, 0x0, 0xff, 0xff, 0xff, 0x0, 0x5, 0xff,
    0xff, 0xfa, 0x3, 0xff, 0xff, 0xfc, 0x0, 0x1,
    0xff, 0xff, 0xfd, 0x6, 0xff, 0xff, 0xf8, 0x0,
    0x0, 0xdf, 0xff, 0xff, 0x9, 0xff, 0xff, 0xf4,
    0x0, 0x0, 0x9f, 0xff, 0xff, 0x3c, 0xff, 0xff,
    0xf0, 0x0, 0x0, 0x5f, 0xff, 0xff, 0x6f, 0xff,
    0xff, 0xc0, 0x0, 0x0, 0x1f, 0xff, 0xff, 0xbf,
    0xff, 0xff, 0x80, 0x0, 0x0, 0xc, 0xff, 0xff,
    0xff, 0xff, 0xff, 0x30, 0x0, 0x0, 0x8, 0xff,
    0xff, 0xff, 0xff, 0xff, 0x0, 0x0, 0x0, 0x4,
    0xff, 0xff, 0xff, 0xff, 0xfb, 0x0, 0x0, 0x0,
    0x0, 0xff, 0xff, 0xff, 0xff, 0xf7, 0x0, 0x0,
    0x0, 0x0, 0xcf, 0xff, 0xff, 0xff, 0xf3, 0x0,
    0x0, 0x0, 0x0, 0x8f, 0xff, 0xff, 0xff, 0xf0,
    0x0, 0x0, 0x0, 0x0, 0x4f, 0xff, 0xff, 0xff,
    0xb0, 0x0, 0x0,

    /* U+0077 "w" */
    0xbf, 0xff, 0xff, 0x40, 0x0, 0xff, 0xff, 0xfd,
    0x0, 0x6, 0xff, 0xff, 0xf8, 0x8f, 0xff, 0xff,
    0x50, 0x3, 0xff, 0xff, 0xff, 0x0, 0x8, 0xff,
    0xff, 0xf4, 0x4f, 0xff, 0xff, 0x70, 0x7, 0xff,
    0xff, 0xff, 0x30, 0xa, 0xff, 0xff, 0xf1, 0x1f,
    0xff, 0xff, 0x90, 0xa, 0xff, 0xff, 0xff, 0x60,
    0xd, 0xff, 0xff, 0xd0, 0xe, 0xff, 0xff, 0xb0,
    0xd, 0xff, 0xff, 0xff, 0x90, 0xf, 0xff, 0xff,
    0xa0, 0xb, 0xff, 0xff, 0xd0, 0x1f, 0xff, 0xff,
    0xff, 0xc0, 0x1f, 0xff, 0xff, 0x60, 0x7, 0xff,
    0xff, 0xf0, 0x4f, 0xff, 0xff, 0xff, 0xe0, 0x4f,
    0xff, 0xff, 0x30, 0x4, 0xff, 0xff, 0xf1, 0x7f,
    0xff, 0xff, 0xff, 0xf1, 0x6f, 0xff, 0xff, 0x0,
    0x1, 0xff, 0xff, 0xf3, 0xbf, 0xff, 0xbf, 0xff,
    0xf4, 0x8f, 0xff, 0xfc, 0x0, 0x0, 0xef, 0xff,
    0xf4, 0xef, 0xff, 0x7d, 0xff, 0xf7, 0xbf, 0xff,
    0xf9, 0x0, 0x0, 0xbf, 0xff, 0xf8, 0xff, 0xff,
    0x3a, 0xff, 0xfa, 0xdf, 0xff, 0xf5, 0x0, 0x0,
    0x7f, 0xff, 0xfd, 0xff, 0xff, 0x6, 0xff, 0xfe,
    0xff, 0xff, 0xf2, 0x0, 0x0, 0x4f, 0xff, 0xff,
    0xff, 0xfd, 0x3, 0xff, 0xff, 0xff, 0xff, 0xe0,
    0x0, 0x0, 0x1f, 0xff, 0xff, 0xff, 0xf9, 0x0,
    0xff, 0xff, 0xff, 0xff, 0xb0, 0x0, 0x0, 0xe,
    0xff, 0xff, 0xff, 0xf6, 0x0, 0xcf, 0xff, 0xff,
    0xff, 0x80, 0x0, 0x0, 0xa, 0xff, 0xff, 0xff,
    0xf3, 0x0, 0x9f, 0xff, 0xff, 0xff, 0x40, 0x0,
    0x0, 0x7, 0xff, 0xff, 0xff, 0xf0, 0x0, 0x6f,
    0xff, 0xff, 0xff, 0x10, 0x0, 0x0, 0x4, 0xff,
    0xff, 0xff, 0xc0, 0x0, 0x3f, 0xff, 0xff, 0xfd,
    0x0, 0x0, 0x0, 0x1, 0xff, 0xff, 0xff, 0x80,
    0x0, 0xf, 0xff, 0xff, 0xfa, 0x0, 0x0,

    /* U+0078 "x" */
    0xcf, 0xff, 0xff, 0xe0, 0x1, 0xff, 0xff, 0xff,
    0x34, 0xff, 0xff, 0xff, 0x30, 0x6f, 0xff, 0xff,
    0xc0, 0xc, 0xff, 0xff, 0xf8, 0xb, 0xff, 0xff,
    0xf5, 0x0, 0x4f, 0xff, 0xff, 0xd1, 0xff, 0xff,
    0xfd, 0x0, 0x0, 0xcf, 0xff, 0xff, 0x8f, 0xff,
    0xff, 0x60, 0x0, 0x4, 0xff, 0xff, 0xff, 0xff,
    0xff, 0xe0, 0x0, 0x0, 0xc, 0xff, 0xff, 0xff,
    0xff, 0xf8, 0x0, 0x0, 0x0, 0x5f, 0xff, 0xff,
    0xff, 0xff, 0x10, 0x0, 0x0, 0x0, 0xdf, 0xff,
    0xff, 0xff, 0x90, 0x0, 0x0, 0x0, 0x9, 0xff,
    0xff, 0xff, 0xf7, 0x0, 0x0, 0x0, 0x0, 0xef,
    0xff, 0xff, 0xff, 0xe0, 0x0, 0x0, 0x0, 0x6f,
    0xff, 0xff, 0xff, 0xff, 0x60, 0x0, 0x0, 0xd,
    0xff, 0xff, 0xff, 0xff, 0xfd, 0x0, 0x0, 0x4,
    0xff, 0xff, 0xfd, 0xff, 0xff, 0xf5, 0x0, 0x0,
    0xcf, 0xff, 0xff, 0x3f, 0xff, 0xff, 0xd0, 0x0,
    0x3f, 0xff, 0xff, 0xa0, 0xdf, 0xff, 0xff, 0x40,
    0xa, 0xff, 0xff, 0xf5, 0x7, 0xff, 0xff, 0xfc,
    0x1, 0xff, 0xff, 0xff, 0x0, 0x1f, 0xff, 0xff,
    0xf4, 0x8f, 0xff, 0xff, 0xb0, 0x0, 0xbf, 0xff,
    0xff, 0xb0,

    /* U+0079 "y" */
    0xdf, 0xff, 0xff, 0xd0, 0x0, 0xf, 0xff, 0xff,
    0xf8, 0x8f, 0xff, 0xff, 0xf1, 0x0, 0x2f, 0xff,
    0xff, 0xf3, 0x4f, 0xff, 0xff, 0xf4, 0x0, 0x4f,
    0xff, 0xff, 0xf0, 0xf, 0xff, 0xff, 0xf7, 0x0,
    0x7f, 0xff, 0xff, 0xb0, 0xa, 0xff, 0xff, 0xfa,
    0x0, 0xaf, 0xff, 0xff, 0x70, 0x5, 0xff, 0xff,
    0xfd, 0x0, 0xdf, 0xff, 0xff, 0x30, 0x1, 0xff,
    0xff, 0xff, 0x0, 0xff, 0xff, 0xff, 0x0, 0x0,
    0xcf, 0xff, 0xff, 0x43, 0xff, 0xff, 0xfb, 0x0,
    0x0, 0x7f, 0xff, 0xff, 0x75, 0xff, 0xff, 0xf7,
    0x0, 0x0, 0x3f, 0xff, 0xff, 0xa8, 0xff, 0xff,
    0xf3, 0x0, 0x0, 0xe, 0xff, 0xff, 0xdb, 0xff,
    0xff, 0xf0, 0x0, 0x0, 0x9, 0xff, 0xff, 0xfe,
    0xff, 0xff, 0xb0, 0x0, 0x0, 0x4, 0xff, 0xff,
    0xff, 0xff, 0xff, 0x70, 0x0, 0x0, 0x0, 0xff,
    0xff, 0xff, 0xff, 0xff, 0x30, 0x0, 0x0, 0x0,
    0xbf, 0xff, 0xff, 0xff, 0xfe, 0x0, 0x0, 0x0,
    0x0, 0x6f, 0xff, 0xff, 0xff, 0xfb, 0x0, 0x0,
    0x0, 0x0, 0x1f, 0xff, 0xff, 0xff, 0xf7, 0x0,
    0x0, 0x0, 0x0, 0x7, 0x9b, 0xff, 0xff, 0xf2,
    0x0, 0x0, 0x0, 0x0, 0x0, 0xb, 0xff, 0xff,
    0xe0, 0x0, 0x0, 0x0, 0x5a, 0xab, 0xef, 0xff,
    0xff, 0x90, 0x0, 0x0, 0x0, 0x7f, 0xff, 0xff,
    0xff, 0xff, 0x20, 0x0, 0x0, 0x0, 0x7f, 0xff,
    0xff, 0xff, 0xf8, 0x0, 0x0, 0x0, 0x0, 0x7f,
    0xff, 0xff, 0xff, 0x90, 0x0, 0x0, 0x0, 0x0,
    0x7f, 0xff, 0xfd, 0xa4, 0x0, 0x0, 0x0, 0x0,

    /* U+007A "z" */
    0x2f, 0xff, 0xff, 0xff, 0xff, 0xff, 0xff, 0x12,
    0xff, 0xff, 0xff, 0xff, 0xff, 0xff, 0xf1, 0x2f,
    0xff, 0xff, 0xff, 0xff, 0xff, 0xff, 0x12, 0xff,
    0xff, 0xff, 0xff, 0xff, 0xff, 0xf1, 0x18, 0x88,
    0x88, 0x8f, 0xff, 0xff, 0xff, 0x0, 0x0, 0x0,
    0x7, 0xff, 0xff, 0xff, 0x60, 0x0, 0x0, 0x3,
    0xff, 0xff, 0xff, 0xb0, 0x0, 0x0, 0x0, 0xdf,
    0xff, 0xff, 0xe1, 0x0, 0x0, 0x0, 0x8f, 0xff,
    0xff, 0xf5, 0x0, 0x0, 0x0, 0x3f, 0xff, 0xff,
    0xfa, 0x0, 0x0, 0x0, 0xd, 0xff, 0xff, 0xfe,
    0x10, 0x0, 0x0, 0x9, 0xff, 0xff, 0xff, 0x40,
    0x0, 0x0, 0x4, 0xff, 0xff, 0xff, 0x80, 0x0,
    0x0, 0x1, 0xef, 0xff, 0xff, 0xd0, 0x0, 0x0,
    0x0, 0x8f, 0xff, 0xff, 0xfb, 0x88, 0x88, 0x88,
    0x4a, 0xff, 0xff, 0xff, 0xff, 0xff, 0xff, 0xf7,
    0xaf, 0xff, 0xff, 0xff, 0xff, 0xff, 0xff, 0x7a,
    0xff, 0xff, 0xff, 0xff, 0xff, 0xff, 0xf7, 0xaf,
    0xff, 0xff, 0xff, 0xff, 0xff, 0xff, 0x70,

    /* U+007B "{" */
    0x0, 0x0, 0x3, 0xae, 0xff, 0xff, 0x0, 0x0,
    0x5, 0xff, 0xff, 0xff, 0xf0, 0x0, 0x0, 0xef,
    0xff, 0xff, 0xff, 0x0, 0x0, 0x6f, 0xff, 0xff,
    0xff, 0xf0, 0x0, 0x8, 0xff, 0xff, 0xff, 0x86,
    0x0, 0x0, 0x9f, 0xff, 0xff, 0xf1, 0x0, 0x0,
    0x9, 0xff, 0xff, 0xff, 0x10, 0x0, 0x0, 0x9f,
    0xff, 0xff, 0xf1, 0x0, 0x0, 0x9, 0xff, 0xff,
    0xff, 0x10, 0x0, 0x0, 0x9f, 0xff, 0xff, 0xf1,
    0x0, 0x0, 0x9, 0xff, 0xff, 0xff, 0x10, 0x0,
    0x0, 0x9f, 0xff, 0xff, 0xf1, 0x0, 0x0, 0x9,
    0xff, 0xff, 0xff, 0x10, 0x0, 0x0, 0xaf, 0xff,
    0xff, 0xf0, 0x0, 0x0, 0xe, 0xff, 0xff, 0xff,
    0x0, 0x2, 0x7d, 0xff, 0xff, 0xff, 0xb0, 0x0,
    0x6f, 0xff, 0xff, 0xff, 0xf3, 0x0, 0x6, 0xff,
    0xff, 0xff, 0xd2, 0x0, 0x0, 0x6f, 0xff, 0xff,
    0xff, 0xb0, 0x0, 0x6, 0xff, 0xff, 0xff, 0xff,
    0x80, 0x0, 0x1, 0x7f, 0xff, 0xff, 0xfe, 0x0,
    0x0, 0x0, 0xcf, 0xff, 0xff, 0xf0, 0x0, 0x0,
    0x9, 0xff, 0xff, 0xff, 0x10, 0x0, 0x0, 0x9f,
    0xff, 0xff, 0xf1, 0x0, 0x0, 0x9, 0xff, 0xff,
    0xff, 0x10, 0x0, 0x0, 0x9f, 0xff, 0xff, 0xf1,
    0x0, 0x0, 0x9, 0xff, 0xff, 0xff, 0x10, 0x0,
    0x0, 0x9f, 0xff, 0xff, 0xf1, 0x0, 0x0, 0x9,
    0xff, 0xff, 0xff, 0x10, 0x0, 0x0, 0x9f, 0xff,
    0xff, 0xf1, 0x0, 0x0, 0x9, 0xff, 0xff, 0xff,
    0x10, 0x0, 0x0, 0x8f, 0xff, 0xff, 0xf8, 0x60,
    0x0, 0x5, 0xff, 0xff, 0xff, 0xff, 0x0, 0x0,
    0xe, 0xff, 0xff, 0xff, 0xf0, 0x0, 0x0, 0x4f,
    0xff, 0xff, 0xff, 0x0, 0x0, 0x0, 0x3a, 0xef,
    0xff, 0xf0,

    /* U+007C "|" */
    0x1f, 0xff, 0xff, 0xc1, 0xff, 0xff, 0xfc, 0x1f,
    0xff, 0xff, 0xc1, 0xff, 0xff, 0xfc, 0x1f, 0xff,
    0xff, 0xc1, 0xff, 0xff, 0xfc, 0x1f, 0xff, 0xff,
    0xc1, 0xff, 0xff, 0xfc, 0x1f, 0xff, 0xff, 0xc1,
    0xff, 0xff, 0xfc, 0x1f, 0xff, 0xff, 0xc1, 0xff,
    0xff, 0xfc, 0x1f, 0xff, 0xff, 0xc1, 0xff, 0xff,
    0xfc, 0x1f, 0xff, 0xff, 0xc1, 0xff, 0xff, 0xfc,
    0x1f, 0xff, 0xff, 0xc1, 0xff, 0xff, 0xfc, 0x1f,
    0xff, 0xff, 0xc1, 0xff, 0xff, 0xfc, 0x1f, 0xff,
    0xff, 0xc1, 0xff, 0xff, 0xfc, 0x1f, 0xff, 0xff,
    0xc1, 0xff, 0xff, 0xfc, 0x1f, 0xff, 0xff, 0xc1,
    0xff, 0xff, 0xfc, 0x1f, 0xff, 0xff, 0xc1, 0xff,
    0xff, 0xfc, 0x1f, 0xff, 0xff, 0xc1, 0xff, 0xff,
    0xfc, 0x1f, 0xff, 0xff, 0xc1, 0xff, 0xff, 0xfc,
    0x1f, 0xff, 0xff, 0xc1, 0xff, 0xff, 0xfc, 0x1f,
    0xff, 0xff, 0xc1, 0xff, 0xff, 0xfc, 0x1f, 0xff,
    0xff, 0xc1, 0xff, 0xff, 0xfc, 0x1f, 0xff, 0xff,
    0xc0,

    /* U+007D "}" */
    0xaf, 0xff, 0xec, 0x60, 0x0, 0x0, 0xaf, 0xff,
    0xff, 0xfb, 0x0, 0x0, 0xaf, 0xff, 0xff, 0xff,
    0x60, 0x0, 0xaf, 0xff, 0xff, 0xff, 0xc0, 0x0,
    0x36, 0xef, 0xff, 0xff, 0xf0, 0x0, 0x0, 0xbf,
    0xff, 0xff, 0xf0, 0x0, 0x0, 0xbf, 0xff, 0xff,
    0xf0, 0x0, 0x0, 0xbf, 0xff, 0xff, 0xf0, 0x0,
    0x0, 0xbf, 0xff, 0xff, 0xf0, 0x0, 0x0, 0xbf,
    0xff, 0xff, 0xf0, 0x0, 0x0, 0xbf, 0xff, 0xff,
    0xf0, 0x0, 0x0, 0xbf, 0xff, 0xff, 0xf0, 0x0,
    0x0, 0xbf, 0xff, 0xff, 0xf0, 0x0, 0x0, 0xaf,
    0xff, 0xff, 0xf0, 0x0, 0x0, 0x9f, 0xff, 0xff,
    0xf5, 0x0, 0x0, 0x5f, 0xff, 0xff, 0xff, 0x85,
    0x0, 0xb, 0xff, 0xff, 0xff, 0xfc, 0x0, 0x0,
    0x9f, 0xff, 0xff, 0xfc, 0x0, 0x6, 0xff, 0xff,
    0xff, 0xfc, 0x0, 0x2f, 0xff, 0xff, 0xff, 0xfc,
    0x0, 0x8f, 0xff, 0xff, 0xfc, 0x20, 0x0, 0xaf,
    0xff, 0xff, 0xf3, 0x0, 0x0, 0xbf, 0xff, 0xff,
    0xf0, 0x0, 0x0, 0xbf, 0xff, 0xff, 0xf0, 0x0,
    0x0, 0xbf, 0xff, 0xff, 0xf0, 0x0, 0x0, 0xbf,
    0xff, 0xff, 0xf0, 0x0, 0x0, 0xbf, 0xff, 0xff,
    0xf0, 0x0, 0x0, 0xbf, 0xff, 0xff, 0xf0, 0x0,
    0x0, 0xbf, 0xff, 0xff, 0xf0, 0x0, 0x0, 0xbf,
    0xff, 0xff, 0xf0, 0x0, 0x0, 0xbf, 0xff, 0xff,
    0xf0, 0x0, 0x36, 0xef, 0xff, 0xff, 0xe0, 0x0,
    0xaf, 0xff, 0xff, 0xff, 0xb0, 0x0, 0xaf, 0xff,
    0xff, 0xff, 0x50, 0x0, 0xaf, 0xff, 0xff, 0xfa,
    0x0, 0x0, 0xaf, 0xff, 0xec, 0x60, 0x0, 0x0,

    /* U+007E "~" */
    0x1, 0x9e, 0xff, 0xff, 0xe9, 0x10, 0x0, 0x6f,
    0xff, 0xff, 0x80, 0xdf, 0xff, 0xff, 0xff, 0xff,
    0x50, 0x6, 0xff, 0xff, 0xf8, 0x3f, 0xff, 0xff,
    0xff, 0xff, 0xff, 0x92, 0x9f, 0xff, 0xff, 0x85,
    0xff, 0xff, 0xff, 0xff, 0xff, 0xff, 0xff, 0xff,
    0xff, 0xf8, 0x5f, 0xff, 0xff, 0xb2, 0x5d, 0xff,
    0xff, 0xff, 0xff, 0xff, 0x65, 0xff, 0xff, 0xf8,
    0x0, 0xa, 0xff, 0xff, 0xff, 0xff, 0xe1, 0x5f,
    0xff, 0xff, 0x80, 0x0, 0x5, 0xcf, 0xff, 0xfe,
    0xa2, 0x0,

    /* U+00A0 " " */

    /* U+00A1 "¡" */
    0xa, 0xff, 0xff, 0xfe, 0x0, 0xaf, 0xff, 0xff,
    0xe0, 0xa, 0xff, 0xff, 0xfe, 0x0, 0xaf, 0xff,
    0xff, 0xe0, 0xa, 0xff, 0xff, 0xfe, 0x0, 0xaf,
    0xff, 0xff, 0xe0, 0x2, 0x44, 0x44, 0x43, 0x0,
    0x0, 0x0, 0x0, 0x0, 0x0, 0x0, 0x0, 0x0,
    0x0, 0xf, 0xff, 0xff, 0x40, 0x1, 0xff, 0xff,
    0xf5, 0x0, 0x2f, 0xff, 0xff, 0x60, 0x3, 0xff,
    0xff, 0xf8, 0x0, 0x4f, 0xff, 0xff, 0x90, 0x5,
    0xff, 0xff, 0xfa, 0x0, 0x6f, 0xff, 0xff, 0xb0,
    0x8, 0xff, 0xff, 0xfc, 0x0, 0x9f, 0xff, 0xff,
    0xd0, 0xa, 0xff, 0xff, 0xff, 0x0, 0xbf, 0xff,
    0xff, 0xf0, 0xc, 0xff, 0xff, 0xff, 0x10, 0xdf,
    0xff, 0xff, 0xf2, 0xf, 0xff, 0xff, 0xff, 0x30,
    0xff, 0xff, 0xff, 0xf5, 0x9, 0x99, 0x99, 0x99,
    0x30,

    /* U+00A2 "¢" */
    0x0, 0x0, 0x4f, 0xff, 0xff, 0xf0, 0x0, 0x0,
    0x0, 0x0, 0x4f, 0xff, 0xff, 0xf0, 0x0, 0x0,
    0x0, 0x0, 0x4f, 0xff, 0xff, 0xf0, 0x0, 0x0,
    0x0, 0x6c, 0xff, 0xff, 0xff, 0xfd, 0xa2, 0x0,
    0xb, 0xff, 0xff, 0xff, 0xff, 0xff, 0xff, 0x40,
    0x6f, 0xff, 0xff, 0xff, 0xff, 0xff, 0xff, 0xe0,
    0xbf, 0xff, 0xff, 0xff, 0xff, 0xff, 0xff, 0xf3,
    0xdf, 0xff, 0xff, 0xfc, 0xdf, 0xff, 0xff, 0xf5,
    0xdf, 0xff, 0xff, 0xa0, 0xe, 0xff, 0xff, 0xf6,
    0xdf, 0xff, 0xff, 0x90, 0xd, 0xff, 0xff, 0xf6,
    0xdf, 0xff, 0xff, 0x90, 0x4, 0x55, 0x55, 0x52,
    0xdf, 0xff, 0xff, 0x90, 0x0, 0x0, 0x0, 0x0,
    0xdf, 0xff, 0xff, 0x90, 0x0, 0x0, 0x0, 0x0,
    0xdf, 0xff, 0xff, 0x90, 0x0, 0x0, 0x0, 0x0,
    0xdf, 0xff, 0xff, 0x90, 0x4, 0x55, 0x55, 0x52,
    0xdf, 0xff, 0xff, 0x90, 0xd, 0xff, 0xff, 0xf6,
    0xdf, 0xff, 0xff, 0xa0, 0xe, 0xff, 0xff, 0xf6,
    0xdf, 0xff, 0xff, 0xfc, 0xdf, 0xff, 0xff, 0xf5,
    0xbf, 0xff, 0xff, 0xff, 0xff, 0xff, 0xff, 0xf3,
    0x6f, 0xff, 0xff, 0xff, 0xff, 0xff, 0xff, 0xe0,
    0xb, 0xff, 0xff, 0xff, 0xff, 0xff, 0xff, 0x40,
    0x0, 0x6c, 0xff, 0xff, 0xff, 0xfd, 0xa2, 0x0,
    0x0, 0x0, 0x4f, 0xff, 0xff, 0xf0, 0x0, 0x0,
    0x0, 0x0, 0x4f, 0xff, 0xff, 0xf0, 0x0, 0x0,
    0x0, 0x0, 0x4f, 0xff, 0xff, 0xf0, 0x0, 0x0,

    /* U+00A3 "£" */
    0x0, 0x0, 0x4b, 0xef, 0xff, 0xff, 0xff, 0xea,
    0x40, 0x0, 0x0, 0x7f, 0xff, 0xff, 0xff, 0xff,
    0xff, 0xff, 0x60, 0x0, 0x2f, 0xff, 0xff, 0xff,
    0xff, 0xff, 0xff, 0xff, 0x10, 0x7, 0xff, 0xff,
    0xff, 0xff, 0xff, 0xff, 0xff, 0xf6, 0x0, 0x8f,
    0xff, 0xff, 0xfe, 0xce, 0xff, 0xff, 0xff, 0x70,
    0x9, 0xff, 0xff, 0xff, 0x10, 0x2f, 0xff, 0xff,
    0xf8, 0x0, 0x9f, 0xff, 0xff, 0xf1, 0x2, 0xff,
    0xff, 0xff, 0x80, 0x9, 0xff, 0xff, 0xff, 0x10,
    0x2f, 0xff, 0xff, 0xf8, 0x0, 0x9f, 0xff, 0xff,
    0xf1, 0x0, 0x22, 0x22, 0x22, 0x10, 0x9, 0xff,
    0xff, 0xff, 0x10, 0x0, 0x0, 0x0, 0x0, 0x16,
    0xbf, 0xff, 0xff, 0xf7, 0x66, 0x66, 0x40, 0x0,
    0x3, 0xff, 0xff, 0xff, 0xff, 0xff, 0xff, 0xfb,
    0x0, 0x0, 0x3f, 0xff, 0xff, 0xff, 0xff, 0xff,
    0xff, 0xb0, 0x0, 0x3, 0xff, 0xff, 0xff, 0xff,
    0xff, 0xff, 0xfb, 0x0, 0x0, 0x3f, 0xff, 0xff,
    0xff, 0xff, 0xff, 0xff, 0xb0, 0x0, 0x0, 0x9,
    0xff, 0xff, 0xff, 0x10, 0x0, 0x0, 0x0, 0x0,
    0x0, 0x9f, 0xff, 0xff, 0xf1, 0x0, 0x0, 0x0,
    0x0, 0x0, 0x9, 0xff, 0xff, 0xff, 0x0, 0x0,
    0x0, 0x0, 0x0, 0x0, 0xcf, 0xff, 0xff, 0xa0,
    0x0, 0x0, 0x0, 0x0, 0x1, 0xaf, 0xff, 0xff,
    0xfd, 0xcc, 0xcc, 0xcc, 0xcc, 0xc8, 0x3f, 0xff,
    0xff, 0xff, 0xff, 0xff, 0xff, 0xff, 0xff, 0xa3,
    0xff, 0xff, 0xff, 0xff, 0xff, 0xff, 0xff, 0xff,
    0xfa, 0x3f, 0xff, 0xff, 0xff, 0xff, 0xff, 0xff,
    0xff, 0xff, 0xa3, 0xff, 0xff, 0xff, 0xff, 0xff,
    0xff, 0xff, 0xff, 0xfa,

    /* U+00A4 "¤" */
    0x0, 0x5, 0x60, 0x0, 0x0, 0x0, 0x0, 0x9,
    0x20, 0x0, 0x0, 0x4f, 0xf6, 0x0, 0x0, 0x0,
    0x0, 0xaf, 0xe2, 0x0, 0x4, 0xff, 0xff, 0x60,
    0x0, 0x0, 0xa, 0xff, 0xfe, 0x20, 0x4f, 0xff,
    0xff, 0xff, 0xff, 0xff, 0xff, 0xff, 0xff, 0xe1,
    0x5f, 0xff, 0xff, 0xff, 0xff, 0xff, 0xff, 0xff,
    0xff, 0xe2, 0x5, 0xff, 0xff, 0xff, 0xff, 0xff,
    0xff, 0xff, 0xfe, 0x20, 0x0, 0xdf, 0xff, 0xff,
    0xff, 0xff, 0xff, 0xff, 0xfc, 0x0, 0x1, 0xff,
    0xff, 0xfb, 0x43, 0x35, 0xcf, 0xff, 0xff, 0x0,
    0x4, 0xff, 0xff, 0xe0, 0x0, 0x0, 0x1f, 0xff,
    0xff, 0x30, 0x5, 0xff, 0xff, 0xb0, 0x0, 0x0,
    0xe, 0xff, 0xff, 0x40, 0x6, 0xff, 0xff, 0xb0,
    0x0, 0x0, 0xd, 0xff, 0xff, 0x40, 0x6, 0xff,
    0xff, 0xb0, 0x0, 0x0, 0xd, 0xff, 0xff, 0x40,
    0x5, 0xff, 0xff, 0xb0, 0x0, 0x0, 0xe, 0xff,
    0xff, 0x40, 0x4, 0xff, 0xff, 0xe0, 0x0, 0x0,
    0x1f, 0xff, 0xff, 0x30, 0x2, 0xff, 0xff, 0xfa,
    0x42, 0x24, 0xbf, 0xff, 0xff, 0x0, 0x2, 0xff,
    0xff, 0xff, 0xff, 0xff, 0xff, 0xff, 0xfe, 0x0,
    0x2e, 0xff, 0xff, 0xff, 0xff, 0xff, 0xff, 0xff,
    0xff, 0xb0, 0x7f, 0xff, 0xff, 0xff, 0xff, 0xff,
    0xff, 0xff, 0xff, 0xf3, 0x8, 0xff, 0xff, 0xef,
    0xff, 0xff, 0xff, 0xff, 0xff, 0x40, 0x0, 0x9f,
    0xfa, 0x0, 0x0, 0x0, 0x1, 0xdf, 0xf5, 0x0,
    0x0, 0x9, 0xa0, 0x0, 0x0, 0x0, 0x0, 0x1d,
    0x50, 0x0, 0x0, 0x0, 0x0, 0x0, 0x0, 0x0,
    0x0, 0x0, 0x0, 0x0,

    /* U+00A5 "¥" */
    0x9f, 0xff, 0xff, 0xf2, 0x0, 0x0, 0xf, 0xff,
    0xff, 0xfb, 0x2f, 0xff, 0xff, 0xf7, 0x0, 0x0,
    0x4f, 0xff, 0xff, 0xf4, 0xc, 0xff, 0xff, 0xfc,
    0x0, 0x0, 0x9f, 0xff, 0xff, 0xe0, 0x5, 0xff,
    0xff, 0xff, 0x10, 0x0, 0xef, 0xff, 0xff, 0x80,
    0x0, 0xef, 0xff, 0xff, 0x60, 0x3, 0xff, 0xff,
    0xff, 0x10, 0x0, 0x7f, 0xff, 0xff, 0xc0, 0x7,
    0xff, 0xff, 0xfb, 0x0, 0x0, 0x1f, 0xff, 0xff,
    0xf1, 0xc, 0xff, 0xff, 0xf4, 0x0, 0x0, 0xa,
    0xff, 0xff, 0xf6, 0x1f, 0xff, 0xff, 0xe0, 0x0,
    0x0, 0x3, 0xff, 0xff, 0xfb, 0x6f, 0xff, 0xff,
    0x80, 0x0, 0x0, 0x0, 0xcf, 0xff, 0xff, 0xcf,
    0xff, 0xff, 0x10, 0x0, 0x5, 0xff, 0xff, 0xff,
    0xff, 0xff, 0xff, 0xff, 0xff, 0xb0, 0x5, 0xff,
    0xff, 0xff, 0xff, 0xff, 0xff, 0xff, 0xff, 0xb0,
    0x5, 0xff, 0xff, 0xff, 0xff, 0xff, 0xff, 0xff,
    0xff, 0xb0, 0x5, 0xff, 0xff, 0xff, 0xff, 0xff,
    0xff, 0xff, 0xff, 0xb0, 0x0, 0x0, 0x0, 0xaf,
    0xff, 0xff, 0xff, 0x10, 0x0, 0x0, 0x5, 0xff,
    0xff, 0xff, 0xff, 0xff, 0xff, 0xff, 0xff, 0xb0,
    0x5, 0xff, 0xff, 0xff, 0xff, 0xff, 0xff, 0xff,
    0xff, 0xb0, 0x5, 0xff, 0xff, 0xff, 0xff, 0xff,
    0xff, 0xff, 0xff, 0xb0, 0x5, 0xff, 0xff, 0xff,
    0xff, 0xff, 0xff, 0xff, 0xff, 0xb0, 0x0, 0x11,
    0x11, 0x3f, 0xff, 0xff, 0xf9, 0x11, 0x11, 0x10,
    0x0, 0x0, 0x0, 0x1f, 0xff, 0xff, 0xf9, 0x0,
    0x0, 0x0, 0x0, 0x0, 0x0, 0x1f, 0xff, 0xff,
    0xf9, 0x0, 0x0, 0x0, 0x0, 0x0, 0x0, 0x1f,
    0xff, 0xff, 0xf9, 0x0, 0x0, 0x0, 0x0, 0x0,
    0x0, 0x1f, 0xff, 0xff, 0xf9, 0x0, 0x0, 0x0,

    /* U+00A6 "¦" */
    0x48, 0x88, 0x88, 0x81, 0x7f, 0xff, 0xff, 0xf2,
    0x7f, 0xff, 0xff, 0xf2, 0x7f, 0xff, 0xff, 0xf2,
    0x7f, 0xff, 0xff, 0xf2, 0x7f, 0xff, 0xff, 0xf2,
    0x7f, 0xff, 0xff, 0xf2, 0x7f, 0xff, 0xff, 0xf2,
    0x7f, 0xff, 0xff, 0xf2, 0x7f, 0xff, 0xff, 0xf2,
    0x7f, 0xff, 0xff, 0xf2, 0x7f, 0xff, 0xff, 0xf2,
    0x7f, 0xff, 0xff, 0xf2, 0x7f, 0xff, 0xff, 0xf2,
    0x0, 0x0, 0x0, 0x0, 0x0, 0x0, 0x0, 0x0,
    0x0, 0x0, 0x0, 0x0, 0x0, 0x0, 0x0, 0x0,
    0x48, 0x88, 0x88, 0x81, 0x7f, 0xff, 0xff, 0xf2,
    0x7f, 0xff, 0xff, 0xf2, 0x7f, 0xff, 0xff, 0xf2,
    0x7f, 0xff, 0xff, 0xf2, 0x7f, 0xff, 0xff, 0xf2,
    0x7f, 0xff, 0xff, 0xf2, 0x7f, 0xff, 0xff, 0xf2,
    0x7f, 0xff, 0xff, 0xf2, 0x7f, 0xff, 0xff, 0xf2,
    0x7f, 0xff, 0xff, 0xf2, 0x7f, 0xff, 0xff, 0xf2,
    0x7f, 0xff, 0xff, 0xf2, 0x7f, 0xff, 0xff, 0xf2,

    /* U+00A7 "§" */
    0x0, 0x29, 0xdf, 0xff, 0xff, 0xff, 0xd9, 0x10,
    0x0, 0x4f, 0xff, 0xff, 0xff, 0xff, 0xff, 0xfe,
    0x20, 0xe, 0xff, 0xff, 0xff, 0xff, 0xff, 0xff,
    0xfc, 0x3, 0xff, 0xff, 0xff, 0xff, 0xff, 0xff,
    0xff, 0xf1, 0x5f, 0xff, 0xff, 0xf6, 0x38, 0xff,
    0xff, 0xff, 0x36, 0xff, 0xff, 0xff, 0x10, 0x3f,
    0xff, 0xff, 0xf3, 0x6f, 0xff, 0xff, 0xf1, 0x0,
    0x11, 0x11, 0x11, 0x5, 0xff, 0xff, 0xff, 0xa7,
    0x77, 0x63, 0x0, 0x0, 0x3f, 0xff, 0xff, 0xff,
    0xff, 0xff, 0xfe, 0x40, 0x0, 0xef, 0xff, 0xff,
    0xff, 0xff, 0xff, 0xff, 0x20, 0x6, 0xff, 0xff,
    0xff, 0xff, 0xff, 0xff, 0xfa, 0x0, 0xcf, 0xff,
    0xff, 0xff, 0xff, 0xff, 0xff, 0xd0, 0x3f, 0xff,
    0xff, 0xc0, 0x4, 0xff, 0xff, 0xfe, 0x5, 0xff,
    0xff, 0xfa, 0x0, 0x2f, 0xff, 0xff, 0xf0, 0x6f,
    0xff, 0xff, 0xa0, 0x2, 0xff, 0xff, 0xff, 0x6,
    0xff, 0xff, 0xfa, 0x0, 0x2f, 0xff, 0xff, 0xe0,
    0x6f, 0xff, 0xff, 0xc0, 0x4, 0xff, 0xff, 0xfd,
    0x5, 0xff, 0xff, 0xff, 0xff, 0xff, 0xff, 0xff,
    0x80, 0x1f, 0xff, 0xff, 0xff, 0xff, 0xff, 0xff,
    0xf2, 0x0, 0x7f, 0xff, 0xff, 0xff, 0xff, 0xff,
    0xff, 0x70, 0x0, 0x6d, 0xff, 0xff, 0xff, 0xff,
    0xff, 0xfc, 0x0, 0x0, 0x1, 0x23, 0x33, 0xcf,
    0xff, 0xff, 0xe0, 0x69, 0x99, 0x99, 0x60, 0x9,
    0xff, 0xff, 0xfe, 0xb, 0xff, 0xff, 0xfd, 0x0,
    0xaf, 0xff, 0xff, 0xe0, 0xaf, 0xff, 0xff, 0xff,
    0xff, 0xff, 0xff, 0xfd, 0x6, 0xff, 0xff, 0xff,
    0xff, 0xff, 0xff, 0xff, 0x90, 0xc, 0xff, 0xff,
    0xff, 0xff, 0xff, 0xff, 0xe1, 0x0, 0x19, 0xef,
    0xff, 0xff, 0xff, 0xff, 0xa2, 0x0, 0x0, 0x0,
    0x12, 0x33, 0x33, 0x22, 0x0, 0x0, 0x0,

    /* U+00A8 "¨" */
    0xef, 0xff, 0xfc, 0x0, 0xc, 0xff, 0xff, 0xef,
    0xff, 0xff, 0xd0, 0x0, 0xdf, 0xff, 0xff, 0xff,
    0xff, 0xfd, 0x0, 0xd, 0xff, 0xff, 0xff, 0xff,
    0xff, 0xd0, 0x0, 0xdf, 0xff, 0xff, 0xff, 0xff,
    0xfd, 0x0, 0xd, 0xff, 0xff, 0xf0,

    /* U+00A9 "©" */
    0x0, 0x0, 0x1, 0x69, 0xbc, 0xcc, 0xcc, 0xcc,
    0xcc, 0xba, 0x73, 0x0, 0x0, 0x0, 0x0, 0x1,
    0x9f, 0xff, 0xff, 0xff, 0xff, 0xff, 0xff, 0xff,
    0xff, 0xc3, 0x0, 0x0, 0x0, 0x1d, 0xff, 0xff,
    0xff, 0xff, 0xff, 0xff, 0xff, 0xff, 0xff, 0xff,
    0x50, 0x0, 0x0, 0xdf, 0xff, 0xff, 0xff, 0xff,
    0xff, 0xff, 0xff, 0xff, 0xff, 0xff, 0xf3, 0x0,
    0x7, 0xff, 0xff, 0xfa, 0x41, 0x0, 0x0, 0x0,
    0x1, 0x38, 0xff, 0xff, 0xfc, 0x0, 0xe, 0xff,
    0xff, 0x70, 0x0, 0x0, 0x0, 0x0, 0x0, 0x0,
    0x2f, 0xff, 0xff, 0x30, 0x3f, 0xff, 0xfc, 0x0,
    0x0, 0x36, 0x66, 0x66, 0x51, 0x0, 0x7, 0xff,
    0xff, 0x80, 0x7f, 0xff, 0xf7, 0x0, 0xc, 0xff,
    0xff, 0xff, 0xff, 0x40, 0x2, 0xff, 0xff, 0xc0,
    0x9f, 0xff, 0xf4, 0x0, 0x8f, 0xff, 0xff, 0xff,
    0xff, 0xe0, 0x0, 0xef, 0xff, 0xf0, 0xbf, 0xff,
    0xf2, 0x0, 0xbf, 0xff, 0xff, 0xff, 0xff, 0xf1,
    0x0, 0xdf, 0xff, 0xf1, 0xdf, 0xff, 0xf1, 0x0,
    0xbf, 0xff, 0xc0, 0x6f, 0xff, 0xf2, 0x0, 0xcf,
    0xff, 0xf2, 0xdf, 0xff, 0xf1, 0x0, 0xbf, 0xff,
    0xb0, 0x3c, 0xcc, 0xc1, 0x0, 0xcf, 0xff, 0xf3,
    0xdf, 0xff, 0xf1, 0x0, 0xbf, 0xff, 0xb0, 0x0,
    0x0, 0x0, 0x0, 0xcf, 0xff, 0xf3, 0xdf, 0xff,
    0xf1, 0x0, 0xbf, 0xff, 0xb0, 0x13, 0x33, 0x30,
    0x0, 0xcf, 0xff, 0xf3, 0xdf, 0xff, 0xf1, 0x0,
    0xbf, 0xff, 0xb0, 0x5f, 0xff, 0xf2, 0x0, 0xcf,
    0xff, 0xf2, 0xcf, 0xff, 0xf2, 0x0, 0xbf, 0xff,
    0xe6, 0xaf, 0xff, 0xf2, 0x0, 0xcf, 0xff, 0xf1,
    0xaf, 0xff, 0xf3, 0x0, 0xaf, 0xff, 0xff, 0xff,
    0xff, 0xf1, 0x0, 0xef, 0xff, 0xf0, 0x7f, 0xff,
    0xf6, 0x0, 0x4f, 0xff, 0xff, 0xff, 0xff, 0xb0,
    0x1, 0xff, 0xff, 0xd0, 0x4f, 0xff, 0xfb, 0x0,
    0x6, 0xdf, 0xff, 0xff, 0xe9, 0x10, 0x6, 0xff,
    0xff, 0x90, 0xf, 0xff, 0xff, 0x40, 0x0, 0x0,
    0x0, 0x0, 0x0, 0x0, 0xd, 0xff, 0xff, 0x50,
    0x9, 0xff, 0xff, 0xf6, 0x10, 0x0, 0x0, 0x0,
    0x0, 0x4, 0xcf, 0xff, 0xfe, 0x0, 0x1, 0xef,
    0xff, 0xff, 0xfe, 0xcc, 0xcc, 0xcc, 0xcd, 0xff,
    0xff, 0xff, 0xf5, 0x0, 0x0, 0x4f, 0xff, 0xff,
    0xff, 0xff, 0xff, 0xff, 0xff, 0xff, 0xff, 0xff,
    0x90, 0x0, 0x0, 0x3, 0xdf, 0xff, 0xff, 0xff,
    0xff, 0xff, 0xff, 0xff, 0xff, 0xf7, 0x0, 0x0,
    0x0, 0x0, 0x5, 0x9d, 0xff, 0xff, 0xff, 0xff,
    0xff, 0xfd, 0xb7, 0x10, 0x0, 0x0,

    /* U+00AA "ª" */
    0x0, 0x9e, 0xff, 0xd6, 0xff, 0xfa, 0xa, 0xff,
    0xff, 0xfe, 0xff, 0xfa, 0xf, 0xff, 0xff, 0xff,
    0xff, 0xfa, 0xf, 0xff, 0xf3, 0x39, 0xff, 0xfa,
    0xf, 0xff, 0xf0, 0x6, 0xff, 0xfa, 0xf, 0xff,
    0xf0, 0x5, 0xff, 0xfa, 0x1f, 0xff, 0xf0, 0x5,
    0xff, 0xfa, 0xf, 0xff, 0xf0, 0x5, 0xff, 0xfa,
    0xf, 0xff, 0xf0, 0x6, 0xff, 0xfa, 0xf, 0xff,
    0xf4, 0x4a, 0xff, 0xfa, 0xf, 0xff, 0xff, 0xff,
    0xff, 0xfa, 0x9, 0xff, 0xff, 0xff, 0xff, 0xfa,
    0x0, 0x9e, 0xff, 0xe9, 0xff, 0xfa,

    /* U+00AB "«" */
    0x0, 0x0, 0x49, 0x99, 0x99, 0x50, 0x39, 0x99,
    0x99, 0x50, 0x0, 0x1e, 0xff, 0xff, 0xe1, 0x1e,
    0xff, 0xff, 0xf2, 0x0, 0xb, 0xff, 0xff, 0xf5,
    0xb, 0xff, 0xff, 0xf6, 0x0, 0x7, 0xff, 0xff,
    0xfa, 0x6, 0xff, 0xff, 0xfa, 0x0, 0x3, 0xff,
    0xff, 0xfd, 0x2, 0xff, 0xff, 0xfe, 0x10, 0x0,
    0xdf, 0xff, 0xff, 0x30, 0xdf, 0xff, 0xff, 0x40,
    0x0, 0x3f, 0xff, 0xff, 0xe0, 0x2f, 0xff, 0xff,
    0xf1, 0x0, 0x0, 0x7f, 0xff, 0xff, 0xa0, 0x6f,
    0xff, 0xff, 0xb0, 0x0, 0x0, 0xcf, 0xff, 0xff,
    0x50, 0xbf, 0xff, 0xff, 0x60, 0x0, 0x1, 0xef,
    0xff, 0xfe, 0x11, 0xef, 0xff, 0xff, 0x20, 0x0,
    0x5, 0xff, 0xff, 0xfb, 0x4, 0xff, 0xff, 0xfc,
    0x0, 0x0, 0x9, 0xff, 0xff, 0xf7, 0x8, 0xff,
    0xff, 0xf7,

    /* U+00AC "¬" */
    0x1a, 0xaa, 0xaa, 0xaa, 0xaa, 0xaa, 0xaa, 0xcb,
    0xaa, 0x21, 0xff, 0xff, 0xff, 0xff, 0xff, 0xff,
    0xff, 0xff, 0xf4, 0x1f, 0xff, 0xff, 0xff, 0xff,
    0xff, 0xff, 0xff, 0xff, 0x41, 0xff, 0xff, 0xff,
    0xff, 0xff, 0xff, 0xff, 0xff, 0xf4, 0x1f, 0xff,
    0xff, 0xff, 0xff, 0xff, 0xff, 0xff, 0xff, 0x41,
    0xff, 0xff, 0xff, 0xff, 0xff, 0xff, 0xff, 0xff,
    0xf4, 0x1f, 0xff, 0xff, 0xff, 0xff, 0xff, 0xff,
    0xff, 0xff, 0x40, 0x0, 0x0, 0x0, 0x0, 0x0,
    0x0, 0x1f, 0xff, 0xf4, 0x0, 0x0, 0x0, 0x0,
    0x0, 0x0, 0x1, 0xff, 0xff, 0x40, 0x0, 0x0,
    0x0, 0x0, 0x0, 0x0, 0x1f, 0xff, 0xf4, 0x0,
    0x0, 0x0, 0x0, 0x0, 0x0, 0x1, 0xff, 0xff,
    0x40, 0x0, 0x0, 0x0, 0x0, 0x0, 0x0, 0x1f,
    0xff, 0xf4, 0x0, 0x0, 0x0, 0x0, 0x0, 0x0,
    0x0, 0x88, 0x88, 0x20,

    /* U+00AD "­" */
    0x16, 0x66, 0x66, 0x66, 0x66, 0x66, 0x13, 0xff,
    0xff, 0xff, 0xff, 0xff, 0xf4, 0x3f, 0xff, 0xff,
    0xff, 0xff, 0xff, 0x43, 0xff, 0xff, 0xff, 0xff,
    0xff, 0xf4, 0x3f, 0xff, 0xff, 0xff, 0xff, 0xff,
    0x40,

    /* U+00AE "®" */
    0x0, 0x1, 0x45, 0x55, 0x55, 0x54, 0x10, 0x0,
    0x0, 0x9, 0xff, 0xff, 0xff, 0xff, 0xff, 0xa1,
    0x0, 0xa, 0xff, 0xff, 0xff, 0xff, 0xff, 0xff,
    0xc0, 0x3, 0xff, 0xe5, 0x10, 0x0, 0x0, 0x4d,
    0xff, 0x60, 0x8f, 0xf6, 0x9, 0xff, 0xff, 0x70,
    0x4f, 0xfb, 0xb, 0xff, 0x20, 0x9f, 0xca, 0xfe,
    0x0, 0xff, 0xe0, 0xdf, 0xf0, 0x9, 0xf9, 0x4f,
    0xe0, 0xe, 0xff, 0xd, 0xff, 0x0, 0x9f, 0xee,
    0xfd, 0x0, 0xef, 0xf0, 0xdf, 0xf0, 0x9, 0xff,
    0xff, 0x40, 0xe, 0xff, 0xc, 0xff, 0x10, 0x9f,
    0x9e, 0xf5, 0x0, 0xff, 0xf0, 0xaf, 0xf3, 0x9,
    0xf9, 0x6f, 0xd0, 0x1f, 0xfd, 0x6, 0xff, 0x90,
    0x35, 0x30, 0x55, 0x17, 0xff, 0x90, 0x1f, 0xff,
    0xb7, 0x55, 0x55, 0x6a, 0xff, 0xf3, 0x0, 0x5f,
    0xff, 0xff, 0xff, 0xff, 0xff, 0xf7, 0x0, 0x0,
    0x3a, 0xef, 0xff, 0xff, 0xfe, 0xb4, 0x0, 0x0,

    /* U+00AF "¯" */
    0x0, 0x0, 0x0, 0x0, 0x0, 0x0, 0x0, 0xe,
    0xff, 0xff, 0xff, 0xff, 0xff, 0xff, 0xfe, 0xef,
    0xff, 0xff, 0xff, 0xff, 0xff, 0xff, 0xee, 0xff,
    0xff, 0xff, 0xff, 0xff, 0xff, 0xfe, 0xef, 0xff,
    0xff, 0xff, 0xff, 0xff, 0xff, 0xe0,

    /* U+00B0 "°" */
    0x0, 0x4b, 0xef, 0xff, 0xff, 0xff, 0xc7, 0x0,
    0x7, 0xff, 0xff, 0xff, 0xff, 0xff, 0xff, 0xc0,
    0x1f, 0xff, 0xff, 0xff, 0xff, 0xff, 0xff, 0xf7,
    0x5f, 0xff, 0xff, 0xff, 0xff, 0xff, 0xff, 0xfc,
    0x7f, 0xff, 0xff, 0xa0, 0x4, 0xff, 0xff, 0xfd,
    0x7f, 0xff, 0xff, 0x80, 0x2, 0xff, 0xff, 0xfe,
    0x7f, 0xff, 0xff, 0x80, 0x2, 0xff, 0xff, 0xfe,
    0x7f, 0xff, 0xff, 0x80, 0x2, 0xff, 0xff, 0xfe,
    0x7f, 0xff, 0xff, 0xa0, 0x4, 0xff, 0xff, 0xfd,
    0x5f, 0xff, 0xff, 0xff, 0xff, 0xff, 0xff, 0xfc,
    0x1f, 0xff, 0xff, 0xff, 0xff, 0xff, 0xff, 0xf7,
    0x7, 0xff, 0xff, 0xff, 0xff, 0xff, 0xff, 0xc0,
    0x0, 0x4b, 0xef, 0xff, 0xff, 0xff, 0xc7, 0x0,

    /* U+00B1 "±" */
    0x0, 0x0, 0x0, 0xd, 0xee, 0xee, 0xe3, 0x0,
    0x0, 0x0, 0x0, 0x0, 0x0, 0xf, 0xff, 0xff,
    0xf3, 0x0, 0x0, 0x0, 0x0, 0x0, 0x0, 0xf,
    0xff, 0xff, 0xf3, 0x0, 0x0, 0x0, 0xf, 0xff,
    0xff, 0xff, 0xff, 0xff, 0xff, 0xff, 0xff, 0xf4,
    0xf, 0xff, 0xff, 0xff, 0xff, 0xff, 0xff, 0xff,
    0xff, 0xf4, 0xf, 0xff, 0xff, 0xff, 0xff, 0xff,
    0xff, 0xff, 0xff, 0xf4, 0xf, 0xff, 0xff, 0xff,
    0xff, 0xff, 0xff, 0xff, 0xff, 0xf4, 0x9, 0x99,
    0x99, 0x9f, 0xff, 0xff, 0xfb, 0x99, 0x99, 0x92,
    0x0, 0x0, 0x0, 0xf, 0xff, 0xff, 0xf3, 0x0,
    0x0, 0x0, 0x0, 0x0, 0x0, 0xf, 0xff, 0xff,
    0xf3, 0x0, 0x0, 0x0, 0x0, 0x0, 0x0, 0xa,
    0xbb, 0xbb, 0xb2, 0x0, 0x0, 0x0, 0x0, 0x0,
    0x0, 0x0, 0x0, 0x0, 0x0, 0x0, 0x0, 0x0,
    0xf, 0xff, 0xff, 0xff, 0xff, 0xff, 0xff, 0xff,
    0xff, 0xf4, 0xf, 0xff, 0xff, 0xff, 0xff, 0xff,
    0xff, 0xff, 0xff, 0xf4, 0xf, 0xff, 0xff, 0xff,
    0xff, 0xff, 0xff, 0xff, 0xff, 0xf4, 0xf, 0xff,
    0xff, 0xff, 0xff, 0xff, 0xff, 0xff, 0xff, 0xf4,
    0xc, 0xcc, 0xcc, 0xcc, 0xcc, 0xcc, 0xcc, 0xcc,
    0xcc, 0xc3,

    /* U+00B2 "²" */
    0x7, 0xef, 0xff, 0xff, 0xc2, 0x4f, 0xff, 0xff,
    0xff, 0xfc, 0x7f, 0xff, 0xda, 0xff, 0xff, 0x8f,
    0xff, 0x80, 0xff, 0xff, 0x7f, 0xff, 0x80, 0xff,
    0xfe, 0x0, 0x0, 0x2, 0xff, 0xfc, 0x0, 0x0,
    0x1c, 0xff, 0xf5, 0x0, 0x1, 0xdf, 0xff, 0xa0,
    0x0, 0x2e, 0xff, 0xf8, 0x0, 0x4, 0xff, 0xff,
    0x60, 0x0, 0x4f, 0xff, 0xfe, 0xcc, 0xcb, 0x7f,
    0xff, 0xff, 0xff, 0xff, 0x7f, 0xff, 0xff, 0xff,
    0xff,

    /* U+00B3 "³" */
    0x7, 0xef, 0xff, 0xff, 0xc2, 0x4f, 0xff, 0xff,
    0xff, 0xfc, 0x7f, 0xff, 0xda, 0xff, 0xff, 0x8f,
    0xff, 0x80, 0xff, 0xff, 0x25, 0x55, 0x21, 0xff,
    0xfe, 0x0, 0x0, 0xff, 0xff, 0xfa, 0x0, 0x0,
    0xff, 0xff, 0xf6, 0x0, 0x0, 0x67, 0xff, 0xfd,
    0x36, 0x66, 0x30, 0xff, 0xff, 0x8f, 0xff, 0x80,
    0xff, 0xff, 0x7f, 0xff, 0xda, 0xff, 0xff, 0x4f,
    0xff, 0xff, 0xff, 0xfb, 0x7, 0xef, 0xff, 0xff,
    0xb2,

    /* U+00B4 "´" */
    0x0, 0x1, 0xbb, 0xbb, 0xbb, 0x20, 0x0, 0xaf,
    0xff, 0xff, 0x70, 0x0, 0x5f, 0xff, 0xff, 0x90,
    0x0, 0x1e, 0xff, 0xff, 0xb0, 0x0, 0x9, 0xff,
    0xff, 0xc0, 0x0, 0x4, 0xff, 0xff, 0xd1, 0x0,
    0x0,

    /* U+00B5 "µ" */
    0x7f, 0xff, 0xff, 0xf0, 0x6, 0xff, 0xff, 0xff,
    0x17, 0xff, 0xff, 0xff, 0x0, 0x6f, 0xff, 0xff,
    0xf1, 0x8f, 0xff, 0xff, 0xf0, 0x6, 0xff, 0xff,
    0xff, 0x18, 0xff, 0xff, 0xff, 0x0, 0x6f, 0xff,
    0xff, 0xf1, 0x8f, 0xff, 0xff, 0xf0, 0x6, 0xff,
    0xff, 0xff, 0x18, 0xff, 0xff, 0xff, 0x0, 0x6f,
    0xff, 0xff, 0xf1, 0x8f, 0xff, 0xff, 0xf0, 0x6,
    0xff, 0xff, 0xff, 0x18, 0xff, 0xff, 0xff, 0x0,
    0x6f, 0xff, 0xff, 0xf1, 0x8f, 0xff, 0xff, 0xf0,
    0x6, 0xff, 0xff, 0xff, 0x18, 0xff, 0xff, 0xff,
    0x0, 0x6f, 0xff, 0xff, 0xf1, 0x8f, 0xff, 0xff,
    0xf0, 0x6, 0xff, 0xff, 0xff, 0x18, 0xff, 0xff,
    0xff, 0x0, 0x6f, 0xff, 0xff, 0xf1, 0x8f, 0xff,
    0xff, 0xf0, 0x7, 0xff, 0xff, 0xff, 0x18, 0xff,
    0xff, 0xff, 0x0, 0x8f, 0xff, 0xff, 0xf1, 0x8f,
    0xff, 0xff, 0xfd, 0xcf, 0xff, 0xff, 0xff, 0x18,
    0xff, 0xff, 0xff, 0xff, 0xff, 0xff, 0xff, 0xf1,
    0x7f, 0xff, 0xff, 0xff, 0xff, 0xff, 0xff, 0xff,
    0x17, 0xff, 0xff, 0xff, 0xff, 0x9f, 0xff, 0xff,
    0xf1, 0x7f, 0xff, 0xff, 0xfd, 0x64, 0xff, 0xff,
    0xff, 0x17, 0xff, 0xff, 0xff, 0x0, 0x0, 0x0,
    0x0, 0x0, 0x7f, 0xff, 0xff, 0xf0, 0x0, 0x0,
    0x0, 0x0, 0x7, 0xff, 0xff, 0xff, 0x0, 0x0,
    0x0, 0x0, 0x0, 0x7f, 0xff, 0xff, 0xf0, 0x0,
    0x0, 0x0, 0x0, 0x7, 0xff, 0xff, 0xff, 0x0,
    0x0, 0x0, 0x0, 0x0,

    /* U+00B6 "¶" */
    0x0, 0x7c, 0xff, 0xff, 0xff, 0xf9, 0x6, 0xff,
    0xff, 0xb0, 0xcf, 0xff, 0xff, 0xff, 0xff, 0x90,
    0x6f, 0xff, 0xfb, 0x8f, 0xff, 0xff, 0xff, 0xff,
    0xf9, 0x6, 0xff, 0xff, 0xbd, 0xff, 0xff, 0xff,
    0xff, 0xff, 0x90, 0x6f, 0xff, 0xfb, 0xff, 0xff,
    0xff, 0xff, 0xff, 0xf9, 0x6, 0xff, 0xff, 0xbf,
    0xff, 0xff, 0xff, 0xff, 0xff, 0x90, 0x6f, 0xff,
    0xfb, 0xff, 0xff, 0xff, 0xff, 0xff, 0xf9, 0x6,
    0xff, 0xff, 0xbf, 0xff, 0xff, 0xff, 0xff, 0xff,
    0x90, 0x6f, 0xff, 0xfb, 0xff, 0xff, 0xff, 0xff,
    0xff, 0xf9, 0x6, 0xff, 0xff, 0xbf, 0xff, 0xff,
    0xff, 0xff, 0xff, 0x90, 0x6f, 0xff, 0xfb, 0xff,
    0xff, 0xff, 0xff, 0xff, 0xf9, 0x6, 0xff, 0xff,
    0xbf, 0xff, 0xff, 0xff, 0xff, 0xff, 0x90, 0x6f,
    0xff, 0xfb, 0xef, 0xff, 0xff, 0xff, 0xff, 0xf9,
    0x6, 0xff, 0xff, 0xbb, 0xff, 0xff, 0xff, 0xff,
    0xff, 0x90, 0x6f, 0xff, 0xfb, 0x3f, 0xff, 0xff,
    0xff, 0xff, 0xf9, 0x6, 0xff, 0xff, 0xb0, 0x5e,
    0xff, 0xff, 0xff, 0xff, 0x90, 0x6f, 0xff, 0xfb,
    0x0, 0x3, 0x66, 0xcf, 0xff, 0xf9, 0x6, 0xff,
    0xff, 0xb0, 0x0, 0x0, 0x8, 0xff, 0xff, 0x90,
    0x6f, 0xff, 0xfb, 0x0, 0x0, 0x0, 0x8f, 0xff,
    0xf9, 0x6, 0xff, 0xff, 0xb0, 0x0, 0x0, 0x8,
    0xff, 0xff, 0x90, 0x6f, 0xff, 0xfb, 0x0, 0x0,
    0x0, 0x8f, 0xff, 0xf9, 0x6, 0xff, 0xff, 0xb0,
    0x0, 0x0, 0x8, 0xff, 0xff, 0x90, 0x6f, 0xff,
    0xfb, 0x0, 0x0, 0x0, 0x8f, 0xff, 0xf9, 0x6,
    0xff, 0xff, 0xb0, 0x0, 0x0, 0x8, 0xff, 0xff,
    0x90, 0x6f, 0xff, 0xfb, 0x0, 0x0, 0x0, 0x8f,
    0xff, 0xf9, 0x6, 0xff, 0xff, 0xb0, 0x0, 0x0,
    0x8, 0xff, 0xff, 0x90, 0x6f, 0xff, 0xfb, 0x0,
    0x0, 0x0, 0x8f, 0xff, 0xf9, 0x6, 0xff, 0xff,
    0xb0, 0x0, 0x0, 0x8, 0xff, 0xff, 0x90, 0x6f,
    0xff, 0xfb, 0x0, 0x0, 0x0, 0x8f, 0xff, 0xf9,
    0x6, 0xff, 0xff, 0xb0,

    /* U+00B7 "·" */
    0x2e, 0xee, 0xee, 0xe5, 0x2f, 0xff, 0xff, 0xf6,
    0x2f, 0xff, 0xff, 0xf6, 0x2f, 0xff, 0xff, 0xf6,
    0x2f, 0xff, 0xff, 0xf6, 0x2f, 0xff, 0xff, 0xf6,

    /* U+00B8 "¸" */
    0x0, 0x7, 0xff, 0xff, 0xfa, 0x0, 0x7, 0xff,
    0xff, 0xfa, 0x0, 0x7, 0xff, 0xff, 0xfa, 0x26,
    0x6c, 0xff, 0xff, 0xfa, 0x6f, 0xff, 0xff, 0xff,
    0xf8, 0x6f, 0xff, 0xff, 0xff, 0xf3, 0x6f, 0xff,
    0xff, 0xff, 0x80, 0x6f, 0xff, 0xfe, 0xb5, 0x0,

    /* U+00B9 "¹" */
    0xaf, 0xff, 0xff, 0x6a, 0xff, 0xff, 0xf6, 0x69,
    0xef, 0xff, 0x60, 0xc, 0xff, 0xf6, 0x0, 0xcf,
    0xff, 0x60, 0xc, 0xff, 0xf6, 0x0, 0xcf, 0xff,
    0x60, 0xc, 0xff, 0xf6, 0x0, 0xcf, 0xff, 0x60,
    0xc, 0xff, 0xf6, 0x0, 0xcf, 0xff, 0x60, 0xc,
    0xff, 0xf6, 0x0, 0xcf, 0xff, 0x60,

    /* U+00BA "º" */
    0x1, 0x9e, 0xff, 0xff, 0xfc, 0x50, 0xa, 0xff,
    0xff, 0xff, 0xff, 0xf4, 0xf, 0xff, 0xfa, 0x9d,
    0xff, 0xf9, 0xf, 0xff, 0xf0, 0x5, 0xff, 0xfa,
    0xf, 0xff, 0xf0, 0x5, 0xff, 0xfa, 0xf, 0xff,
    0xf0, 0x5, 0xff, 0xfa, 0x1f, 0xff, 0xf0, 0x6,
    0xff, 0xfa, 0xf, 0xff, 0xf0, 0x5, 0xff, 0xfa,
    0xf, 0xff, 0xf0, 0x5, 0xff, 0xfa, 0xf, 0xff,
    0xf0, 0x5, 0xff, 0xf9, 0xf, 0xff, 0xfa, 0xad,
    0xff, 0xf8, 0x9, 0xff, 0xff, 0xff, 0xff, 0xf2,
    0x0, 0x9e, 0xff, 0xff, 0xfc, 0x40,

    /* U+00BB "»" */
    0x29, 0x99, 0x99, 0x70, 0x19, 0x99, 0x99, 0x70,
    0x0, 0x0, 0xaf, 0xff, 0xff, 0x60, 0xaf, 0xff,
    0xff, 0x70, 0x0, 0x1, 0xef, 0xff, 0xff, 0x20,
    0xdf, 0xff, 0xff, 0x30, 0x0, 0x4, 0xff, 0xff,
    0xfd, 0x3, 0xff, 0xff, 0xfd, 0x0, 0x0, 0x8,
    0xff, 0xff, 0xf9, 0x8, 0xff, 0xff, 0xfa, 0x0,
    0x0, 0xd, 0xff, 0xff, 0xf4, 0xc, 0xff, 0xff,
    0xf5, 0x0, 0x0, 0x9f, 0xff, 0xff, 0x80, 0x8f,
    0xff, 0xff, 0x90, 0x0, 0x4f, 0xff, 0xff, 0xd0,
    0x3f, 0xff, 0xff, 0xd0, 0x0, 0x1e, 0xff, 0xff,
    0xf2, 0xe, 0xff, 0xff, 0xf3, 0x0, 0xa, 0xff,
    0xff, 0xf6, 0xa, 0xff, 0xff, 0xf7, 0x0, 0x6,
    0xff, 0xff, 0xfa, 0x5, 0xff, 0xff, 0xfb, 0x0,
    0x2, 0xff, 0xff, 0xfe, 0x11, 0xef, 0xff, 0xfe,
    0x10, 0x0,

    /* U+00BF "¿" */
    0x0, 0x0, 0x0, 0xff, 0xff, 0xff, 0x80, 0x0,
    0x0, 0x0, 0x0, 0x0, 0xff, 0xff, 0xff, 0x80,
    0x0, 0x0, 0x0, 0x0, 0x0, 0xff, 0xff, 0xff,
    0x80, 0x0, 0x0, 0x0, 0x0, 0x0, 0xff, 0xff,
    0xff, 0x80, 0x0, 0x0, 0x0, 0x0, 0x0, 0xff,
    0xff, 0xff, 0x80, 0x0, 0x0, 0x0, 0x0, 0x0,
    0xff, 0xff, 0xff, 0x80, 0x0, 0x0, 0x0, 0x0,
    0x0, 0x44, 0x44, 0x44, 0x20, 0x0, 0x0, 0x0,
    0x0, 0x0, 0x0, 0x0, 0x0, 0x0, 0x0, 0x0,
    0x0, 0x0, 0x0, 0x23, 0x33, 0x33, 0x0, 0x0,
    0x0, 0x0, 0x0, 0x0, 0xaf, 0xff, 0xff, 0x0,
    0x0, 0x0, 0x0, 0x0, 0x0, 0xcf, 0xff, 0xff,
    0x20, 0x0, 0x0, 0x0, 0x19, 0xdf, 0xff, 0xff,
    0xff, 0x30, 0x0, 0x0, 0x2, 0xff, 0xff, 0xff,
    0xff, 0xff, 0x50, 0x0, 0x0, 0xc, 0xff, 0xff,
    0xff, 0xff, 0xff, 0x70, 0x0, 0x0, 0x1f, 0xff,
    0xff, 0xfd, 0x88, 0x88, 0x40, 0x0, 0x0, 0x3f,
    0xff, 0xff, 0xf6, 0x0, 0x0, 0x0, 0x0, 0x0,
    0x3f, 0xff, 0xff, 0xf6, 0x0, 0x48, 0x88, 0x88,
    0x80, 0x3f, 0xff, 0xff, 0xf6, 0x0, 0x9f, 0xff,
    0xff, 0xf1, 0x3f, 0xff, 0xff, 0xf6, 0x0, 0x9f,
    0xff, 0xff, 0xf1, 0x3f, 0xff, 0xff, 0xf8, 0x0,
    0xbf, 0xff, 0xff, 0xf0, 0x2f, 0xff, 0xff, 0xff,
    0xff, 0xff, 0xff, 0xff, 0xf0, 0xe, 0xff, 0xff,
    0xff, 0xff, 0xff, 0xff, 0xff, 0xb0, 0x6, 0xff,
    0xff, 0xff, 0xff, 0xff, 0xff, 0xff, 0x30, 0x0,
    0x6e, 0xff, 0xff, 0xff, 0xff, 0xff, 0xe4, 0x0,
    0x0, 0x0, 0x35, 0x66, 0x66, 0x65, 0x52, 0x0,
    0x0,

    /* U+00C0 "À" */
    0x0, 0x2b, 0xbb, 0xbb, 0xb1, 0x0, 0x0, 0x0,
    0x0, 0x0, 0x0, 0x0, 0x7f, 0xff, 0xff, 0xa0,
    0x0, 0x0, 0x0, 0x0, 0x0, 0x0, 0x0, 0x9f,
    0xff, 0xff, 0x50, 0x0, 0x0, 0x0, 0x0, 0x0,
    0x0, 0x0, 0xbf, 0xff, 0xfe, 0x10, 0x0, 0x0,
    0x0, 0x0, 0x0, 0x0, 0x0, 0xcf, 0xff, 0xf9,
    0x0, 0x0, 0x0, 0x0, 0x0, 0x0, 0x0, 0x1,
    0xdf, 0xff, 0xf4, 0x0, 0x0, 0x0, 0x0, 0x0,
    0x0, 0x0, 0x0, 0x0, 0x0, 0x0, 0x0, 0x0,
    0x0, 0x0, 0x0, 0x0, 0x0, 0x0, 0x0, 0x0,
    0x0, 0x0, 0x0, 0x0, 0x0, 0x0, 0x0, 0xdf,
    0xff, 0xff, 0xff, 0x70, 0x0, 0x0, 0x0, 0x0,
    0x0, 0x2f, 0xff, 0xff, 0xff, 0xfc, 0x0, 0x0,
    0x0, 0x0, 0x0, 0x6, 0xff, 0xff, 0xff, 0xff,
    0xf0, 0x0, 0x0, 0x0, 0x0, 0x0, 0xaf, 0xff,
    0xff, 0xff, 0xff, 0x40, 0x0, 0x0, 0x0, 0x0,
    0xe, 0xff, 0xff, 0xff, 0xff, 0xf8, 0x0, 0x0,
    0x0, 0x0, 0x2, 0xff, 0xff, 0xff, 0xff, 0xff,
    0xc0, 0x0, 0x0, 0x0, 0x0, 0x6f, 0xff, 0xff,
    0xff, 0xff, 0xff, 0x10, 0x0, 0x0, 0x0, 0xb,
    0xff, 0xff, 0xfc, 0xff, 0xff, 0xf5, 0x0, 0x0,
    0x0, 0x0, 0xff, 0xff, 0xff, 0x6f, 0xff, 0xff,
    0x90, 0x0, 0x0, 0x0, 0x3f, 0xff, 0xff, 0xb2,
    0xff, 0xff, 0xfd, 0x0, 0x0, 0x0, 0x7, 0xff,
    0xff, 0xf8, 0xe, 0xff, 0xff, 0xf1, 0x0, 0x0,
    0x0, 0xbf, 0xff, 0xff, 0x40, 0xbf, 0xff, 0xff,
    0x50, 0x0, 0x0, 0xf, 0xff, 0xff, 0xf1, 0x8,
    0xff, 0xff, 0xfa, 0x0, 0x0, 0x4, 0xff, 0xff,
    0xfd, 0x0, 0x4f, 0xff, 0xff, 0xe0, 0x0, 0x0,
    0x8f, 0xff, 0xff, 0xa0, 0x1, 0xff, 0xff, 0xff,
    0x20, 0x0, 0xc, 0xff, 0xff, 0xfd, 0xbb, 0xbf,
    0xff, 0xff, 0xf6, 0x0, 0x0, 0xff, 0xff, 0xff,
    0xff, 0xff, 0xff, 0xff, 0xff, 0xa0, 0x0, 0x4f,
    0xff, 0xff, 0xff, 0xff, 0xff, 0xff, 0xff, 0xfe,
    0x0, 0x9, 0xff, 0xff, 0xff, 0xff, 0xff, 0xff,
    0xff, 0xff, 0xf3, 0x0, 0xdf, 0xff, 0xff, 0xff,
    0xff, 0xff, 0xff, 0xff, 0xff, 0x70, 0x1f, 0xff,
    0xff, 0xf4, 0x0, 0x0, 0xc, 0xff, 0xff, 0xfb,
    0x5, 0xff, 0xff, 0xff, 0x10, 0x0, 0x0, 0x9f,
    0xff, 0xff, 0xf0, 0x9f, 0xff, 0xff, 0xd0, 0x0,
    0x0, 0x5, 0xff, 0xff, 0xff, 0x4d, 0xff, 0xff,
    0xfa, 0x0, 0x0, 0x0, 0x2f, 0xff, 0xff, 0xf8,

    /* U+00C1 "Á" */
    0x0, 0x0, 0x0, 0x0, 0x0, 0x7, 0xbb, 0xbb,
    0xb8, 0x0, 0x0, 0x0, 0x0, 0x0, 0x0, 0x3,
    0xff, 0xff, 0xfd, 0x10, 0x0, 0x0, 0x0, 0x0,
    0x0, 0x0, 0xdf, 0xff, 0xfe, 0x20, 0x0, 0x0,
    0x0, 0x0, 0x0, 0x0, 0x8f, 0xff, 0xff, 0x30,
    0x0, 0x0, 0x0, 0x0, 0x0, 0x0, 0x3f, 0xff,
    0xff, 0x40, 0x0, 0x0, 0x0, 0x0, 0x0, 0x0,
    0xc, 0xff, 0xff, 0x60, 0x0, 0x0, 0x0, 0x0,
    0x0, 0x0, 0x0, 0x0, 0x0, 0x0, 0x0, 0x0,
    0x0, 0x0, 0x0, 0x0, 0x0, 0x0, 0x0, 0x0,
    0x0, 0x0, 0x0, 0x0, 0x0, 0x0, 0x0, 0xdf,
    0xff, 0xff, 0xff, 0x70, 0x0, 0x0, 0x0, 0x0,
    0x0, 0x2f, 0xff, 0xff, 0xff, 0xfc, 0x0, 0x0,
    0x0, 0x0, 0x0, 0x6, 0xff, 0xff, 0xff, 0xff,
    0xf0, 0x0, 0x0, 0x0, 0x0, 0x0, 0xaf, 0xff,
    0xff, 0xff, 0xff, 0x40, 0x0, 0x0, 0x0, 0x0,
    0xe, 0xff, 0xff, 0xff, 0xff, 0xf8, 0x0, 0x0,
    0x0, 0x0, 0x2, 0xff, 0xff, 0xff, 0xff, 0xff,
    0xc0, 0x0, 0x0, 0x0, 0x0, 0x6f, 0xff, 0xff,
    0xff, 0xff, 0xff, 0x10, 0x0, 0x0, 0x0, 0xb,
    0xff, 0xff, 0xfc, 0xff, 0xff, 0xf5, 0x0, 0x0,
    0x0, 0x0, 0xff, 0xff, 0xff, 0x6f, 0xff, 0xff,
    0x90, 0x0, 0x0, 0x0, 0x3f, 0xff, 0xff, 0xb2,
    0xff, 0xff, 0xfd, 0x0, 0x0, 0x0, 0x7, 0xff,
    0xff, 0xf8, 0xe, 0xff, 0xff, 0xf1, 0x0, 0x0,
    0x0, 0xbf, 0xff, 0xff, 0x40, 0xbf, 0xff, 0xff,
    0x50, 0x0, 0x0, 0xf, 0xff, 0xff, 0xf1, 0x8,
    0xff, 0xff, 0xfa, 0x0, 0x0, 0x4, 0xff, 0xff,
    0xfd, 0x0, 0x4f, 0xff, 0xff, 0xe0, 0x0, 0x0,
    0x8f, 0xff, 0xff, 0xa0, 0x1, 0xff, 0xff, 0xff,
    0x20, 0x0, 0xc, 0xff, 0xff, 0xfd, 0xbb, 0xbf,
    0xff, 0xff, 0xf6, 0x0, 0x0, 0xff, 0xff, 0xff,
    0xff, 0xff, 0xff, 0xff, 0xff, 0xa0, 0x0, 0x4f,
    0xff, 0xff, 0xff, 0xff, 0xff, 0xff, 0xff, 0xfe,
    0x0, 0x9, 0xff, 0xff, 0xff, 0xff, 0xff, 0xff,
    0xff, 0xff, 0xf3, 0x0, 0xdf, 0xff, 0xff, 0xff,
    0xff, 0xff, 0xff, 0xff, 0xff, 0x70, 0x1f, 0xff,
    0xff, 0xf4, 0x0, 0x0, 0xc, 0xff, 0xff, 0xfb,
    0x5, 0xff, 0xff, 0xff, 0x10, 0x0, 0x0, 0x9f,
    0xff, 0xff, 0xf0, 0x9f, 0xff, 0xff, 0xd0, 0x0,
    0x0, 0x5, 0xff, 0xff, 0xff, 0x4d, 0xff, 0xff,
    0xfa, 0x0, 0x0, 0x0, 0x2f, 0xff, 0xff, 0xf8,

    /* U+00C2 "Â" */
    0x0, 0x0, 0x0, 0xa, 0xbb, 0xbb, 0xb6, 0x0,
    0x0, 0x0, 0x0, 0x0, 0x0, 0xb, 0xff, 0xff,
    0xff, 0xf4, 0x0, 0x0, 0x0, 0x0, 0x0, 0x9,
    0xff, 0xff, 0xff, 0xff, 0xf3, 0x0, 0x0, 0x0,
    0x0, 0x7, 0xff, 0xff, 0xfb, 0xff, 0xff, 0xe2,
    0x0, 0x0, 0x0, 0x5, 0xff, 0xff, 0xf6, 0xc,
    0xff, 0xff, 0xd1, 0x0, 0x0, 0x4, 0xff, 0xff,
    0xfa, 0x0, 0x2f, 0xff, 0xff, 0xc0, 0x0, 0x0,
    0x0, 0x0, 0x0, 0x0, 0x0, 0x0, 0x0, 0x0,
    0x0, 0x0, 0x0, 0x0, 0x0, 0x0, 0x0, 0x0,
    0x0, 0x0, 0x0, 0x0, 0x0, 0x0, 0x0, 0xdf,
    0xff, 0xff, 0xff, 0x70, 0x0, 0x0, 0x0, 0x0,
    0x0, 0x2f, 0xff, 0xff, 0xff, 0xfc, 0x0, 0x0,
    0x0, 0x0, 0x0, 0x6, 0xff, 0xff, 0xff, 0xff,
    0xf0, 0x0, 0x0, 0x0, 0x0, 0x0, 0xaf, 0xff,
    0xff, 0xff, 0xff, 0x40, 0x0, 0x0, 0x0, 0x0,
    0xe, 0xff, 0xff, 0xff, 0xff, 0xf8, 0x0, 0x0,
    0x0, 0x0, 0x2, 0xff, 0xff, 0xff, 0xff, 0xff,
    0xc0, 0x0, 0x0, 0x0, 0x0, 0x6f, 0xff, 0xff,
    0xff, 0xff, 0xff, 0x10, 0x0, 0x0, 0x0, 0xb,
    0xff, 0xff, 0xfc, 0xff, 0xff, 0xf5, 0x0, 0x0,
    0x0, 0x0, 0xff, 0xff, 0xff, 0x6f, 0xff, 0xff,
    0x90, 0x0, 0x0, 0x0, 0x3f, 0xff, 0xff, 0xb2,
    0xff, 0xff, 0xfd, 0x0, 0x0, 0x0, 0x7, 0xff,
    0xff, 0xf8, 0xe, 0xff, 0xff, 0xf1, 0x0, 0x0,
    0x0, 0xbf, 0xff, 0xff, 0x40, 0xbf, 0xff, 0xff,
    0x50, 0x0, 0x0, 0xf, 0xff, 0xff, 0xf1, 0x8,
    0xff, 0xff, 0xfa, 0x0, 0x0, 0x4, 0xff, 0xff,
    0xfd, 0x0, 0x4f, 0xff, 0xff, 0xe0, 0x0, 0x0,
    0x8f, 0xff, 0xff, 0xa0, 0x1, 0xff, 0xff, 0xff,
    0x20, 0x0, 0xc, 0xff, 0xff, 0xfd, 0xbb, 0xbf,
    0xff, 0xff, 0xf6, 0x0, 0x0, 0xff, 0xff, 0xff,
    0xff, 0xff, 0xff, 0xff, 0xff, 0xa0, 0x0, 0x4f,
    0xff, 0xff, 0xff, 0xff, 0xff, 0xff, 0xff, 0xfe,
    0x0, 0x9, 0xff, 0xff, 0xff, 0xff, 0xff, 0xff,
    0xff, 0xff, 0xf3, 0x0, 0xdf, 0xff, 0xff, 0xff,
    0xff, 0xff, 0xff, 0xff, 0xff, 0x70, 0x1f, 0xff,
    0xff, 0xf4, 0x0, 0x0, 0xc, 0xff, 0xff, 0xfb,
    0x5, 0xff, 0xff, 0xff, 0x10, 0x0, 0x0, 0x9f,
    0xff, 0xff, 0xf0, 0x9f, 0xff, 0xff, 0xd0, 0x0,
    0x0, 0x5, 0xff, 0xff, 0xff, 0x4d, 0xff, 0xff,
    0xfa, 0x0, 0x0, 0x0, 0x2f, 0xff, 0xff, 0xf8,

    /* U+00C3 "Ã" */
    0x0, 0x1, 0x8a, 0xba, 0x60, 0x0, 0x9b, 0xbb,
    0xb3, 0x0, 0x0, 0x0, 0xef, 0xff, 0xff, 0xd3,
    0xd, 0xff, 0xff, 0x50, 0x0, 0x0, 0x6f, 0xff,
    0xff, 0xff, 0xfc, 0xff, 0xff, 0xf5, 0x0, 0x0,
    0x9, 0xff, 0xff, 0xff, 0xff, 0xff, 0xff, 0xff,
    0x30, 0x0, 0x0, 0x9f, 0xff, 0xfa, 0x1a, 0xff,
    0xff, 0xff, 0xe0, 0x0, 0x0, 0x9, 0xff, 0xff,
    0x80, 0x4, 0xcf, 0xfe, 0xb2, 0x0, 0x0, 0x0,
    0x0, 0x0, 0x0, 0x0, 0x0, 0x0, 0x0, 0x0,
    0x0, 0x0, 0x0, 0x0, 0x0, 0x0, 0x0, 0x0,
    0x0, 0x0, 0x0, 0x0, 0x0, 0x0, 0x0, 0xdf,
    0xff, 0xff, 0xff, 0x70, 0x0, 0x0, 0x0, 0x0,
    0x0, 0x2f, 0xff, 0xff, 0xff, 0xfc, 0x0, 0x0,
    0x0, 0x0, 0x0, 0x6, 0xff, 0xff, 0xff, 0xff,
    0xf0, 0x0, 0x0, 0x0, 0x0, 0x0, 0xaf, 0xff,
    0xff, 0xff, 0xff, 0x40, 0x0, 0x0, 0x0, 0x0,
    0xe, 0xff, 0xff, 0xff, 0xff, 0xf8, 0x0, 0x0,
    0x0, 0x0, 0x2, 0xff, 0xff, 0xff, 0xff, 0xff,
    0xc0, 0x0, 0x0, 0x0, 0x0, 0x6f, 0xff, 0xff,
    0xff, 0xff, 0xff, 0x10, 0x0, 0x0, 0x0, 0xb,
    0xff, 0xff, 0xfc, 0xff, 0xff, 0xf5, 0x0, 0x0,
    0x0, 0x0, 0xff, 0xff, 0xff, 0x6f, 0xff, 0xff,
    0x90, 0x0, 0x0, 0x0, 0x3f, 0xff, 0xff, 0xb2,
    0xff, 0xff, 0xfd, 0x0, 0x0, 0x0, 0x7, 0xff,
    0xff, 0xf8, 0xe, 0xff, 0xff, 0xf1, 0x0, 0x0,
    0x0, 0xbf, 0xff, 0xff, 0x40, 0xbf, 0xff, 0xff,
    0x50, 0x0, 0x0, 0xf, 0xff, 0xff, 0xf1, 0x8,
    0xff, 0xff, 0xfa, 0x0, 0x0, 0x4, 0xff, 0xff,
    0xfd, 0x0, 0x4f, 0xff, 0xff, 0xe0, 0x0, 0x0,
    0x8f, 0xff, 0xff, 0xa0, 0x1, 0xff, 0xff, 0xff,
    0x20, 0x0, 0xc, 0xff, 0xff, 0xfd, 0xbb, 0xbf,
    0xff, 0xff, 0xf6, 0x0, 0x0, 0xff, 0xff, 0xff,
    0xff, 0xff, 0xff, 0xff, 0xff, 0xa0, 0x0, 0x4f,
    0xff, 0xff, 0xff, 0xff, 0xff, 0xff, 0xff, 0xfe,
    0x0, 0x9, 0xff, 0xff, 0xff, 0xff, 0xff, 0xff,
    0xff, 0xff, 0xf3, 0x0, 0xdf, 0xff, 0xff, 0xff,
    0xff, 0xff, 0xff, 0xff, 0xff, 0x70, 0x1f, 0xff,
    0xff, 0xf4, 0x0, 0x0, 0xc, 0xff, 0xff, 0xfb,
    0x5, 0xff, 0xff, 0xff, 0x10, 0x0, 0x0, 0x9f,
    0xff, 0xff, 0xf0, 0x9f, 0xff, 0xff, 0xd0, 0x0,
    0x0, 0x5, 0xff, 0xff, 0xff, 0x4d, 0xff, 0xff,
    0xfa, 0x0, 0x0, 0x0, 0x2f, 0xff, 0xff, 0xf8,

    /* U+00C4 "Ä" */
    0x0, 0x2f, 0xff, 0xff, 0x90, 0x0, 0xff, 0xff,
    0xfb, 0x0, 0x0, 0x2, 0xff, 0xff, 0xfa, 0x0,
    0xf, 0xff, 0xff, 0xc0, 0x0, 0x0, 0x2f, 0xff,
    0xff, 0xa0, 0x0, 0xff, 0xff, 0xfc, 0x0, 0x0,
    0x2, 0xff, 0xff, 0xfa, 0x0, 0xf, 0xff, 0xff,
    0xc0, 0x0, 0x0, 0x2f, 0xff, 0xff, 0xa0, 0x0,
    0xff, 0xff, 0xfc, 0x0, 0x0, 0x0, 0x0, 0x0,
    0x0, 0x0, 0x0, 0x0, 0x0, 0x0, 0x0, 0x0,
    0x0, 0x0, 0x0, 0x0, 0x0, 0x0, 0x0, 0x0,
    0x0, 0x0, 0x0, 0x0, 0xd, 0xff, 0xff, 0xff,
    0xf7, 0x0, 0x0, 0x0, 0x0, 0x0, 0x2, 0xff,
    0xff, 0xff, 0xff, 0xc0, 0x0, 0x0, 0x0, 0x0,
    0x0, 0x6f, 0xff, 0xff, 0xff, 0xff, 0x0, 0x0,
    0x0, 0x0, 0x0, 0xa, 0xff, 0xff, 0xff, 0xff,
    0xf4, 0x0, 0x0, 0x0, 0x0, 0x0, 0xef, 0xff,
    0xff, 0xff, 0xff, 0x80, 0x0, 0x0, 0x0, 0x0,
    0x2f, 0xff, 0xff, 0xff, 0xff, 0xfc, 0x0, 0x0,
    0x0, 0x0, 0x6, 0xff, 0xff, 0xff, 0xff, 0xff,
    0xf1, 0x0, 0x0, 0x0, 0x0, 0xbf, 0xff, 0xff,
    0xcf, 0xff, 0xff, 0x50, 0x0, 0x0, 0x0, 0xf,
    0xff, 0xff, 0xf6, 0xff, 0xff, 0xf9, 0x0, 0x0,
    0x0, 0x3, 0xff, 0xff, 0xfb, 0x2f, 0xff, 0xff,
    0xd0, 0x0, 0x0, 0x0, 0x7f, 0xff, 0xff, 0x80,
    0xef, 0xff, 0xff, 0x10, 0x0, 0x0, 0xb, 0xff,
    0xff, 0xf4, 0xb, 0xff, 0xff, 0xf5, 0x0, 0x0,
    0x0, 0xff, 0xff, 0xff, 0x10, 0x8f, 0xff, 0xff,
    0xa0, 0x0, 0x0, 0x4f, 0xff, 0xff, 0xd0, 0x4,
    0xff, 0xff, 0xfe, 0x0, 0x0, 0x8, 0xff, 0xff,
    0xfa, 0x0, 0x1f, 0xff, 0xff, 0xf2, 0x0, 0x0,
    0xcf, 0xff, 0xff, 0xdb, 0xbb, 0xff, 0xff, 0xff,
    0x60, 0x0, 0xf, 0xff, 0xff, 0xff, 0xff, 0xff,
    0xff, 0xff, 0xfa, 0x0, 0x4, 0xff, 0xff, 0xff,
    0xff, 0xff, 0xff, 0xff, 0xff, 0xe0, 0x0, 0x9f,
    0xff, 0xff, 0xff, 0xff, 0xff, 0xff, 0xff, 0xff,
    0x30, 0xd, 0xff, 0xff, 0xff, 0xff, 0xff, 0xff,
    0xff, 0xff, 0xf7, 0x1, 0xff, 0xff, 0xff, 0x40,
    0x0, 0x0, 0xcf, 0xff, 0xff, 0xb0, 0x5f, 0xff,
    0xff, 0xf1, 0x0, 0x0, 0x9, 0xff, 0xff, 0xff,
    0x9, 0xff, 0xff, 0xfd, 0x0, 0x0, 0x0, 0x5f,
    0xff, 0xff, 0xf4, 0xdf, 0xff, 0xff, 0xa0, 0x0,
    0x0, 0x2, 0xff, 0xff, 0xff, 0x80,

    /* U+00C5 "Å" */
    0x0, 0x0, 0x1, 0xae, 0xff, 0xff, 0xfd, 0x70,
    0x0, 0x0, 0x0, 0x0, 0x0, 0xcf, 0xff, 0xff,
    0xff, 0xff, 0x60, 0x0, 0x0, 0x0, 0x0, 0x1f,
    0xff, 0xfc, 0xbd, 0xff, 0xfc, 0x0, 0x0, 0x0,
    0x0, 0x2, 0xff, 0xfd, 0x0, 0x3f, 0xff, 0xd0,
    0x0, 0x0, 0x0, 0x0, 0x1f, 0xff, 0xfb, 0xbd,
    0xff, 0xfc, 0x0, 0x0, 0x0, 0x0, 0x0, 0xcf,
    0xff, 0xff, 0xff, 0xff, 0x60, 0x0, 0x0, 0x0,
    0x0, 0x1, 0xae, 0xff, 0xff, 0xfd, 0x70, 0x0,
    0x0, 0x0, 0x0, 0x0, 0x0, 0x0, 0x0, 0x0,
    0x0, 0x0, 0x0, 0x0, 0x0, 0x0, 0x0, 0x0,
    0x0, 0x0, 0x0, 0x0, 0x0, 0x0, 0x0, 0x0,
    0x0, 0xd, 0xff, 0xff, 0xff, 0xf7, 0x0, 0x0,
    0x0, 0x0, 0x0, 0x2, 0xff, 0xff, 0xff, 0xff,
    0xc0, 0x0, 0x0, 0x0, 0x0, 0x0, 0x6f, 0xff,
    0xff, 0xff, 0xff, 0x0, 0x0, 0x0, 0x0, 0x0,
    0xa, 0xff, 0xff, 0xff, 0xff, 0xf4, 0x0, 0x0,
    0x0, 0x0, 0x0, 0xef, 0xff, 0xff, 0xff, 0xff,
    0x80, 0x0, 0x0, 0x0, 0x0, 0x2f, 0xff, 0xff,
    0xff, 0xff, 0xfc, 0x0, 0x0, 0x0, 0x0, 0x6,
    0xff, 0xff, 0xff, 0xff, 0xff, 0xf1, 0x0, 0x0,
    0x0, 0x0, 0xbf, 0xff, 0xff, 0xcf, 0xff, 0xff,
    0x50, 0x0, 0x0, 0x0, 0xf, 0xff, 0xff, 0xf6,
    0xff, 0xff, 0xf9, 0x0, 0x0, 0x0, 0x3, 0xff,
    0xff, 0xfb, 0x2f, 0xff, 0xff, 0xd0, 0x0, 0x0,
    0x0, 0x7f, 0xff, 0xff, 0x80, 0xef, 0xff, 0xff,
    0x10, 0x0, 0x0, 0xb, 0xff, 0xff, 0xf4, 0xb,
    0xff, 0xff, 0xf5, 0x0, 0x0, 0x0, 0xff, 0xff,
    0xff, 0x10, 0x8f, 0xff, 0xff, 0xa0, 0x0, 0x0,
    0x4f, 0xff, 0xff, 0xd0, 0x4, 0xff, 0xff, 0xfe,
    0x0, 0x0, 0x8, 0xff, 0xff, 0xfa, 0x0, 0x1f,
    0xff, 0xff, 0xf2, 0x0, 0x0, 0xcf, 0xff, 0xff,
    0xdb, 0xbb, 0xff, 0xff, 0xff, 0x60, 0x0, 0xf,
    0xff, 0xff, 0xff, 0xff, 0xff, 0xff, 0xff, 0xfa,
    0x0, 0x4, 0xff, 0xff, 0xff, 0xff, 0xff, 0xff,
    0xff, 0xff, 0xe0, 0x0, 0x9f, 0xff, 0xff, 0xff,
    0xff, 0xff, 0xff, 0xff, 0xff, 0x30, 0xd, 0xff,
    0xff, 0xff, 0xff, 0xff, 0xff, 0xff, 0xff, 0xf7,
    0x1, 0xff, 0xff, 0xff, 0x40, 0x0, 0x0, 0xcf,
    0xff, 0xff, 0xb0, 0x5f, 0xff, 0xff, 0xf1, 0x0,
    0x0, 0x9, 0xff, 0xff, 0xff, 0x9, 0xff, 0xff,
    0xfd, 0x0, 0x0, 0x0, 0x5f, 0xff, 0xff, 0xf4,
    0xdf, 0xff, 0xff, 0xa0, 0x0, 0x0, 0x2, 0xff,
    0xff, 0xff, 0x80,

    /* U+00C6 "Æ" */
    0x0, 0x0, 0x0, 0x0, 0x8, 0xff, 0xff, 0xff,
    0xff, 0xff, 0xff, 0xff, 0xff, 0xff, 0x40, 0x0,
    0x0, 0x0, 0x0, 0xef, 0xff, 0xff, 0xff, 0xff,
    0xff, 0xff, 0xff, 0xff, 0xf4, 0x0, 0x0, 0x0,
    0x0, 0x5f, 0xff, 0xff, 0xff, 0xff, 0xff, 0xff,
    0xff, 0xff, 0xff, 0x40, 0x0, 0x0, 0x0, 0xb,
    0xff, 0xff, 0xff, 0xff, 0xff, 0xff, 0xff, 0xff,
    0xff, 0xf4, 0x0, 0x0, 0x0, 0x2, 0xff, 0xff,
    0xfd, 0xff, 0xff, 0xff, 0xdc, 0xcc, 0xcc, 0xcc,
    0x30, 0x0, 0x0, 0x0, 0x8f, 0xff, 0xff, 0x8f,
    0xff, 0xff, 0xf4, 0x0, 0x0, 0x0, 0x0, 0x0,
    0x0, 0x0, 0xe, 0xff, 0xff, 0xf2, 0xff, 0xff,
    0xff, 0x40, 0x0, 0x0, 0x0, 0x0, 0x0, 0x0,
    0x5, 0xff, 0xff, 0xfc, 0xf, 0xff, 0xff, 0xf4,
    0x0, 0x0, 0x0, 0x0, 0x0, 0x0, 0x0, 0xbf,
    0xff, 0xff, 0x60, 0xff, 0xff, 0xff, 0x40, 0x0,
    0x0, 0x0, 0x0, 0x0, 0x0, 0x2f, 0xff, 0xff,
    0xf0, 0xf, 0xff, 0xff, 0xfd, 0xcc, 0xcc, 0xcc,
    0x20, 0x0, 0x0, 0x8, 0xff, 0xff, 0xf9, 0x0,
    0xff, 0xff, 0xff, 0xff, 0xff, 0xff, 0xf2, 0x0,
    0x0, 0x0, 0xef, 0xff, 0xff, 0x30, 0xf, 0xff,
    0xff, 0xff, 0xff, 0xff, 0xff, 0x20, 0x0, 0x0,
    0x5f, 0xff, 0xff, 0xd0, 0x0, 0xff, 0xff, 0xff,
    0xff, 0xff, 0xff, 0xf2, 0x0, 0x0, 0xc, 0xff,
    0xff, 0xf7, 0x0, 0xf, 0xff, 0xff, 0xff, 0xff,
    0xff, 0xff, 0x20, 0x0, 0x2, 0xff, 0xff, 0xff,
    0x10, 0x0, 0xff, 0xff, 0xff, 0x40, 0x0, 0x0,
    0x0, 0x0, 0x0, 0x9f, 0xff, 0xff, 0xff, 0xff,
    0xff, 0xff, 0xff, 0xf4, 0x0, 0x0, 0x0, 0x0,
    0x0, 0xf, 0xff, 0xff, 0xff, 0xff, 0xff, 0xff,
    0xff, 0xff, 0x40, 0x0, 0x0, 0x0, 0x0, 0x6,
    0xff, 0xff, 0xff, 0xff, 0xff, 0xff, 0xff, 0xff,
    0xf4, 0x0, 0x0, 0x0, 0x0, 0x0, 0xcf, 0xff,
    0xff, 0xff, 0xff, 0xff, 0xff, 0xff, 0xff, 0x40,
    0x0, 0x0, 0x0, 0x0, 0x2f, 0xff, 0xff, 0xfb,
    0xbb, 0xbb, 0xbf, 0xff, 0xff, 0xfc, 0xbb, 0xbb,
    0xbb, 0xb6, 0x9, 0xff, 0xff, 0xfd, 0x0, 0x0,
    0x0, 0xff, 0xff, 0xff, 0xff, 0xff, 0xff, 0xff,
    0x90, 0xff, 0xff, 0xff, 0x70, 0x0, 0x0, 0xf,
    0xff, 0xff, 0xff, 0xff, 0xff, 0xff, 0xf9, 0x6f,
    0xff, 0xff, 0xf1, 0x0, 0x0, 0x0, 0xff, 0xff,
    0xff, 0xff, 0xff, 0xff, 0xff, 0x9c, 0xff, 0xff,
    0xfb, 0x0, 0x0, 0x0, 0xf, 0xff, 0xff, 0xff,
    0xff, 0xff, 0xff, 0xf9,

    /* U+00C7 "Ç" */
    0x0, 0x5b, 0xef, 0xff, 0xff, 0xff, 0xec, 0x60,
    0x0, 0x9f, 0xff, 0xff, 0xff, 0xff, 0xff, 0xff,
    0xb0, 0x3f, 0xff, 0xff, 0xff, 0xff, 0xff, 0xff,
    0xff, 0x68, 0xff, 0xff, 0xff, 0xff, 0xff, 0xff,
    0xff, 0xfb, 0xaf, 0xff, 0xff, 0xf7, 0x76, 0xff,
    0xff, 0xff, 0xda, 0xff, 0xff, 0xff, 0x0, 0xc,
    0xff, 0xff, 0xfd, 0xaf, 0xff, 0xff, 0xf0, 0x0,
    0xcf, 0xff, 0xff, 0xda, 0xff, 0xff, 0xff, 0x0,
    0xc, 0xff, 0xff, 0xfd, 0xaf, 0xff, 0xff, 0xf0,
    0x0, 0xcf, 0xff, 0xff, 0xda, 0xff, 0xff, 0xff,
    0x0, 0x0, 0x0, 0x0, 0x0, 0xaf, 0xff, 0xff,
    0xf0, 0x0, 0x0, 0x0, 0x0, 0xa, 0xff, 0xff,
    0xff, 0x0, 0x0, 0x0, 0x0, 0x0, 0xaf, 0xff,
    0xff, 0xf0, 0x0, 0x0, 0x0, 0x0, 0xa, 0xff,
    0xff, 0xff, 0x0, 0x0, 0x0, 0x0, 0x0, 0xaf,
    0xff, 0xff, 0xf0, 0x0, 0x0, 0x0, 0x0, 0xa,
    0xff, 0xff, 0xff, 0x0, 0xa, 0xdd, 0xdd, 0xdb,
    0xaf, 0xff, 0xff, 0xf0, 0x0, 0xcf, 0xff, 0xff,
    0xda, 0xff, 0xff, 0xff, 0x0, 0xc, 0xff, 0xff,
    0xfd, 0xaf, 0xff, 0xff, 0xf0, 0x0, 0xcf, 0xff,
    0xff, 0xda, 0xff, 0xff, 0xff, 0x77, 0x6f, 0xff,
    0xff, 0xfd, 0x8f, 0xff, 0xff, 0xff, 0xff, 0xff,
    0xff, 0xff, 0xb3, 0xff, 0xff, 0xff, 0xff, 0xff,
    0xff, 0xff, 0xf6, 0x9, 0xff, 0xff, 0xff, 0xff,
    0xff, 0xff, 0xfb, 0x0, 0x5, 0xbe, 0xff, 0xff,
    0xff, 0xfe, 0xc6, 0x0, 0x0, 0x0, 0x0, 0x0,
    0x0, 0x0, 0x0, 0x0, 0x0, 0x0, 0x0, 0x13,
    0x33, 0x33, 0x10, 0x0, 0x0, 0x0, 0x0, 0x8,
    0xff, 0xff, 0xf8, 0x0, 0x0, 0x0, 0x0, 0x0,
    0x8f, 0xff, 0xff, 0x80, 0x0, 0x0, 0x0, 0x0,
    0x8, 0xff, 0xff, 0xf8, 0x0, 0x0, 0x0, 0x3,
    0x66, 0xdf, 0xff, 0xff, 0x80, 0x0, 0x0, 0x0,
    0x8f, 0xff, 0xff, 0xff, 0xf6, 0x0, 0x0, 0x0,
    0x8, 0xff, 0xff, 0xff, 0xff, 0x10, 0x0, 0x0,
    0x0, 0x8f, 0xff, 0xff, 0xff, 0x60, 0x0, 0x0,
    0x0, 0x8, 0xff, 0xff, 0xea, 0x40, 0x0, 0x0,
    0x0,

    /* U+00C8 "È" */
    0x4b, 0xbb, 0xbb, 0xb0, 0x0, 0x0, 0x0, 0x0,
    0x9, 0xff, 0xff, 0xf9, 0x0, 0x0, 0x0, 0x0,
    0x0, 0xbf, 0xff, 0xff, 0x30, 0x0, 0x0, 0x0,
    0x0, 0xc, 0xff, 0xff, 0xd0, 0x0, 0x0, 0x0,
    0x0, 0x1, 0xdf, 0xff, 0xf8, 0x0, 0x0, 0x0,
    0x0, 0x0, 0x2e, 0xff, 0xff, 0x20, 0x0, 0x0,
    0x0, 0x0, 0x0, 0x0, 0x0, 0x0, 0x0, 0x0,
    0x0, 0x0, 0x0, 0x0, 0x0, 0x0, 0x0, 0x0,
    0x7f, 0xff, 0xff, 0xff, 0xff, 0xff, 0xff, 0xf2,
    0x7f, 0xff, 0xff, 0xff, 0xff, 0xff, 0xff, 0xf2,
    0x7f, 0xff, 0xff, 0xff, 0xff, 0xff, 0xff, 0xf2,
    0x7f, 0xff, 0xff, 0xff, 0xff, 0xff, 0xff, 0xf2,
    0x7f, 0xff, 0xff, 0xfc, 0xcc, 0xcc, 0xcc, 0xc1,
    0x7f, 0xff, 0xff, 0xf2, 0x0, 0x0, 0x0, 0x0,
    0x7f, 0xff, 0xff, 0xf2, 0x0, 0x0, 0x0, 0x0,
    0x7f, 0xff, 0xff, 0xf2, 0x0, 0x0, 0x0, 0x0,
    0x7f, 0xff, 0xff, 0xf2, 0x0, 0x0, 0x0, 0x0,
    0x7f, 0xff, 0xff, 0xfc, 0xcc, 0xcc, 0xcc, 0x0,
    0x7f, 0xff, 0xff, 0xff, 0xff, 0xff, 0xff, 0x0,
    0x7f, 0xff, 0xff, 0xff, 0xff, 0xff, 0xff, 0x0,
    0x7f, 0xff, 0xff, 0xff, 0xff, 0xff, 0xff, 0x0,
    0x7f, 0xff, 0xff, 0xff, 0xff, 0xff, 0xff, 0x0,
    0x7f, 0xff, 0xff, 0xf2, 0x0, 0x0, 0x0, 0x0,
    0x7f, 0xff, 0xff, 0xf2, 0x0, 0x0, 0x0, 0x0,
    0x7f, 0xff, 0xff, 0xf2, 0x0, 0x0, 0x0, 0x0,
    0x7f, 0xff, 0xff, 0xf2, 0x0, 0x0, 0x0, 0x0,
    0x7f, 0xff, 0xff, 0xf2, 0x0, 0x0, 0x0, 0x0,
    0x7f, 0xff, 0xff, 0xfc, 0xcc, 0xcc, 0xcc, 0xc5,
    0x7f, 0xff, 0xff, 0xff, 0xff, 0xff, 0xff, 0xf7,
    0x7f, 0xff, 0xff, 0xff, 0xff, 0xff, 0xff, 0xf7,
    0x7f, 0xff, 0xff, 0xff, 0xff, 0xff, 0xff, 0xf7,
    0x7f, 0xff, 0xff, 0xff, 0xff, 0xff, 0xff, 0xf7,

    /* U+00C9 "É" */
    0x0, 0x0, 0x0, 0x0, 0x3b, 0xbb, 0xbb, 0xb1,
    0x0, 0x0, 0x0, 0x0, 0xdf, 0xff, 0xff, 0x50,
    0x0, 0x0, 0x0, 0x7, 0xff, 0xff, 0xf7, 0x0,
    0x0, 0x0, 0x0, 0x2f, 0xff, 0xff, 0x90, 0x0,
    0x0, 0x0, 0x0, 0xcf, 0xff, 0xfa, 0x0, 0x0,
    0x0, 0x0, 0x6, 0xff, 0xff, 0xc0, 0x0, 0x0,
    0x0, 0x0, 0x0, 0x0, 0x0, 0x0, 0x0, 0x0,
    0x0, 0x0, 0x0, 0x0, 0x0, 0x0, 0x0, 0x0,
    0x7f, 0xff, 0xff, 0xff, 0xff, 0xff, 0xff, 0xf2,
    0x7f, 0xff, 0xff, 0xff, 0xff, 0xff, 0xff, 0xf2,
    0x7f, 0xff, 0xff, 0xff, 0xff, 0xff, 0xff, 0xf2,
    0x7f, 0xff, 0xff, 0xff, 0xff, 0xff, 0xff, 0xf2,
    0x7f, 0xff, 0xff, 0xfc, 0xcc, 0xcc, 0xcc, 0xc1,
    0x7f, 0xff, 0xff, 0xf2, 0x0, 0x0, 0x0, 0x0,
    0x7f, 0xff, 0xff, 0xf2, 0x0, 0x0, 0x0, 0x0,
    0x7f, 0xff, 0xff, 0xf2, 0x0, 0x0, 0x0, 0x0,
    0x7f, 0xff, 0xff, 0xf2, 0x0, 0x0, 0x0, 0x0,
    0x7f, 0xff, 0xff, 0xfc, 0xcc, 0xcc, 0xcc, 0x0,
    0x7f, 0xff, 0xff, 0xff, 0xff, 0xff, 0xff, 0x0,
    0x7f, 0xff, 0xff, 0xff, 0xff, 0xff, 0xff, 0x0,
    0x7f, 0xff, 0xff, 0xff, 0xff, 0xff, 0xff, 0x0,
    0x7f, 0xff, 0xff, 0xff, 0xff, 0xff, 0xff, 0x0,
    0x7f, 0xff, 0xff, 0xf2, 0x0, 0x0, 0x0, 0x0,
    0x7f, 0xff, 0xff, 0xf2, 0x0, 0x0, 0x0, 0x0,
    0x7f, 0xff, 0xff, 0xf2, 0x0, 0x0, 0x0, 0x0,
    0x7f, 0xff, 0xff, 0xf2, 0x0, 0x0, 0x0, 0x0,
    0x7f, 0xff, 0xff, 0xf2, 0x0, 0x0, 0x0, 0x0,
    0x7f, 0xff, 0xff, 0xfc, 0xcc, 0xcc, 0xcc, 0xc5,
    0x7f, 0xff, 0xff, 0xff, 0xff, 0xff, 0xff, 0xf7,
    0x7f, 0xff, 0xff, 0xff, 0xff, 0xff, 0xff, 0xf7,
    0x7f, 0xff, 0xff, 0xff, 0xff, 0xff, 0xff, 0xf7,
    0x7f, 0xff, 0xff, 0xff, 0xff, 0xff, 0xff, 0xf7,

    /* U+00CA "Ê" */
    0x0, 0x0, 0x3, 0xbb, 0xbb, 0xbb, 0x20, 0x0,
    0x0, 0x0, 0x2, 0xef, 0xff, 0xff, 0xfe, 0x10,
    0x0, 0x0, 0x1, 0xdf, 0xff, 0xff, 0xff, 0xfc,
    0x0, 0x0, 0x0, 0xcf, 0xff, 0xfd, 0xdf, 0xff,
    0xfb, 0x0, 0x0, 0xaf, 0xff, 0xff, 0x23, 0xff,
    0xff, 0xf9, 0x0, 0x9f, 0xff, 0xff, 0x50, 0x6,
    0xff, 0xff, 0xf8, 0x0, 0x0, 0x0, 0x0, 0x0,
    0x0, 0x0, 0x0, 0x0, 0x0, 0x0, 0x0, 0x0,
    0x0, 0x0, 0x0, 0x0, 0x7, 0xff, 0xff, 0xff,
    0xff, 0xff, 0xff, 0xff, 0x20, 0x7f, 0xff, 0xff,
    0xff, 0xff, 0xff, 0xff, 0xf2, 0x7, 0xff, 0xff,
    0xff, 0xff, 0xff, 0xff, 0xff, 0x20, 0x7f, 0xff,
    0xff, 0xff, 0xff, 0xff, 0xff, 0xf2, 0x7, 0xff,
    0xff, 0xff, 0xcc, 0xcc, 0xcc, 0xcc, 0x10, 0x7f,
    0xff, 0xff, 0xf2, 0x0, 0x0, 0x0, 0x0, 0x7,
    0xff, 0xff, 0xff, 0x20, 0x0, 0x0, 0x0, 0x0,
    0x7f, 0xff, 0xff, 0xf2, 0x0, 0x0, 0x0, 0x0,
    0x7, 0xff, 0xff, 0xff, 0x20, 0x0, 0x0, 0x0,
    0x0, 0x7f, 0xff, 0xff, 0xfc, 0xcc, 0xcc, 0xcc,
    0x0, 0x7, 0xff, 0xff, 0xff, 0xff, 0xff, 0xff,
    0xf0, 0x0, 0x7f, 0xff, 0xff, 0xff, 0xff, 0xff,
    0xff, 0x0, 0x7, 0xff, 0xff, 0xff, 0xff, 0xff,
    0xff, 0xf0, 0x0, 0x7f, 0xff, 0xff, 0xff, 0xff,
    0xff, 0xff, 0x0, 0x7, 0xff, 0xff, 0xff, 0x20,
    0x0, 0x0, 0x0, 0x0, 0x7f, 0xff, 0xff, 0xf2,
    0x0, 0x0, 0x0, 0x0, 0x7, 0xff, 0xff, 0xff,
    0x20, 0x0, 0x0, 0x0, 0x0, 0x7f, 0xff, 0xff,
    0xf2, 0x0, 0x0, 0x0, 0x0, 0x7, 0xff, 0xff,
    0xff, 0x20, 0x0, 0x0, 0x0, 0x0, 0x7f, 0xff,
    0xff, 0xfc, 0xcc, 0xcc, 0xcc, 0xc5, 0x7, 0xff,
    0xff, 0xff, 0xff, 0xff, 0xff, 0xff, 0x70, 0x7f,
    0xff, 0xff, 0xff, 0xff, 0xff, 0xff, 0xf7, 0x7,
    0xff, 0xff, 0xff, 0xff, 0xff, 0xff, 0xff, 0x70,
    0x7f, 0xff, 0xff, 0xff, 0xff, 0xff, 0xff, 0xf7,

    /* U+00CB "Ë" */
    0x8f, 0xff, 0xff, 0x30, 0x6, 0xff, 0xff, 0xf5,
    0x9f, 0xff, 0xff, 0x30, 0x7, 0xff, 0xff, 0xf5,
    0x9f, 0xff, 0xff, 0x30, 0x7, 0xff, 0xff, 0xf5,
    0x9f, 0xff, 0xff, 0x30, 0x7, 0xff, 0xff, 0xf5,
    0x9f, 0xff, 0xff, 0x30, 0x7, 0xff, 0xff, 0xf5,
    0x0, 0x0, 0x0, 0x0, 0x0, 0x0, 0x0, 0x0,
    0x0, 0x0, 0x0, 0x0, 0x0, 0x0, 0x0, 0x0,
    0x7f, 0xff, 0xff, 0xff, 0xff, 0xff, 0xff, 0xf2,
    0x7f, 0xff, 0xff, 0xff, 0xff, 0xff, 0xff, 0xf2,
    0x7f, 0xff, 0xff, 0xff, 0xff, 0xff, 0xff, 0xf2,
    0x7f, 0xff, 0xff, 0xff, 0xff, 0xff, 0xff, 0xf2,
    0x7f, 0xff, 0xff, 0xfc, 0xcc, 0xcc, 0xcc, 0xc1,
    0x7f, 0xff, 0xff, 0xf2, 0x0, 0x0, 0x0, 0x0,
    0x7f, 0xff, 0xff, 0xf2, 0x0, 0x0, 0x0, 0x0,
    0x7f, 0xff, 0xff, 0xf2, 0x0, 0x0, 0x0, 0x0,
    0x7f, 0xff, 0xff, 0xf2, 0x0, 0x0, 0x0, 0x0,
    0x7f, 0xff, 0xff, 0xfc, 0xcc, 0xcc, 0xcc, 0x0,
    0x7f, 0xff, 0xff, 0xff, 0xff, 0xff, 0xff, 0x0,
    0x7f, 0xff, 0xff, 0xff, 0xff, 0xff, 0xff, 0x0,
    0x7f, 0xff, 0xff, 0xff, 0xff, 0xff, 0xff, 0x0,
    0x7f, 0xff, 0xff, 0xff, 0xff, 0xff, 0xff, 0x0,
    0x7f, 0xff, 0xff, 0xf2, 0x0, 0x0, 0x0, 0x0,
    0x7f, 0xff, 0xff, 0xf2, 0x0, 0x0, 0x0, 0x0,
    0x7f, 0xff, 0xff, 0xf2, 0x0, 0x0, 0x0, 0x0,
    0x7f, 0xff, 0xff, 0xf2, 0x0, 0x0, 0x0, 0x0,
    0x7f, 0xff, 0xff, 0xf2, 0x0, 0x0, 0x0, 0x0,
    0x7f, 0xff, 0xff, 0xfc, 0xcc, 0xcc, 0xcc, 0xc5,
    0x7f, 0xff, 0xff, 0xff, 0xff, 0xff, 0xff, 0xf7,
    0x7f, 0xff, 0xff, 0xff, 0xff, 0xff, 0xff, 0xf7,
    0x7f, 0xff, 0xff, 0xff, 0xff, 0xff, 0xff, 0xf7,
    0x7f, 0xff, 0xff, 0xff, 0xff, 0xff, 0xff, 0xf7,

    /* U+00CC "Ì" */
    0x5b, 0xbb, 0xbb, 0xa0, 0x0, 0x0, 0xb, 0xff,
    0xff, 0xf7, 0x0, 0x0, 0x0, 0xcf, 0xff, 0xff,
    0x20, 0x0, 0x0, 0x1d, 0xff, 0xff, 0xc0, 0x0,
    0x0, 0x2, 0xef, 0xff, 0xf6, 0x0, 0x0, 0x0,
    0x3f, 0xff, 0xff, 0x10, 0x0, 0x0, 0x0, 0x0,
    0x0, 0x0, 0x0, 0x0, 0x0, 0x0, 0x0, 0x0,
    0x0, 0x0, 0x7f, 0xff, 0xff, 0xf2, 0x0, 0x0,
    0x7f, 0xff, 0xff, 0xf2, 0x0, 0x0, 0x7f, 0xff,
    0xff, 0xf2, 0x0, 0x0, 0x7f, 0xff, 0xff, 0xf2,
    0x0, 0x0, 0x7f, 0xff, 0xff, 0xf2, 0x0, 0x0,
    0x7f, 0xff, 0xff, 0xf2, 0x0, 0x0, 0x7f, 0xff,
    0xff, 0xf2, 0x0, 0x0, 0x7f, 0xff, 0xff, 0xf2,
    0x0, 0x0, 0x7f, 0xff, 0xff, 0xf2, 0x0, 0x0,
    0x7f, 0xff, 0xff, 0xf2, 0x0, 0x0, 0x7f, 0xff,
    0xff, 0xf2, 0x0, 0x0, 0x7f, 0xff, 0xff, 0xf2,
    0x0, 0x0, 0x7f, 0xff, 0xff, 0xf2, 0x0, 0x0,
    0x7f, 0xff, 0xff, 0xf2, 0x0, 0x0, 0x7f, 0xff,
    0xff, 0xf2, 0x0, 0x0, 0x7f, 0xff, 0xff, 0xf2,
    0x0, 0x0, 0x7f, 0xff, 0xff, 0xf2, 0x0, 0x0,
    0x7f, 0xff, 0xff, 0xf2, 0x0, 0x0, 0x7f, 0xff,
    0xff, 0xf2, 0x0, 0x0, 0x7f, 0xff, 0xff, 0xf2,
    0x0, 0x0, 0x7f, 0xff, 0xff, 0xf2, 0x0, 0x0,
    0x7f, 0xff, 0xff, 0xf2, 0x0, 0x0, 0x7f, 0xff,
    0xff, 0xf2, 0x0, 0x0, 0x7f, 0xff, 0xff, 0xf2,

    /* U+00CD "Í" */
    0x0, 0x0, 0x4b, 0xbb, 0xbb, 0xa0, 0x0, 0x1,
    0xef, 0xff, 0xff, 0x30, 0x0, 0x9, 0xff, 0xff,
    0xf5, 0x0, 0x0, 0x4f, 0xff, 0xff, 0x60, 0x0,
    0x0, 0xdf, 0xff, 0xf8, 0x0, 0x0, 0x8, 0xff,
    0xff, 0xa0, 0x0, 0x0, 0x0, 0x0, 0x0, 0x0,
    0x0, 0x0, 0x0, 0x0, 0x0, 0x0, 0x0, 0x0,
    0x7f, 0xff, 0xff, 0xf2, 0x0, 0x0, 0x7f, 0xff,
    0xff, 0xf2, 0x0, 0x0, 0x7f, 0xff, 0xff, 0xf2,
    0x0, 0x0, 0x7f, 0xff, 0xff, 0xf2, 0x0, 0x0,
    0x7f, 0xff, 0xff, 0xf2, 0x0, 0x0, 0x7f, 0xff,
    0xff, 0xf2, 0x0, 0x0, 0x7f, 0xff, 0xff, 0xf2,
    0x0, 0x0, 0x7f, 0xff, 0xff, 0xf2, 0x0, 0x0,
    0x7f, 0xff, 0xff, 0xf2, 0x0, 0x0, 0x7f, 0xff,
    0xff, 0xf2, 0x0, 0x0, 0x7f, 0xff, 0xff, 0xf2,
    0x0, 0x0, 0x7f, 0xff, 0xff, 0xf2, 0x0, 0x0,
    0x7f, 0xff, 0xff, 0xf2, 0x0, 0x0, 0x7f, 0xff,
    0xff, 0xf2, 0x0, 0x0, 0x7f, 0xff, 0xff, 0xf2,
    0x0, 0x0, 0x7f, 0xff, 0xff, 0xf2, 0x0, 0x0,
    0x7f, 0xff, 0xff, 0xf2, 0x0, 0x0, 0x7f, 0xff,
    0xff, 0xf2, 0x0, 0x0, 0x7f, 0xff, 0xff, 0xf2,
    0x0, 0x0, 0x7f, 0xff, 0xff, 0xf2, 0x0, 0x0,
    0x7f, 0xff, 0xff, 0xf2, 0x0, 0x0, 0x7f, 0xff,
    0xff, 0xf2, 0x0, 0x0, 0x7f, 0xff, 0xff, 0xf2,
    0x0, 0x0, 0x7f, 0xff, 0xff, 0xf2, 0x0, 0x0,

    /* U+00CE "Î" */
    0x0, 0x0, 0x4, 0xbb, 0xbb, 0xba, 0x10, 0x0,
    0x0, 0x0, 0x3, 0xff, 0xff, 0xff, 0xfc, 0x0,
    0x0, 0x0, 0x2, 0xef, 0xff, 0xff, 0xff, 0xfb,
    0x0, 0x0, 0x1, 0xdf, 0xff, 0xfc, 0xff, 0xff,
    0xf9, 0x0, 0x0, 0xcf, 0xff, 0xfe, 0x15, 0xff,
    0xff, 0xf7, 0x0, 0xbf, 0xff, 0xff, 0x30, 0x8,
    0xff, 0xff, 0xf6, 0x0, 0x0, 0x0, 0x0, 0x0,
    0x0, 0x0, 0x0, 0x0, 0x0, 0x0, 0x0, 0x0,
    0x0, 0x0, 0x0, 0x0, 0x0, 0x0, 0x7, 0xff,
    0xff, 0xff, 0x20, 0x0, 0x0, 0x0, 0x0, 0x7f,
    0xff, 0xff, 0xf2, 0x0, 0x0, 0x0, 0x0, 0x7,
    0xff, 0xff, 0xff, 0x20, 0x0, 0x0, 0x0, 0x0,
    0x7f, 0xff, 0xff, 0xf2, 0x0, 0x0, 0x0, 0x0,
    0x7, 0xff, 0xff, 0xff, 0x20, 0x0, 0x0, 0x0,
    0x0, 0x7f, 0xff, 0xff, 0xf2, 0x0, 0x0, 0x0,
    0x0, 0x7, 0xff, 0xff, 0xff, 0x20, 0x0, 0x0,
    0x0, 0x0, 0x7f, 0xff, 0xff, 0xf2, 0x0, 0x0,
    0x0, 0x0, 0x7, 0xff, 0xff, 0xff, 0x20, 0x0,
    0x0, 0x0, 0x0, 0x7f, 0xff, 0xff, 0xf2, 0x0,
    0x0, 0x0, 0x0, 0x7, 0xff, 0xff, 0xff, 0x20,
    0x0, 0x0, 0x0, 0x0, 0x7f, 0xff, 0xff, 0xf2,
    0x0, 0x0, 0x0, 0x0, 0x7, 0xff, 0xff, 0xff,
    0x20, 0x0, 0x0, 0x0, 0x0, 0x7f, 0xff, 0xff,
    0xf2, 0x0, 0x0, 0x0, 0x0, 0x7, 0xff, 0xff,
    0xff, 0x20, 0x0, 0x0, 0x0, 0x0, 0x7f, 0xff,
    0xff, 0xf2, 0x0, 0x0, 0x0, 0x0, 0x7, 0xff,
    0xff, 0xff, 0x20, 0x0, 0x0, 0x0, 0x0, 0x7f,
    0xff, 0xff, 0xf2, 0x0, 0x0, 0x0, 0x0, 0x7,
    0xff, 0xff, 0xff, 0x20, 0x0, 0x0, 0x0, 0x0,
    0x7f, 0xff, 0xff, 0xf2, 0x0, 0x0, 0x0, 0x0,
    0x7, 0xff, 0xff, 0xff, 0x20, 0x0, 0x0, 0x0,
    0x0, 0x7f, 0xff, 0xff, 0xf2, 0x0, 0x0, 0x0,
    0x0, 0x7, 0xff, 0xff, 0xff, 0x20, 0x0, 0x0,
    0x0, 0x0, 0x7f, 0xff, 0xff, 0xf2, 0x0, 0x0,

    /* U+00CF "Ï" */
    0x8f, 0xff, 0xff, 0x20, 0x7, 0xff, 0xff, 0xf4,
    0x9f, 0xff, 0xff, 0x30, 0x7, 0xff, 0xff, 0xf5,
    0x9f, 0xff, 0xff, 0x30, 0x7, 0xff, 0xff, 0xf5,
    0x9f, 0xff, 0xff, 0x30, 0x7, 0xff, 0xff, 0xf5,
    0x9f, 0xff, 0xff, 0x30, 0x7, 0xff, 0xff, 0xf5,
    0x0, 0x0, 0x0, 0x0, 0x0, 0x0, 0x0, 0x0,
    0x0, 0x0, 0x0, 0x0, 0x0, 0x0, 0x0, 0x0,
    0x0, 0x0, 0x7f, 0xff, 0xff, 0xf2, 0x0, 0x0,
    0x0, 0x0, 0x7f, 0xff, 0xff, 0xf2, 0x0, 0x0,
    0x0, 0x0, 0x7f, 0xff, 0xff, 0xf2, 0x0, 0x0,
    0x0, 0x0, 0x7f, 0xff, 0xff, 0xf2, 0x0, 0x0,
    0x0, 0x0, 0x7f, 0xff, 0xff, 0xf2, 0x0, 0x0,
    0x0, 0x0, 0x7f, 0xff, 0xff, 0xf2, 0x0, 0x0,
    0x0, 0x0, 0x7f, 0xff, 0xff, 0xf2, 0x0, 0x0,
    0x0, 0x0, 0x7f, 0xff, 0xff, 0xf2, 0x0, 0x0,
    0x0, 0x0, 0x7f, 0xff, 0xff, 0xf2, 0x0, 0x0,
    0x0, 0x0, 0x7f, 0xff, 0xff, 0xf2, 0x0, 0x0,
    0x0, 0x0, 0x7f, 0xff, 0xff, 0xf2, 0x0, 0x0,
    0x0, 0x0, 0x7f, 0xff, 0xff, 0xf2, 0x0, 0x0,
    0x0, 0x0, 0x7f, 0xff, 0xff, 0xf2, 0x0, 0x0,
    0x0, 0x0, 0x7f, 0xff, 0xff, 0xf2, 0x0, 0x0,
    0x0, 0x0, 0x7f, 0xff, 0xff, 0xf2, 0x0, 0x0,
    0x0, 0x0, 0x7f, 0xff, 0xff, 0xf2, 0x0, 0x0,
    0x0, 0x0, 0x7f, 0xff, 0xff, 0xf2, 0x0, 0x0,
    0x0, 0x0, 0x7f, 0xff, 0xff, 0xf2, 0x0, 0x0,
    0x0, 0x0, 0x7f, 0xff, 0xff, 0xf2, 0x0, 0x0,
    0x0, 0x0, 0x7f, 0xff, 0xff, 0xf2, 0x0, 0x0,
    0x0, 0x0, 0x7f, 0xff, 0xff, 0xf2, 0x0, 0x0,
    0x0, 0x0, 0x7f, 0xff, 0xff, 0xf2, 0x0, 0x0,
    0x0, 0x0, 0x7f, 0xff, 0xff, 0xf2, 0x0, 0x0,
    0x0, 0x0, 0x7f, 0xff, 0xff, 0xf2, 0x0, 0x0,

    /* U+00D0 "Ð" */
    0x0, 0x1f, 0xff, 0xff, 0xff, 0xff, 0xff, 0xfe,
    0xb5, 0x0, 0x0, 0x1f, 0xff, 0xff, 0xff, 0xff,
    0xff, 0xff, 0xff, 0xa0, 0x0, 0x1f, 0xff, 0xff,
    0xff, 0xff, 0xff, 0xff, 0xff, 0xf4, 0x0, 0x1f,
    0xff, 0xff, 0xff, 0xff, 0xff, 0xff, 0xff, 0xf9,
    0x0, 0x1f, 0xff, 0xff, 0xfb, 0x66, 0x7f, 0xff,
    0xff, 0xfb, 0x0, 0x1f, 0xff, 0xff, 0xf8, 0x0,
    0xf, 0xff, 0xff, 0xfb, 0x0, 0x1f, 0xff, 0xff,
    0xf8, 0x0, 0xf, 0xff, 0xff, 0xfb, 0x0, 0x1f,
    0xff, 0xff, 0xf8, 0x0, 0xf, 0xff, 0xff, 0xfb,
    0x0, 0x1f, 0xff, 0xff, 0xf8, 0x0, 0xf, 0xff,
    0xff, 0xfb, 0x16, 0x7f, 0xff, 0xff, 0xfb, 0x63,
    0xf, 0xff, 0xff, 0xfb, 0x3f, 0xff, 0xff, 0xff,
    0xff, 0xfa, 0xf, 0xff, 0xff, 0xfb, 0x3f, 0xff,
    0xff, 0xff, 0xff, 0xfa, 0xf, 0xff, 0xff, 0xfb,
    0x3f, 0xff, 0xff, 0xff, 0xff, 0xfa, 0xf, 0xff,
    0xff, 0xfb, 0x3f, 0xff, 0xff, 0xff, 0xff, 0xfa,
    0xf, 0xff, 0xff, 0xfb, 0x0, 0x1f, 0xff, 0xff,
    0xf8, 0x0, 0xf, 0xff, 0xff, 0xfb, 0x0, 0x1f,
    0xff, 0xff, 0xf8, 0x0, 0xf, 0xff, 0xff, 0xfb,
    0x0, 0x1f, 0xff, 0xff, 0xf8, 0x0, 0xf, 0xff,
    0xff, 0xfb, 0x0, 0x1f, 0xff, 0xff, 0xf8, 0x0,
    0xf, 0xff, 0xff, 0xfb, 0x0, 0x1f, 0xff, 0xff,
    0xf8, 0x0, 0xf, 0xff, 0xff, 0xfb, 0x0, 0x1f,
    0xff, 0xff, 0xfb, 0x66, 0x7f, 0xff, 0xff, 0xfb,
    0x0, 0x1f, 0xff, 0xff, 0xff, 0xff, 0xff, 0xff,
    0xff, 0xf9, 0x0, 0x1f, 0xff, 0xff, 0xff, 0xff,
    0xff, 0xff, 0xff, 0xf3, 0x0, 0x1f, 0xff, 0xff,
    0xff, 0xff, 0xff, 0xff, 0xff, 0x90, 0x0, 0x1f,
    0xff, 0xff, 0xff, 0xff, 0xff, 0xfe, 0xb5, 0x0,

    /* U+00D1 "Ñ" */
    0x0, 0x6, 0xab, 0xb8, 0x10, 0x5, 0xbb, 0xbb,
    0x70, 0x0, 0x9f, 0xff, 0xff, 0xf6, 0x7, 0xff,
    0xff, 0xa0, 0x1, 0xff, 0xff, 0xff, 0xff, 0xdf,
    0xff, 0xff, 0xa0, 0x3, 0xff, 0xff, 0xff, 0xff,
    0xff, 0xff, 0xff, 0x90, 0x4, 0xff, 0xff, 0xe1,
    0x6f, 0xff, 0xff, 0xff, 0x30, 0x4, 0xff, 0xff,
    0xd0, 0x2, 0xaf, 0xff, 0xd5, 0x0, 0x0, 0x0,
    0x0, 0x0, 0x0, 0x0, 0x0, 0x0, 0x0, 0x0,
    0x0, 0x0, 0x0, 0x0, 0x0, 0x0, 0x0, 0x0,
    0x7f, 0xff, 0xff, 0x60, 0x0, 0x5, 0xff, 0xff,
    0xfb, 0x7f, 0xff, 0xff, 0xd0, 0x0, 0x5, 0xff,
    0xff, 0xfb, 0x7f, 0xff, 0xff, 0xf4, 0x0, 0x5,
    0xff, 0xff, 0xfb, 0x7f, 0xff, 0xff, 0xfb, 0x0,
    0x5, 0xff, 0xff, 0xfb, 0x7f, 0xff, 0xff, 0xff,
    0x20, 0x5, 0xff, 0xff, 0xfb, 0x7f, 0xff, 0xff,
    0xff, 0x80, 0x5, 0xff, 0xff, 0xfb, 0x7f, 0xff,
    0xff, 0xff, 0xe0, 0x5, 0xff, 0xff, 0xfb, 0x7f,
    0xff, 0xff, 0xff, 0xf6, 0x5, 0xff, 0xff, 0xfb,
    0x7f, 0xff, 0xff, 0xff, 0xfd, 0x5, 0xff, 0xff,
    0xfb, 0x7f, 0xff, 0xff, 0xff, 0xff, 0x35, 0xff,
    0xff, 0xfb, 0x7f, 0xff, 0xff, 0xff, 0xff, 0xa5,
    0xff, 0xff, 0xfb, 0x7f, 0xff, 0xff, 0xef, 0xff,
    0xf7, 0xff, 0xff, 0xfb, 0x7f, 0xff, 0xff, 0x9e,
    0xff, 0xfd, 0xff, 0xff, 0xfb, 0x7f, 0xff, 0xff,
    0x98, 0xff, 0xff, 0xff, 0xff, 0xfb, 0x7f, 0xff,
    0xff, 0x91, 0xff, 0xff, 0xff, 0xff, 0xfb, 0x7f,
    0xff, 0xff, 0x90, 0xaf, 0xff, 0xff, 0xff, 0xfb,
    0x7f, 0xff, 0xff, 0x90, 0x3f, 0xff, 0xff, 0xff,
    0xfb, 0x7f, 0xff, 0xff, 0x90, 0xc, 0xff, 0xff,
    0xff, 0xfb, 0x7f, 0xff, 0xff, 0x90, 0x5, 0xff,
    0xff, 0xff, 0xfb, 0x7f, 0xff, 0xff, 0x90, 0x0,
    0xef, 0xff, 0xff, 0xfb, 0x7f, 0xff, 0xff, 0x90,
    0x0, 0x7f, 0xff, 0xff, 0xfb, 0x7f, 0xff, 0xff,
    0x90, 0x0, 0x1f, 0xff, 0xff, 0xfb, 0x7f, 0xff,
    0xff, 0x90, 0x0, 0x9, 0xff, 0xff, 0xfb, 0x7f,
    0xff, 0xff, 0x90, 0x0, 0x3, 0xff, 0xff, 0xfb,

    /* U+00D2 "Ò" */
    0x6, 0xbb, 0xbb, 0xb8, 0x0, 0x0, 0x0, 0x0,
    0x0, 0x0, 0xcf, 0xff, 0xff, 0x50, 0x0, 0x0,
    0x0, 0x0, 0x0, 0x1d, 0xff, 0xff, 0xe1, 0x0,
    0x0, 0x0, 0x0, 0x0, 0x2, 0xef, 0xff, 0xf9,
    0x0, 0x0, 0x0, 0x0, 0x0, 0x0, 0x3f, 0xff,
    0xff, 0x40, 0x0, 0x0, 0x0, 0x0, 0x0, 0x4,
    0xff, 0xff, 0xd0, 0x0, 0x0, 0x0, 0x0, 0x0,
    0x0, 0x0, 0x0, 0x0, 0x0, 0x0, 0x0, 0x0,
    0x0, 0x0, 0x0, 0x0, 0x0, 0x0, 0x0, 0x0,
    0x0, 0x5b, 0xef, 0xff, 0xff, 0xff, 0xfd, 0x92,
    0x0, 0x8, 0xff, 0xff, 0xff, 0xff, 0xff, 0xff,
    0xff, 0x30, 0x3f, 0xff, 0xff, 0xff, 0xff, 0xff,
    0xff, 0xff, 0xc0, 0x7f, 0xff, 0xff, 0xff, 0xff,
    0xff, 0xff, 0xff, 0xf1, 0x9f, 0xff, 0xff, 0xfd,
    0xcc, 0xff, 0xff, 0xff, 0xf3, 0x9f, 0xff, 0xff,
    0xf1, 0x0, 0x7f, 0xff, 0xff, 0xf3, 0x9f, 0xff,
    0xff, 0xf1, 0x0, 0x7f, 0xff, 0xff, 0xf3, 0x9f,
    0xff, 0xff, 0xf1, 0x0, 0x7f, 0xff, 0xff, 0xf3,
    0x9f, 0xff, 0xff, 0xf1, 0x0, 0x7f, 0xff, 0xff,
    0xf3, 0xaf, 0xff, 0xff, 0xf1, 0x0, 0x7f, 0xff,
    0xff, 0xf3, 0x9f, 0xff, 0xff, 0xf1, 0x0, 0x7f,
    0xff, 0xff, 0xf3, 0x9f, 0xff, 0xff, 0xf1, 0x0,
    0x7f, 0xff, 0xff, 0xf3, 0x9f, 0xff, 0xff, 0xf1,
    0x0, 0x7f, 0xff, 0xff, 0xf3, 0x9f, 0xff, 0xff,
    0xf1, 0x0, 0x7f, 0xff, 0xff, 0xf3, 0x9f, 0xff,
    0xff, 0xf1, 0x0, 0x7f, 0xff, 0xff, 0xf3, 0x9f,
    0xff, 0xff, 0xf1, 0x0, 0x7f, 0xff, 0xff, 0xf3,
    0x9f, 0xff, 0xff, 0xf1, 0x0, 0x7f, 0xff, 0xff,
    0xf3, 0x9f, 0xff, 0xff, 0xf1, 0x0, 0x7f, 0xff,
    0xff, 0xf3, 0x9f, 0xff, 0xff, 0xf1, 0x0, 0x7f,
    0xff, 0xff, 0xf3, 0x9f, 0xff, 0xff, 0xfe, 0xcc,
    0xff, 0xff, 0xff, 0xf3, 0x7f, 0xff, 0xff, 0xff,
    0xff, 0xff, 0xff, 0xff, 0xf1, 0x2f, 0xff, 0xff,
    0xff, 0xff, 0xff, 0xff, 0xff, 0xb0, 0x7, 0xff,
    0xff, 0xff, 0xff, 0xff, 0xff, 0xfe, 0x20, 0x0,
    0x4b, 0xef, 0xff, 0xff, 0xff, 0xfd, 0x91, 0x0,

    /* U+00D3 "Ó" */
    0x0, 0x0, 0x0, 0x0, 0x1, 0xbb, 0xbb, 0xbb,
    0x20, 0x0, 0x0, 0x0, 0x0, 0xb, 0xff, 0xff,
    0xf7, 0x0, 0x0, 0x0, 0x0, 0x0, 0x5f, 0xff,
    0xff, 0x90, 0x0, 0x0, 0x0, 0x0, 0x1, 0xef,
    0xff, 0xfb, 0x0, 0x0, 0x0, 0x0, 0x0, 0xa,
    0xff, 0xff, 0xc0, 0x0, 0x0, 0x0, 0x0, 0x0,
    0x4f, 0xff, 0xfd, 0x10, 0x0, 0x0, 0x0, 0x0,
    0x0, 0x0, 0x0, 0x0, 0x0, 0x0, 0x0, 0x0,
    0x0, 0x0, 0x0, 0x0, 0x0, 0x0, 0x0, 0x0,
    0x0, 0x5b, 0xef, 0xff, 0xff, 0xff, 0xfd, 0x92,
    0x0, 0x8, 0xff, 0xff, 0xff, 0xff, 0xff, 0xff,
    0xff, 0x30, 0x3f, 0xff, 0xff, 0xff, 0xff, 0xff,
    0xff, 0xff, 0xc0, 0x7f, 0xff, 0xff, 0xff, 0xff,
    0xff, 0xff, 0xff, 0xf1, 0x9f, 0xff, 0xff, 0xfd,
    0xcc, 0xff, 0xff, 0xff, 0xf3, 0x9f, 0xff, 0xff,
    0xf1, 0x0, 0x7f, 0xff, 0xff, 0xf3, 0x9f, 0xff,
    0xff, 0xf1, 0x0, 0x7f, 0xff, 0xff, 0xf3, 0x9f,
    0xff, 0xff, 0xf1, 0x0, 0x7f, 0xff, 0xff, 0xf3,
    0x9f, 0xff, 0xff, 0xf1, 0x0, 0x7f, 0xff, 0xff,
    0xf3, 0xaf, 0xff, 0xff, 0xf1, 0x0, 0x7f, 0xff,
    0xff, 0xf3, 0x9f, 0xff, 0xff, 0xf1, 0x0, 0x7f,
    0xff, 0xff, 0xf3, 0x9f, 0xff, 0xff, 0xf1, 0x0,
    0x7f, 0xff, 0xff, 0xf3, 0x9f, 0xff, 0xff, 0xf1,
    0x0, 0x7f, 0xff, 0xff, 0xf3, 0x9f, 0xff, 0xff,
    0xf1, 0x0, 0x7f, 0xff, 0xff, 0xf3, 0x9f, 0xff,
    0xff, 0xf1, 0x0, 0x7f, 0xff, 0xff, 0xf3, 0x9f,
    0xff, 0xff, 0xf1, 0x0, 0x7f, 0xff, 0xff, 0xf3,
    0x9f, 0xff, 0xff, 0xf1, 0x0, 0x7f, 0xff, 0xff,
    0xf3, 0x9f, 0xff, 0xff, 0xf1, 0x0, 0x7f, 0xff,
    0xff, 0xf3, 0x9f, 0xff, 0xff, 0xf1, 0x0, 0x7f,
    0xff, 0xff, 0xf3, 0x9f, 0xff, 0xff, 0xfe, 0xcc,
    0xff, 0xff, 0xff, 0xf3, 0x7f, 0xff, 0xff, 0xff,
    0xff, 0xff, 0xff, 0xff, 0xf1, 0x2f, 0xff, 0xff,
    0xff, 0xff, 0xff, 0xff, 0xff, 0xb0, 0x7, 0xff,
    0xff, 0xff, 0xff, 0xff, 0xff, 0xfe, 0x20, 0x0,
    0x4b, 0xef, 0xff, 0xff, 0xff, 0xfd, 0x91, 0x0,

    /* U+00D4 "Ô" */
    0x0, 0x0, 0x5, 0xbb, 0xbb, 0xba, 0x0, 0x0,
    0x0, 0x0, 0x0, 0x4f, 0xff, 0xff, 0xff, 0xb0,
    0x0, 0x0, 0x0, 0x3, 0xff, 0xff, 0xff, 0xff,
    0xf9, 0x0, 0x0, 0x0, 0x2e, 0xff, 0xff, 0xbf,
    0xff, 0xff, 0x70, 0x0, 0x1, 0xdf, 0xff, 0xfd,
    0x6, 0xff, 0xff, 0xf6, 0x0, 0xc, 0xff, 0xff,
    0xf2, 0x0, 0xaf, 0xff, 0xff, 0x40, 0x0, 0x0,
    0x0, 0x0, 0x0, 0x0, 0x0, 0x0, 0x0, 0x0,
    0x0, 0x0, 0x0, 0x0, 0x0, 0x0, 0x0, 0x0,
    0x0, 0x5b, 0xef, 0xff, 0xff, 0xff, 0xfd, 0x92,
    0x0, 0x8, 0xff, 0xff, 0xff, 0xff, 0xff, 0xff,
    0xff, 0x30, 0x3f, 0xff, 0xff, 0xff, 0xff, 0xff,
    0xff, 0xff, 0xc0, 0x7f, 0xff, 0xff, 0xff, 0xff,
    0xff, 0xff, 0xff, 0xf1, 0x9f, 0xff, 0xff, 0xfd,
    0xcc, 0xff, 0xff, 0xff, 0xf3, 0x9f, 0xff, 0xff,
    0xf1, 0x0, 0x7f, 0xff, 0xff, 0xf3, 0x9f, 0xff,
    0xff, 0xf1, 0x0, 0x7f, 0xff, 0xff, 0xf3, 0x9f,
    0xff, 0xff, 0xf1, 0x0, 0x7f, 0xff, 0xff, 0xf3,
    0x9f, 0xff, 0xff, 0xf1, 0x0, 0x7f, 0xff, 0xff,
    0xf3, 0xaf, 0xff, 0xff, 0xf1, 0x0, 0x7f, 0xff,
    0xff, 0xf3, 0x9f, 0xff, 0xff, 0xf1, 0x0, 0x7f,
    0xff, 0xff, 0xf3, 0x9f, 0xff, 0xff, 0xf1, 0x0,
    0x7f, 0xff, 0xff, 0xf3, 0x9f, 0xff, 0xff, 0xf1,
    0x0, 0x7f, 0xff, 0xff, 0xf3, 0x9f, 0xff, 0xff,
    0xf1, 0x0, 0x7f, 0xff, 0xff, 0xf3, 0x9f, 0xff,
    0xff, 0xf1, 0x0, 0x7f, 0xff, 0xff, 0xf3, 0x9f,
    0xff, 0xff, 0xf1, 0x0, 0x7f, 0xff, 0xff, 0xf3,
    0x9f, 0xff, 0xff, 0xf1, 0x0, 0x7f, 0xff, 0xff,
    0xf3, 0x9f, 0xff, 0xff, 0xf1, 0x0, 0x7f, 0xff,
    0xff, 0xf3, 0x9f, 0xff, 0xff, 0xf1, 0x0, 0x7f,
    0xff, 0xff, 0xf3, 0x9f, 0xff, 0xff, 0xfe, 0xcc,
    0xff, 0xff, 0xff, 0xf3, 0x7f, 0xff, 0xff, 0xff,
    0xff, 0xff, 0xff, 0xff, 0xf1, 0x2f, 0xff, 0xff,
    0xff, 0xff, 0xff, 0xff, 0xff, 0xb0, 0x7, 0xff,
    0xff, 0xff, 0xff, 0xff, 0xff, 0xfe, 0x20, 0x0,
    0x4b, 0xef, 0xff, 0xff, 0xff, 0xfd, 0x91, 0x0,

    /* U+00D5 "Õ" */
    0x0, 0x28, 0xbb, 0xa4, 0x0, 0xa, 0xbb, 0xbb,
    0x20, 0x2, 0xff, 0xff, 0xff, 0xb2, 0xf, 0xff,
    0xff, 0x20, 0x9, 0xff, 0xff, 0xff, 0xff, 0xdf,
    0xff, 0xff, 0x20, 0xb, 0xff, 0xff, 0xff, 0xff,
    0xff, 0xff, 0xff, 0x10, 0xc, 0xff, 0xff, 0x72,
    0xcf, 0xff, 0xff, 0xfb, 0x0, 0xc, 0xff, 0xff,
    0x60, 0x6, 0xdf, 0xfe, 0xa1, 0x0, 0x0, 0x0,
    0x0, 0x0, 0x0, 0x0, 0x0, 0x0, 0x0, 0x0,
    0x0, 0x0, 0x0, 0x0, 0x0, 0x0, 0x0, 0x0,
    0x0, 0x5b, 0xef, 0xff, 0xff, 0xff, 0xfd, 0x92,
    0x0, 0x8, 0xff, 0xff, 0xff, 0xff, 0xff, 0xff,
    0xff, 0x30, 0x3f, 0xff, 0xff, 0xff, 0xff, 0xff,
    0xff, 0xff, 0xc0, 0x7f, 0xff, 0xff, 0xff, 0xff,
    0xff, 0xff, 0xff, 0xf1, 0x9f, 0xff, 0xff, 0xfd,
    0xcc, 0xff, 0xff, 0xff, 0xf3, 0x9f, 0xff, 0xff,
    0xf1, 0x0, 0x7f, 0xff, 0xff, 0xf3, 0x9f, 0xff,
    0xff, 0xf1, 0x0, 0x7f, 0xff, 0xff, 0xf3, 0x9f,
    0xff, 0xff, 0xf1, 0x0, 0x7f, 0xff, 0xff, 0xf3,
    0x9f, 0xff, 0xff, 0xf1, 0x0, 0x7f, 0xff, 0xff,
    0xf3, 0xaf, 0xff, 0xff, 0xf1, 0x0, 0x7f, 0xff,
    0xff, 0xf3, 0x9f, 0xff, 0xff, 0xf1, 0x0, 0x7f,
    0xff, 0xff, 0xf3, 0x9f, 0xff, 0xff, 0xf1, 0x0,
    0x7f, 0xff, 0xff, 0xf3, 0x9f, 0xff, 0xff, 0xf1,
    0x0, 0x7f, 0xff, 0xff, 0xf3, 0x9f, 0xff, 0xff,
    0xf1, 0x0, 0x7f, 0xff, 0xff, 0xf3, 0x9f, 0xff,
    0xff, 0xf1, 0x0, 0x7f, 0xff, 0xff, 0xf3, 0x9f,
    0xff, 0xff, 0xf1, 0x0, 0x7f, 0xff, 0xff, 0xf3,
    0x9f, 0xff, 0xff, 0xf1, 0x0, 0x7f, 0xff, 0xff,
    0xf3, 0x9f, 0xff, 0xff, 0xf1, 0x0, 0x7f, 0xff,
    0xff, 0xf3, 0x9f, 0xff, 0xff, 0xf1, 0x0, 0x7f,
    0xff, 0xff, 0xf3, 0x9f, 0xff, 0xff, 0xfe, 0xcc,
    0xff, 0xff, 0xff, 0xf3, 0x7f, 0xff, 0xff, 0xff,
    0xff, 0xff, 0xff, 0xff, 0xf1, 0x2f, 0xff, 0xff,
    0xff, 0xff, 0xff, 0xff, 0xff, 0xb0, 0x7, 0xff,
    0xff, 0xff, 0xff, 0xff, 0xff, 0xfe, 0x20, 0x0,
    0x4b, 0xef, 0xff, 0xff, 0xff, 0xfd, 0x91, 0x0,

    /* U+00D6 "Ö" */
    0x9, 0xff, 0xff, 0xf1, 0x0, 0x8f, 0xff, 0xff,
    0x30, 0xa, 0xff, 0xff, 0xf2, 0x0, 0x8f, 0xff,
    0xff, 0x40, 0xa, 0xff, 0xff, 0xf2, 0x0, 0x8f,
    0xff, 0xff, 0x40, 0xa, 0xff, 0xff, 0xf2, 0x0,
    0x8f, 0xff, 0xff, 0x40, 0xa, 0xff, 0xff, 0xf2,
    0x0, 0x8f, 0xff, 0xff, 0x40, 0x0, 0x0, 0x0,
    0x0, 0x0, 0x0, 0x0, 0x0, 0x0, 0x0, 0x0,
    0x0, 0x0, 0x0, 0x0, 0x0, 0x0, 0x0, 0x0,
    0x5b, 0xef, 0xff, 0xff, 0xff, 0xfd, 0x92, 0x0,
    0x8, 0xff, 0xff, 0xff, 0xff, 0xff, 0xff, 0xff,
    0x30, 0x3f, 0xff, 0xff, 0xff, 0xff, 0xff, 0xff,
    0xff, 0xc0, 0x7f, 0xff, 0xff, 0xff, 0xff, 0xff,
    0xff, 0xff, 0xf1, 0x9f, 0xff, 0xff, 0xfd, 0xcc,
    0xff, 0xff, 0xff, 0xf3, 0x9f, 0xff, 0xff, 0xf1,
    0x0, 0x7f, 0xff, 0xff, 0xf3, 0x9f, 0xff, 0xff,
    0xf1, 0x0, 0x7f, 0xff, 0xff, 0xf3, 0x9f, 0xff,
    0xff, 0xf1, 0x0, 0x7f, 0xff, 0xff, 0xf3, 0x9f,
    0xff, 0xff, 0xf1, 0x0, 0x7f, 0xff, 0xff, 0xf3,
    0xaf, 0xff, 0xff, 0xf1, 0x0, 0x7f, 0xff, 0xff,
    0xf3, 0x9f, 0xff, 0xff, 0xf1, 0x0, 0x7f, 0xff,
    0xff, 0xf3, 0x9f, 0xff, 0xff, 0xf1, 0x0, 0x7f,
    0xff, 0xff, 0xf3, 0x9f, 0xff, 0xff, 0xf1, 0x0,
    0x7f, 0xff, 0xff, 0xf3, 0x9f, 0xff, 0xff, 0xf1,
    0x0, 0x7f, 0xff, 0xff, 0xf3, 0x9f, 0xff, 0xff,
    0xf1, 0x0, 0x7f, 0xff, 0xff, 0xf3, 0x9f, 0xff,
    0xff, 0xf1, 0x0, 0x7f, 0xff, 0xff, 0xf3, 0x9f,
    0xff, 0xff, 0xf1, 0x0, 0x7f, 0xff, 0xff, 0xf3,
    0x9f, 0xff, 0xff, 0xf1, 0x0, 0x7f, 0xff, 0xff,
    0xf3, 0x9f, 0xff, 0xff, 0xf1, 0x0, 0x7f, 0xff,
    0xff, 0xf3, 0x9f, 0xff, 0xff, 0xfe, 0xcc, 0xff,
    0xff, 0xff, 0xf3, 0x7f, 0xff, 0xff, 0xff, 0xff,
    0xff, 0xff, 0xff, 0xf1, 0x2f, 0xff, 0xff, 0xff,
    0xff, 0xff, 0xff, 0xff, 0xb0, 0x7, 0xff, 0xff,
    0xff, 0xff, 0xff, 0xff, 0xfe, 0x20, 0x0, 0x4b,
    0xef, 0xff, 0xff, 0xff, 0xfd, 0x91, 0x0,

    /* U+00D7 "×" */
    0x0, 0x0, 0x0, 0x0, 0x0, 0x0, 0x0, 0x0,
    0x0, 0x0, 0x5, 0xf3, 0x0, 0x0, 0x0, 0x1c,
    0x90, 0x0, 0x0, 0x5f, 0xff, 0x30, 0x0, 0x1,
    0xcf, 0xf9, 0x0, 0x5, 0xff, 0xff, 0xf3, 0x0,
    0x1c, 0xff, 0xff, 0x90, 0xe, 0xff, 0xff, 0xff,
    0x31, 0xcf, 0xff, 0xff, 0xf4, 0x3, 0xff, 0xff,
    0xff, 0xfd, 0xff, 0xff, 0xff, 0x80, 0x0, 0x3f,
    0xff, 0xff, 0xff, 0xff, 0xff, 0xf8, 0x0, 0x0,
    0x3, 0xff, 0xff, 0xff, 0xff, 0xff, 0x80, 0x0,
    0x0, 0x0, 0x3f, 0xff, 0xff, 0xff, 0xf8, 0x0,
    0x0, 0x0, 0x0, 0x1d, 0xff, 0xff, 0xff, 0xf3,
    0x0, 0x0, 0x0, 0x1, 0xcf, 0xff, 0xff, 0xff,
    0xff, 0x30, 0x0, 0x0, 0x1c, 0xff, 0xff, 0xff,
    0xff, 0xff, 0xf3, 0x0, 0x1, 0xcf, 0xff, 0xff,
    0xff, 0xff, 0xff, 0xff, 0x30, 0xc, 0xff, 0xff,
    0xff, 0x83, 0xff, 0xff, 0xff, 0xf3, 0x9, 0xff,
    0xff, 0xf8, 0x0, 0x3f, 0xff, 0xff, 0xd1, 0x0,
    0x9f, 0xff, 0x80, 0x0, 0x3, 0xff, 0xfd, 0x10,
    0x0, 0x9, 0xf8, 0x0, 0x0, 0x0, 0x3f, 0xd1,
    0x0, 0x0, 0x0, 0x50, 0x0, 0x0, 0x0, 0x3,
    0x10, 0x0,

    /* U+00D8 "Ø" */
    0x0, 0x0, 0x0, 0x0, 0x0, 0x0, 0x0, 0x6f,
    0xf6, 0x0, 0x4b, 0xef, 0xff, 0xff, 0xff, 0xfd,
    0xff, 0xd0, 0x7, 0xff, 0xff, 0xff, 0xff, 0xff,
    0xff, 0xff, 0x60, 0x2f, 0xff, 0xff, 0xff, 0xff,
    0xff, 0xff, 0xff, 0xc0, 0x7f, 0xff, 0xff, 0xff,
    0xff, 0xff, 0xff, 0xff, 0xf1, 0x9f, 0xff, 0xff,
    0xe6, 0x66, 0x8f, 0xff, 0xff, 0xf3, 0x9f, 0xff,
    0xff, 0xa0, 0x0, 0x1f, 0xff, 0xff, 0xf3, 0x9f,
    0xff, 0xff, 0xa0, 0x0, 0x6f, 0xff, 0xff, 0xf3,
    0x9f, 0xff, 0xff, 0xa0, 0x0, 0xef, 0xff, 0xff,
    0xf3, 0x9f, 0xff, 0xff, 0xa0, 0x7, 0xff, 0xff,
    0xff, 0xf3, 0x9f, 0xff, 0xff, 0xa0, 0x1f, 0xff,
    0xff, 0xff, 0xf3, 0x9f, 0xff, 0xff, 0xa0, 0xaf,
    0xff, 0xff, 0xff, 0xf3, 0x9f, 0xff, 0xff, 0xa3,
    0xff, 0xaf, 0xff, 0xff, 0xf3, 0x9f, 0xff, 0xff,
    0xac, 0xff, 0x2f, 0xff, 0xff, 0xf3, 0x9f, 0xff,
    0xff, 0xef, 0xf7, 0x1f, 0xff, 0xff, 0xf3, 0x9f,
    0xff, 0xff, 0xff, 0xe0, 0x1f, 0xff, 0xff, 0xf3,
    0x9f, 0xff, 0xff, 0xff, 0x50, 0x1f, 0xff, 0xff,
    0xf3, 0x9f, 0xff, 0xff, 0xfc, 0x0, 0x1f, 0xff,
    0xff, 0xf3, 0x9f, 0xff, 0xff, 0xf3, 0x0, 0x1f,
    0xff, 0xff, 0xf3, 0x9f, 0xff, 0xff, 0xc0, 0x0,
    0x1f, 0xff, 0xff, 0xf3, 0x9f, 0xff, 0xff, 0xe6,
    0x66, 0x8f, 0xff, 0xff, 0xf3, 0x7f, 0xff, 0xff,
    0xff, 0xff, 0xff, 0xff, 0xff, 0xf1, 0x2f, 0xff,
    0xff, 0xff, 0xff, 0xff, 0xff, 0xff, 0xc0, 0xa,
    0xff, 0xff, 0xff, 0xff, 0xff, 0xff, 0xff, 0x20,
    0x1e, 0xfe, 0xef, 0xff, 0xff, 0xff, 0xfd, 0x91,
    0x0, 0x9f, 0xf3, 0x0, 0x0, 0x0, 0x0, 0x0,
    0x0, 0x0,

    /* U+00D9 "Ù" */
    0x5, 0xbb, 0xbb, 0xba, 0x0, 0x0, 0x0, 0x0,
    0x0, 0x0, 0xaf, 0xff, 0xff, 0x70, 0x0, 0x0,
    0x0, 0x0, 0x0, 0xc, 0xff, 0xff, 0xf2, 0x0,
    0x0, 0x0, 0x0, 0x0, 0x1, 0xdf, 0xff, 0xfc,
    0x0, 0x0, 0x0, 0x0, 0x0, 0x0, 0x2e, 0xff,
    0xff, 0x60, 0x0, 0x0, 0x0, 0x0, 0x0, 0x3,
    0xff, 0xff, 0xf1, 0x0, 0x0, 0x0, 0x0, 0x0,
    0x0, 0x0, 0x0, 0x0, 0x0, 0x0, 0x0, 0x0,
    0x0, 0x0, 0x0, 0x0, 0x0, 0x0, 0x0, 0x0,
    0x7f, 0xff, 0xff, 0xf2, 0x0, 0x5f, 0xff, 0xff,
    0xf5, 0x7f, 0xff, 0xff, 0xf2, 0x0, 0x5f, 0xff,
    0xff, 0xf5, 0x7f, 0xff, 0xff, 0xf2, 0x0, 0x5f,
    0xff, 0xff, 0xf5, 0x7f, 0xff, 0xff, 0xf2, 0x0,
    0x5f, 0xff, 0xff, 0xf5, 0x7f, 0xff, 0xff, 0xf2,
    0x0, 0x5f, 0xff, 0xff, 0xf5, 0x7f, 0xff, 0xff,
    0xf2, 0x0, 0x5f, 0xff, 0xff, 0xf5, 0x7f, 0xff,
    0xff, 0xf2, 0x0, 0x5f, 0xff, 0xff, 0xf5, 0x7f,
    0xff, 0xff, 0xf2, 0x0, 0x5f, 0xff, 0xff, 0xf5,
    0x7f, 0xff, 0xff, 0xf2, 0x0, 0x5f, 0xff, 0xff,
    0xf5, 0x7f, 0xff, 0xff, 0xf2, 0x0, 0x5f, 0xff,
    0xff, 0xf5, 0x7f, 0xff, 0xff, 0xf2, 0x0, 0x5f,
    0xff, 0xff, 0xf5, 0x7f, 0xff, 0xff, 0xf2, 0x0,
    0x5f, 0xff, 0xff, 0xf5, 0x7f, 0xff, 0xff, 0xf2,
    0x0, 0x5f, 0xff, 0xff, 0xf5, 0x7f, 0xff, 0xff,
    0xf2, 0x0, 0x5f, 0xff, 0xff, 0xf5, 0x7f, 0xff,
    0xff, 0xf2, 0x0, 0x5f, 0xff, 0xff, 0xf5, 0x7f,
    0xff, 0xff, 0xf2, 0x0, 0x5f, 0xff, 0xff, 0xf5,
    0x7f, 0xff, 0xff, 0xf2, 0x0, 0x5f, 0xff, 0xff,
    0xf5, 0x7f, 0xff, 0xff, 0xf2, 0x0, 0x5f, 0xff,
    0xff, 0xf5, 0x7f, 0xff, 0xff, 0xf3, 0x0, 0x5f,
    0xff, 0xff, 0xf5, 0x7f, 0xff, 0xff, 0xfe, 0xcc,
    0xff, 0xff, 0xff, 0xf4, 0x5f, 0xff, 0xff, 0xff,
    0xff, 0xff, 0xff, 0xff, 0xf3, 0x1f, 0xff, 0xff,
    0xff, 0xff, 0xff, 0xff, 0xff, 0xd0, 0x6, 0xff,
    0xff, 0xff, 0xff, 0xff, 0xff, 0xff, 0x40, 0x0,
    0x4a, 0xef, 0xff, 0xff, 0xff, 0xfd, 0x92, 0x0,

    /* U+00DA "Ú" */
    0x0, 0x0, 0x0, 0x0, 0x5, 0xbb, 0xbb, 0xb9,
    0x0, 0x0, 0x0, 0x0, 0x0, 0x1f, 0xff, 0xff,
    0xf3, 0x0, 0x0, 0x0, 0x0, 0x0, 0xaf, 0xff,
    0xff, 0x40, 0x0, 0x0, 0x0, 0x0, 0x5, 0xff,
    0xff, 0xf6, 0x0, 0x0, 0x0, 0x0, 0x0, 0x1e,
    0xff, 0xff, 0x70, 0x0, 0x0, 0x0, 0x0, 0x0,
    0x9f, 0xff, 0xf9, 0x0, 0x0, 0x0, 0x0, 0x0,
    0x0, 0x0, 0x0, 0x0, 0x0, 0x0, 0x0, 0x0,
    0x0, 0x0, 0x0, 0x0, 0x0, 0x0, 0x0, 0x0,
    0x7f, 0xff, 0xff, 0xf2, 0x0, 0x5f, 0xff, 0xff,
    0xf5, 0x7f, 0xff, 0xff, 0xf2, 0x0, 0x5f, 0xff,
    0xff, 0xf5, 0x7f, 0xff, 0xff, 0xf2, 0x0, 0x5f,
    0xff, 0xff, 0xf5, 0x7f, 0xff, 0xff, 0xf2, 0x0,
    0x5f, 0xff, 0xff, 0xf5, 0x7f, 0xff, 0xff, 0xf2,
    0x0, 0x5f, 0xff, 0xff, 0xf5, 0x7f, 0xff, 0xff,
    0xf2, 0x0, 0x5f, 0xff, 0xff, 0xf5, 0x7f, 0xff,
    0xff, 0xf2, 0x0, 0x5f, 0xff, 0xff, 0xf5, 0x7f,
    0xff, 0xff, 0xf2, 0x0, 0x5f, 0xff, 0xff, 0xf5,
    0x7f, 0xff, 0xff, 0xf2, 0x0, 0x5f, 0xff, 0xff,
    0xf5, 0x7f, 0xff, 0xff, 0xf2, 0x0, 0x5f, 0xff,
    0xff, 0xf5, 0x7f, 0xff, 0xff, 0xf2, 0x0, 0x5f,
    0xff, 0xff, 0xf5, 0x7f, 0xff, 0xff, 0xf2, 0x0,
    0x5f, 0xff, 0xff, 0xf5, 0x7f, 0xff, 0xff, 0xf2,
    0x0, 0x5f, 0xff, 0xff, 0xf5, 0x7f, 0xff, 0xff,
    0xf2, 0x0, 0x5f, 0xff, 0xff, 0xf5, 0x7f, 0xff,
    0xff, 0xf2, 0x0, 0x5f, 0xff, 0xff, 0xf5, 0x7f,
    0xff, 0xff, 0xf2, 0x0, 0x5f, 0xff, 0xff, 0xf5,
    0x7f, 0xff, 0xff, 0xf2, 0x0, 0x5f, 0xff, 0xff,
    0xf5, 0x7f, 0xff, 0xff, 0xf2, 0x0, 0x5f, 0xff,
    0xff, 0xf5, 0x7f, 0xff, 0xff, 0xf3, 0x0, 0x5f,
    0xff, 0xff, 0xf5, 0x7f, 0xff, 0xff, 0xfe, 0xcc,
    0xff, 0xff, 0xff, 0xf4, 0x5f, 0xff, 0xff, 0xff,
    0xff, 0xff, 0xff, 0xff, 0xf3, 0x1f, 0xff, 0xff,
    0xff, 0xff, 0xff, 0xff, 0xff, 0xd0, 0x6, 0xff,
    0xff, 0xff, 0xff, 0xff, 0xff, 0xff, 0x40, 0x0,
    0x4a, 0xef, 0xff, 0xff, 0xff, 0xfd, 0x92, 0x0,

    /* U+00DB "Û" */
    0x0, 0x0, 0x3, 0xbb, 0xbb, 0xbb, 0x20, 0x0,
    0x0, 0x0, 0x0, 0x2e, 0xff, 0xff, 0xff, 0xd1,
    0x0, 0x0, 0x0, 0x1, 0xef, 0xff, 0xff, 0xff,
    0xfc, 0x0, 0x0, 0x0, 0xc, 0xff, 0xff, 0xce,
    0xff, 0xff, 0xa0, 0x0, 0x0, 0xbf, 0xff, 0xfe,
    0x23, 0xff, 0xff, 0xf9, 0x0, 0x9, 0xff, 0xff,
    0xf4, 0x0, 0x7f, 0xff, 0xff, 0x70, 0x0, 0x0,
    0x0, 0x0, 0x0, 0x0, 0x0, 0x0, 0x0, 0x0,
    0x0, 0x0, 0x0, 0x0, 0x0, 0x0, 0x0, 0x0,
    0x7f, 0xff, 0xff, 0xf2, 0x0, 0x5f, 0xff, 0xff,
    0xf5, 0x7f, 0xff, 0xff, 0xf2, 0x0, 0x5f, 0xff,
    0xff, 0xf5, 0x7f, 0xff, 0xff, 0xf2, 0x0, 0x5f,
    0xff, 0xff, 0xf5, 0x7f, 0xff, 0xff, 0xf2, 0x0,
    0x5f, 0xff, 0xff, 0xf5, 0x7f, 0xff, 0xff, 0xf2,
    0x0, 0x5f, 0xff, 0xff, 0xf5, 0x7f, 0xff, 0xff,
    0xf2, 0x0, 0x5f, 0xff, 0xff, 0xf5, 0x7f, 0xff,
    0xff, 0xf2, 0x0, 0x5f, 0xff, 0xff, 0xf5, 0x7f,
    0xff, 0xff, 0xf2, 0x0, 0x5f, 0xff, 0xff, 0xf5,
    0x7f, 0xff, 0xff, 0xf2, 0x0, 0x5f, 0xff, 0xff,
    0xf5, 0x7f, 0xff, 0xff, 0xf2, 0x0, 0x5f, 0xff,
    0xff, 0xf5, 0x7f, 0xff, 0xff, 0xf2, 0x0, 0x5f,
    0xff, 0xff, 0xf5, 0x7f, 0xff, 0xff, 0xf2, 0x0,
    0x5f, 0xff, 0xff, 0xf5, 0x7f, 0xff, 0xff, 0xf2,
    0x0, 0x5f, 0xff, 0xff, 0xf5, 0x7f, 0xff, 0xff,
    0xf2, 0x0, 0x5f, 0xff, 0xff, 0xf5, 0x7f, 0xff,
    0xff, 0xf2, 0x0, 0x5f, 0xff, 0xff, 0xf5, 0x7f,
    0xff, 0xff, 0xf2, 0x0, 0x5f, 0xff, 0xff, 0xf5,
    0x7f, 0xff, 0xff, 0xf2, 0x0, 0x5f, 0xff, 0xff,
    0xf5, 0x7f, 0xff, 0xff, 0xf2, 0x0, 0x5f, 0xff,
    0xff, 0xf5, 0x7f, 0xff, 0xff, 0xf3, 0x0, 0x5f,
    0xff, 0xff, 0xf5, 0x7f, 0xff, 0xff, 0xfe, 0xcc,
    0xff, 0xff, 0xff, 0xf4, 0x5f, 0xff, 0xff, 0xff,
    0xff, 0xff, 0xff, 0xff, 0xf3, 0x1f, 0xff, 0xff,
    0xff, 0xff, 0xff, 0xff, 0xff, 0xd0, 0x6, 0xff,
    0xff, 0xff, 0xff, 0xff, 0xff, 0xff, 0x40, 0x0,
    0x4a, 0xef, 0xff, 0xff, 0xff, 0xfd, 0x92, 0x0,

    /* U+00DC "Ü" */
    0x8, 0xff, 0xff, 0xf3, 0x0, 0x6f, 0xff, 0xff,
    0x50, 0x9, 0xff, 0xff, 0xf3, 0x0, 0x7f, 0xff,
    0xff, 0x50, 0x9, 0xff, 0xff, 0xf3, 0x0, 0x7f,
    0xff, 0xff, 0x50, 0x9, 0xff, 0xff, 0xf3, 0x0,
    0x7f, 0xff, 0xff, 0x50, 0x9, 0xff, 0xff, 0xf3,
    0x0, 0x7f, 0xff, 0xff, 0x50, 0x0, 0x0, 0x0,
    0x0, 0x0, 0x0, 0x0, 0x0, 0x0, 0x0, 0x0,
    0x0, 0x0, 0x0, 0x0, 0x0, 0x0, 0x0, 0x7f,
    0xff, 0xff, 0xf2, 0x0, 0x5f, 0xff, 0xff, 0xf5,
    0x7f, 0xff, 0xff, 0xf2, 0x0, 0x5f, 0xff, 0xff,
    0xf5, 0x7f, 0xff, 0xff, 0xf2, 0x0, 0x5f, 0xff,
    0xff, 0xf5, 0x7f, 0xff, 0xff, 0xf2, 0x0, 0x5f,
    0xff, 0xff, 0xf5, 0x7f, 0xff, 0xff, 0xf2, 0x0,
    0x5f, 0xff, 0xff, 0xf5, 0x7f, 0xff, 0xff, 0xf2,
    0x0, 0x5f, 0xff, 0xff, 0xf5, 0x7f, 0xff, 0xff,
    0xf2, 0x0, 0x5f, 0xff, 0xff, 0xf5, 0x7f, 0xff,
    0xff, 0xf2, 0x0, 0x5f, 0xff, 0xff, 0xf5, 0x7f,
    0xff, 0xff, 0xf2, 0x0, 0x5f, 0xff, 0xff, 0xf5,
    0x7f, 0xff, 0xff, 0xf2, 0x0, 0x5f, 0xff, 0xff,
    0xf5, 0x7f, 0xff, 0xff, 0xf2, 0x0, 0x5f, 0xff,
    0xff, 0xf5, 0x7f, 0xff, 0xff, 0xf2, 0x0, 0x5f,
    0xff, 0xff, 0xf5, 0x7f, 0xff, 0xff, 0xf2, 0x0,
    0x5f, 0xff, 0xff, 0xf5, 0x7f, 0xff, 0xff, 0xf2,
    0x0, 0x5f, 0xff, 0xff, 0xf5, 0x7f, 0xff, 0xff,
    0xf2, 0x0, 0x5f, 0xff, 0xff, 0xf5, 0x7f, 0xff,
    0xff, 0xf2, 0x0, 0x5f, 0xff, 0xff, 0xf5, 0x7f,
    0xff, 0xff, 0xf2, 0x0, 0x5f, 0xff, 0xff, 0xf5,
    0x7f, 0xff, 0xff, 0xf2, 0x0, 0x5f, 0xff, 0xff,
    0xf5, 0x7f, 0xff, 0xff, 0xf3, 0x0, 0x5f, 0xff,
    0xff, 0xf5, 0x7f, 0xff, 0xff, 0xfe, 0xcc, 0xff,
    0xff, 0xff, 0xf4, 0x5f, 0xff, 0xff, 0xff, 0xff,
    0xff, 0xff, 0xff, 0xf3, 0x1f, 0xff, 0xff, 0xff,
    0xff, 0xff, 0xff, 0xff, 0xd0, 0x6, 0xff, 0xff,
    0xff, 0xff, 0xff, 0xff, 0xff, 0x40, 0x0, 0x4a,
    0xef, 0xff, 0xff, 0xff, 0xfd, 0x92, 0x0,

    /* U+00DD "Ý" */
    0x0, 0x0, 0x0, 0x0, 0x0, 0x5b, 0xbb, 0xbb,
    0x90, 0x0, 0x0, 0x0, 0x0, 0x0, 0x1, 0xff,
    0xff, 0xff, 0x30, 0x0, 0x0, 0x0, 0x0, 0x0,
    0xa, 0xff, 0xff, 0xf4, 0x0, 0x0, 0x0, 0x0,
    0x0, 0x0, 0x5f, 0xff, 0xff, 0x60, 0x0, 0x0,
    0x0, 0x0, 0x0, 0x1, 0xef, 0xff, 0xf7, 0x0,
    0x0, 0x0, 0x0, 0x0, 0x0, 0x9, 0xff, 0xff,
    0x90, 0x0, 0x0, 0x0, 0x0, 0x0, 0x0, 0x0,
    0x0, 0x0, 0x0, 0x0, 0x0, 0x0, 0x0, 0x0,
    0x0, 0x0, 0x0, 0x0, 0x0, 0x0, 0x0, 0x0,
    0xcf, 0xff, 0xff, 0xf0, 0x0, 0x0, 0x3f, 0xff,
    0xff, 0xf8, 0x5f, 0xff, 0xff, 0xf4, 0x0, 0x0,
    0x7f, 0xff, 0xff, 0xf2, 0xe, 0xff, 0xff, 0xf9,
    0x0, 0x0, 0xcf, 0xff, 0xff, 0xb0, 0x8, 0xff,
    0xff, 0xfe, 0x0, 0x1, 0xff, 0xff, 0xff, 0x50,
    0x1, 0xff, 0xff, 0xff, 0x40, 0x6, 0xff, 0xff,
    0xfe, 0x0, 0x0, 0xaf, 0xff, 0xff, 0x90, 0xb,
    0xff, 0xff, 0xf8, 0x0, 0x0, 0x4f, 0xff, 0xff,
    0xe0, 0xf, 0xff, 0xff, 0xf2, 0x0, 0x0, 0xd,
    0xff, 0xff, 0xf3, 0x4f, 0xff, 0xff, 0xb0, 0x0,
    0x0, 0x6, 0xff, 0xff, 0xf8, 0x9f, 0xff, 0xff,
    0x50, 0x0, 0x0, 0x0, 0xff, 0xff, 0xfe, 0xef,
    0xff, 0xfe, 0x0, 0x0, 0x0, 0x0, 0x8f, 0xff,
    0xff, 0xff, 0xff, 0xf8, 0x0, 0x0, 0x0, 0x0,
    0x2f, 0xff, 0xff, 0xff, 0xff, 0xf2, 0x0, 0x0,
    0x0, 0x0, 0xb, 0xff, 0xff, 0xff, 0xff, 0xb0,
    0x0, 0x0, 0x0, 0x0, 0x4, 0xff, 0xff, 0xff,
    0xff, 0x50, 0x0, 0x0, 0x0, 0x0, 0x0, 0xdf,
    0xff, 0xff, 0xfe, 0x0, 0x0, 0x0, 0x0, 0x0,
    0x0, 0x7f, 0xff, 0xff, 0xf9, 0x0, 0x0, 0x0,
    0x0, 0x0, 0x0, 0x4f, 0xff, 0xff, 0xf6, 0x0,
    0x0, 0x0, 0x0, 0x0, 0x0, 0x4f, 0xff, 0xff,
    0xf6, 0x0, 0x0, 0x0, 0x0, 0x0, 0x0, 0x4f,
    0xff, 0xff, 0xf6, 0x0, 0x0, 0x0, 0x0, 0x0,
    0x0, 0x4f, 0xff, 0xff, 0xf6, 0x0, 0x0, 0x0,
    0x0, 0x0, 0x0, 0x4f, 0xff, 0xff, 0xf6, 0x0,
    0x0, 0x0, 0x0, 0x0, 0x0, 0x4f, 0xff, 0xff,
    0xf6, 0x0, 0x0, 0x0, 0x0, 0x0, 0x0, 0x4f,
    0xff, 0xff, 0xf6, 0x0, 0x0, 0x0, 0x0, 0x0,
    0x0, 0x4f, 0xff, 0xff, 0xf6, 0x0, 0x0, 0x0,

    /* U+00DE "Þ" */
    0x4f, 0xff, 0xff, 0xf5, 0x0, 0x0, 0x0, 0x0,
    0x0, 0x4f, 0xff, 0xff, 0xf5, 0x0, 0x0, 0x0,
    0x0, 0x0, 0x4f, 0xff, 0xff, 0xf5, 0x0, 0x0,
    0x0, 0x0, 0x0, 0x4f, 0xff, 0xff, 0xf5, 0x0,
    0x0, 0x0, 0x0, 0x0, 0x4f, 0xff, 0xff, 0xff,
    0xff, 0xff, 0xfd, 0x91, 0x0, 0x4f, 0xff, 0xff,
    0xff, 0xff, 0xff, 0xff, 0xfe, 0x20, 0x4f, 0xff,
    0xff, 0xff, 0xff, 0xff, 0xff, 0xff, 0xc0, 0x4f,
    0xff, 0xff, 0xff, 0xff, 0xff, 0xff, 0xff, 0xf1,
    0x4f, 0xff, 0xff, 0xfb, 0x99, 0xef, 0xff, 0xff,
    0xf3, 0x4f, 0xff, 0xff, 0xf5, 0x0, 0x7f, 0xff,
    0xff, 0xf3, 0x4f, 0xff, 0xff, 0xf5, 0x0, 0x7f,
    0xff, 0xff, 0xf3, 0x4f, 0xff, 0xff, 0xf5, 0x0,
    0x7f, 0xff, 0xff, 0xf3, 0x4f, 0xff, 0xff, 0xf5,
    0x0, 0x7f, 0xff, 0xff, 0xf3, 0x4f, 0xff, 0xff,
    0xf5, 0x0, 0x7f, 0xff, 0xff, 0xf3, 0x4f, 0xff,
    0xff, 0xf5, 0x0, 0x9f, 0xff, 0xff, 0xf3, 0x4f,
    0xff, 0xff, 0xff, 0xff, 0xff, 0xff, 0xff, 0xf2,
    0x4f, 0xff, 0xff, 0xff, 0xff, 0xff, 0xff, 0xff,
    0xf0, 0x4f, 0xff, 0xff, 0xff, 0xff, 0xff, 0xff,
    0xff, 0x80, 0x4f, 0xff, 0xff, 0xff, 0xff, 0xff,
    0xff, 0xf9, 0x0, 0x4f, 0xff, 0xff, 0xfb, 0x99,
    0x99, 0x86, 0x20, 0x0, 0x4f, 0xff, 0xff, 0xf5,
    0x0, 0x0, 0x0, 0x0, 0x0, 0x4f, 0xff, 0xff,
    0xf5, 0x0, 0x0, 0x0, 0x0, 0x0, 0x4f, 0xff,
    0xff, 0xf5, 0x0, 0x0, 0x0, 0x0, 0x0, 0x4f,
    0xff, 0xff, 0xf5, 0x0, 0x0, 0x0, 0x0, 0x0,

    /* U+00DF "ß" */
    0x0, 0x4b, 0xef, 0xff, 0xff, 0xff, 0xff, 0xff,
    0xff, 0xea, 0x30, 0x0, 0x0, 0x5f, 0xff, 0xff,
    0xff, 0xff, 0xff, 0xff, 0xff, 0xff, 0xff, 0x40,
    0x0, 0xe, 0xff, 0xff, 0xff, 0xff, 0xff, 0xff,
    0xff, 0xff, 0xff, 0xfe, 0x0, 0x3, 0xff, 0xff,
    0xff, 0xff, 0xff, 0xff, 0xff, 0xff, 0xff, 0xff,
    0xf2, 0x0, 0x4f, 0xff, 0xff, 0xff, 0xcc, 0xcc,
    0xcc, 0xcf, 0xff, 0xff, 0xff, 0x30, 0x4, 0xff,
    0xff, 0xff, 0x60, 0x0, 0x0, 0x0, 0xdf, 0xff,
    0xff, 0xf3, 0x0, 0x4f, 0xff, 0xff, 0xf5, 0x0,
    0x0, 0x1, 0x2e, 0xff, 0xff, 0xff, 0x30, 0x4,
    0xff, 0xff, 0xff, 0x50, 0x4, 0xcf, 0xff, 0xff,
    0xff, 0xff, 0xf2, 0x0, 0x4f, 0xff, 0xff, 0xf5,
    0x3, 0xff, 0xff, 0xff, 0xff, 0xff, 0xfe, 0x0,
    0x4, 0xff, 0xff, 0xff, 0x50, 0xaf, 0xff, 0xff,
    0xff, 0xff, 0xfd, 0x30, 0x0, 0x4f, 0xff, 0xff,
    0xf5, 0xd, 0xff, 0xff, 0xfb, 0x33, 0x21, 0x0,
    0x0, 0x4, 0xff, 0xff, 0xff, 0x50, 0xdf, 0xff,
    0xff, 0x90, 0x0, 0x0, 0x0, 0x0, 0x4f, 0xff,
    0xff, 0xf5, 0xc, 0xff, 0xff, 0xff, 0xff, 0xff,
    0xd9, 0x20, 0x4, 0xff, 0xff, 0xff, 0x50, 0x9f,
    0xff, 0xff, 0xff, 0xff, 0xff, 0xff, 0x20, 0x4f,
    0xff, 0xff, 0xf5, 0x2, 0xff, 0xff, 0xff, 0xff,
    0xff, 0xff, 0xfc, 0x4, 0xff, 0xff, 0xff, 0x50,
    0x3, 0xbf, 0xff, 0xff, 0xff, 0xff, 0xff, 0xf1,
    0x4f, 0xff, 0xff, 0xf5, 0x0, 0x0, 0x1, 0x22,
    0x27, 0xff, 0xff, 0xff, 0x34, 0xff, 0xff, 0xff,
    0x50, 0x55, 0x55, 0x55, 0x20, 0x3f, 0xff, 0xff,
    0xf4, 0x4f, 0xff, 0xff, 0xf5, 0xf, 0xff, 0xff,
    0xf6, 0x3, 0xff, 0xff, 0xff, 0x44, 0xff, 0xff,
    0xff, 0x50, 0xff, 0xff, 0xff, 0xc6, 0xaf, 0xff,
    0xff, 0xf4, 0x4f, 0xff, 0xff, 0xf5, 0xe, 0xff,
    0xff, 0xff, 0xff, 0xff, 0xff, 0xff, 0x24, 0xff,
    0xff, 0xff, 0x50, 0x9f, 0xff, 0xff, 0xff, 0xff,
    0xff, 0xff, 0xd0, 0x4f, 0xff, 0xff, 0xf5, 0x1,
    0xef, 0xff, 0xff, 0xff, 0xff, 0xff, 0xf4, 0x4,
    0xff, 0xff, 0xff, 0x50, 0x1, 0x8d, 0xff, 0xff,
    0xff, 0xfe, 0xb3, 0x0,

    /* U+00E0 "à" */
    0x1, 0xef, 0xff, 0xff, 0x50, 0x0, 0x0, 0x0,
    0x0, 0x2f, 0xff, 0xff, 0xe1, 0x0, 0x0, 0x0,
    0x0, 0x4, 0xff, 0xff, 0xf9, 0x0, 0x0, 0x0,
    0x0, 0x0, 0x5f, 0xff, 0xff, 0x40, 0x0, 0x0,
    0x0, 0x0, 0x7, 0xff, 0xff, 0xd0, 0x0, 0x0,
    0x0, 0x0, 0x0, 0x8b, 0xbb, 0xb5, 0x0, 0x0,
    0x0, 0x0, 0x0, 0x0, 0x0, 0x0, 0x0, 0x0,
    0x0, 0x8d, 0xff, 0xfb, 0x2a, 0xff, 0xff, 0xfb,
    0xc, 0xff, 0xff, 0xff, 0xeb, 0xff, 0xff, 0xfb,
    0x7f, 0xff, 0xff, 0xff, 0xff, 0xff, 0xff, 0xfb,
    0xbf, 0xff, 0xff, 0xff, 0xff, 0xff, 0xff, 0xfb,
    0xdf, 0xff, 0xff, 0xfc, 0xdf, 0xff, 0xff, 0xfb,
    0xdf, 0xff, 0xff, 0xa0, 0xe, 0xff, 0xff, 0xfb,
    0xdf, 0xff, 0xff, 0x90, 0xd, 0xff, 0xff, 0xfb,
    0xdf, 0xff, 0xff, 0x90, 0xc, 0xff, 0xff, 0xfb,
    0xdf, 0xff, 0xff, 0x90, 0xc, 0xff, 0xff, 0xfb,
    0xff, 0xff, 0xff, 0xa0, 0xc, 0xff, 0xff, 0xfb,
    0xdf, 0xff, 0xff, 0x90, 0xc, 0xff, 0xff, 0xfb,
    0xdf, 0xff, 0xff, 0x90, 0xc, 0xff, 0xff, 0xfb,
    0xdf, 0xff, 0xff, 0x90, 0xc, 0xff, 0xff, 0xfb,
    0xdf, 0xff, 0xff, 0xa0, 0xe, 0xff, 0xff, 0xfb,
    0xdf, 0xff, 0xff, 0xfc, 0xdf, 0xff, 0xff, 0xfb,
    0xbf, 0xff, 0xff, 0xff, 0xff, 0xff, 0xff, 0xfb,
    0x7f, 0xff, 0xff, 0xff, 0xff, 0xff, 0xff, 0xfb,
    0xc, 0xff, 0xff, 0xff, 0xed, 0xff, 0xff, 0xfb,
    0x0, 0x8d, 0xff, 0xfb, 0x2c, 0xff, 0xff, 0xfb,

    /* U+00E1 "á" */
    0x0, 0x0, 0x0, 0x0, 0xe, 0xff, 0xff, 0xf6,
    0x0, 0x0, 0x0, 0x0, 0x9f, 0xff, 0xff, 0x80,
    0x0, 0x0, 0x0, 0x3, 0xff, 0xff, 0xf9, 0x0,
    0x0, 0x0, 0x0, 0xd, 0xff, 0xff, 0xb0, 0x0,
    0x0, 0x0, 0x0, 0x8f, 0xff, 0xfc, 0x0, 0x0,
    0x0, 0x0, 0x1, 0xbb, 0xbb, 0xa1, 0x0, 0x0,
    0x0, 0x0, 0x0, 0x0, 0x0, 0x0, 0x0, 0x0,
    0x0, 0x8d, 0xff, 0xfb, 0x2a, 0xff, 0xff, 0xfb,
    0xc, 0xff, 0xff, 0xff, 0xeb, 0xff, 0xff, 0xfb,
    0x7f, 0xff, 0xff, 0xff, 0xff, 0xff, 0xff, 0xfb,
    0xbf, 0xff, 0xff, 0xff, 0xff, 0xff, 0xff, 0xfb,
    0xdf, 0xff, 0xff, 0xfc, 0xdf, 0xff, 0xff, 0xfb,
    0xdf, 0xff, 0xff, 0xa0, 0xe, 0xff, 0xff, 0xfb,
    0xdf, 0xff, 0xff, 0x90, 0xd, 0xff, 0xff, 0xfb,
    0xdf, 0xff, 0xff, 0x90, 0xc, 0xff, 0xff, 0xfb,
    0xdf, 0xff, 0xff, 0x90, 0xc, 0xff, 0xff, 0xfb,
    0xff, 0xff, 0xff, 0xa0, 0xc, 0xff, 0xff, 0xfb,
    0xdf, 0xff, 0xff, 0x90, 0xc, 0xff, 0xff, 0xfb,
    0xdf, 0xff, 0xff, 0x90, 0xc, 0xff, 0xff, 0xfb,
    0xdf, 0xff, 0xff, 0x90, 0xc, 0xff, 0xff, 0xfb,
    0xdf, 0xff, 0xff, 0xa0, 0xe, 0xff, 0xff, 0xfb,
    0xdf, 0xff, 0xff, 0xfc, 0xdf, 0xff, 0xff, 0xfb,
    0xbf, 0xff, 0xff, 0xff, 0xff, 0xff, 0xff, 0xfb,
    0x7f, 0xff, 0xff, 0xff, 0xff, 0xff, 0xff, 0xfb,
    0xc, 0xff, 0xff, 0xff, 0xed, 0xff, 0xff, 0xfb,
    0x0, 0x8d, 0xff, 0xfb, 0x2c, 0xff, 0xff, 0xfb,

    /* U+00E2 "â" */
    0x0, 0x0, 0x3f, 0xff, 0xff, 0xf8, 0x0, 0x0,
    0x0, 0x0, 0x2e, 0xff, 0xff, 0xff, 0xf6, 0x0,
    0x0, 0x0, 0x1e, 0xff, 0xff, 0xff, 0xff, 0xf4,
    0x0, 0x0, 0xd, 0xff, 0xff, 0xc8, 0xff, 0xff,
    0xf3, 0x0, 0xb, 0xff, 0xff, 0xe2, 0xb, 0xff,
    0xff, 0xe2, 0x5, 0xbb, 0xbb, 0xb4, 0x0, 0x1a,
    0xbb, 0xbb, 0x90, 0x0, 0x0, 0x0, 0x0, 0x0,
    0x0, 0x0, 0x0, 0x0, 0x8, 0xdf, 0xff, 0xb2,
    0xaf, 0xff, 0xff, 0xb0, 0xc, 0xff, 0xff, 0xff,
    0xeb, 0xff, 0xff, 0xfb, 0x7, 0xff, 0xff, 0xff,
    0xff, 0xff, 0xff, 0xff, 0xb0, 0xbf, 0xff, 0xff,
    0xff, 0xff, 0xff, 0xff, 0xfb, 0xd, 0xff, 0xff,
    0xff, 0xcd, 0xff, 0xff, 0xff, 0xb0, 0xdf, 0xff,
    0xff, 0xa0, 0xe, 0xff, 0xff, 0xfb, 0xd, 0xff,
    0xff, 0xf9, 0x0, 0xdf, 0xff, 0xff, 0xb0, 0xdf,
    0xff, 0xff, 0x90, 0xc, 0xff, 0xff, 0xfb, 0xd,
    0xff, 0xff, 0xf9, 0x0, 0xcf, 0xff, 0xff, 0xb0,
    0xff, 0xff, 0xff, 0xa0, 0xc, 0xff, 0xff, 0xfb,
    0xd, 0xff, 0xff, 0xf9, 0x0, 0xcf, 0xff, 0xff,
    0xb0, 0xdf, 0xff, 0xff, 0x90, 0xc, 0xff, 0xff,
    0xfb, 0xd, 0xff, 0xff, 0xf9, 0x0, 0xcf, 0xff,
    0xff, 0xb0, 0xdf, 0xff, 0xff, 0xa0, 0xe, 0xff,
    0xff, 0xfb, 0xd, 0xff, 0xff, 0xff, 0xcd, 0xff,
    0xff, 0xff, 0xb0, 0xbf, 0xff, 0xff, 0xff, 0xff,
    0xff, 0xff, 0xfb, 0x7, 0xff, 0xff, 0xff, 0xff,
    0xff, 0xff, 0xff, 0xb0, 0xc, 0xff, 0xff, 0xff,
    0xed, 0xff, 0xff, 0xfb, 0x0, 0x8, 0xdf, 0xff,
    0xb2, 0xcf, 0xff, 0xff, 0xb0,

    /* U+00E3 "ã" */
    0x2, 0xbf, 0xff, 0xb4, 0x0, 0x9f, 0xff, 0xf8,
    0xe, 0xff, 0xff, 0xff, 0x91, 0xbf, 0xff, 0xf8,
    0x4f, 0xff, 0xff, 0xff, 0xff, 0xff, 0xff, 0xf8,
    0x6f, 0xff, 0xff, 0xcf, 0xff, 0xff, 0xff, 0xf6,
    0x6f, 0xff, 0xfb, 0x3, 0xdf, 0xff, 0xff, 0xd0,
    0x4b, 0xbb, 0xb8, 0x0, 0x6, 0xab, 0xa7, 0x10,
    0x0, 0x0, 0x0, 0x0, 0x0, 0x0, 0x0, 0x0,
    0x0, 0x8d, 0xff, 0xfb, 0x2a, 0xff, 0xff, 0xfb,
    0xc, 0xff, 0xff, 0xff, 0xeb, 0xff, 0xff, 0xfb,
    0x7f, 0xff, 0xff, 0xff, 0xff, 0xff, 0xff, 0xfb,
    0xbf, 0xff, 0xff, 0xff, 0xff, 0xff, 0xff, 0xfb,
    0xdf, 0xff, 0xff, 0xfc, 0xdf, 0xff, 0xff, 0xfb,
    0xdf, 0xff, 0xff, 0xa0, 0xe, 0xff, 0xff, 0xfb,
    0xdf, 0xff, 0xff, 0x90, 0xd, 0xff, 0xff, 0xfb,
    0xdf, 0xff, 0xff, 0x90, 0xc, 0xff, 0xff, 0xfb,
    0xdf, 0xff, 0xff, 0x90, 0xc, 0xff, 0xff, 0xfb,
    0xff, 0xff, 0xff, 0xa0, 0xc, 0xff, 0xff, 0xfb,
    0xdf, 0xff, 0xff, 0x90, 0xc, 0xff, 0xff, 0xfb,
    0xdf, 0xff, 0xff, 0x90, 0xc, 0xff, 0xff, 0xfb,
    0xdf, 0xff, 0xff, 0x90, 0xc, 0xff, 0xff, 0xfb,
    0xdf, 0xff, 0xff, 0xa0, 0xe, 0xff, 0xff, 0xfb,
    0xdf, 0xff, 0xff, 0xfc, 0xdf, 0xff, 0xff, 0xfb,
    0xbf, 0xff, 0xff, 0xff, 0xff, 0xff, 0xff, 0xfb,
    0x7f, 0xff, 0xff, 0xff, 0xff, 0xff, 0xff, 0xfb,
    0xc, 0xff, 0xff, 0xff, 0xed, 0xff, 0xff, 0xfb,
    0x0, 0x8d, 0xff, 0xfb, 0x2c, 0xff, 0xff, 0xfb,

    /* U+00E4 "ä" */
    0xf, 0xff, 0xff, 0xd0, 0x0, 0xdf, 0xff, 0xff,
    0xf, 0xff, 0xff, 0xd0, 0x0, 0xdf, 0xff, 0xff,
    0xf, 0xff, 0xff, 0xd0, 0x0, 0xdf, 0xff, 0xff,
    0xf, 0xff, 0xff, 0xd0, 0x0, 0xdf, 0xff, 0xff,
    0xe, 0xff, 0xff, 0xc0, 0x0, 0xcf, 0xff, 0xfe,
    0x0, 0x0, 0x0, 0x0, 0x0, 0x0, 0x0, 0x0,
    0x0, 0x8d, 0xff, 0xfb, 0x2a, 0xff, 0xff, 0xfb,
    0xc, 0xff, 0xff, 0xff, 0xeb, 0xff, 0xff, 0xfb,
    0x7f, 0xff, 0xff, 0xff, 0xff, 0xff, 0xff, 0xfb,
    0xbf, 0xff, 0xff, 0xff, 0xff, 0xff, 0xff, 0xfb,
    0xdf, 0xff, 0xff, 0xfc, 0xdf, 0xff, 0xff, 0xfb,
    0xdf, 0xff, 0xff, 0xa0, 0xe, 0xff, 0xff, 0xfb,
    0xdf, 0xff, 0xff, 0x90, 0xd, 0xff, 0xff, 0xfb,
    0xdf, 0xff, 0xff, 0x90, 0xc, 0xff, 0xff, 0xfb,
    0xdf, 0xff, 0xff, 0x90, 0xc, 0xff, 0xff, 0xfb,
    0xff, 0xff, 0xff, 0xa0, 0xc, 0xff, 0xff, 0xfb,
    0xdf, 0xff, 0xff, 0x90, 0xc, 0xff, 0xff, 0xfb,
    0xdf, 0xff, 0xff, 0x90, 0xc, 0xff, 0xff, 0xfb,
    0xdf, 0xff, 0xff, 0x90, 0xc, 0xff, 0xff, 0xfb,
    0xdf, 0xff, 0xff, 0xa0, 0xe, 0xff, 0xff, 0xfb,
    0xdf, 0xff, 0xff, 0xfc, 0xdf, 0xff, 0xff, 0xfb,
    0xbf, 0xff, 0xff, 0xff, 0xff, 0xff, 0xff, 0xfb,
    0x7f, 0xff, 0xff, 0xff, 0xff, 0xff, 0xff, 0xfb,
    0xc, 0xff, 0xff, 0xff, 0xed, 0xff, 0xff, 0xfb,
    0x0, 0x8d, 0xff, 0xfb, 0x2c, 0xff, 0xff, 0xfb,

    /* U+00E5 "å" */
    0x0, 0x0, 0x7a, 0xbb, 0xbb, 0xb8, 0x10, 0x0,
    0x0, 0xc, 0xff, 0xff, 0xff, 0xff, 0xe1, 0x0,
    0x0, 0x3f, 0xff, 0xff, 0xff, 0xff, 0xf7, 0x0,
    0x0, 0x6f, 0xff, 0xb0, 0x7, 0xff, 0xf9, 0x0,
    0x0, 0x6f, 0xff, 0xb0, 0x7, 0xff, 0xf9, 0x0,
    0x0, 0x3f, 0xff, 0xff, 0xff, 0xff, 0xf7, 0x0,
    0x0, 0xb, 0xff, 0xff, 0xff, 0xff, 0xe1, 0x0,
    0x0, 0x0, 0x6a, 0xbb, 0xbb, 0xa7, 0x10, 0x0,
    0x0, 0x0, 0x0, 0x0, 0x0, 0x0, 0x0, 0x0,
    0x0, 0x8d, 0xff, 0xfb, 0x2a, 0xff, 0xff, 0xfb,
    0xc, 0xff, 0xff, 0xff, 0xeb, 0xff, 0xff, 0xfb,
    0x7f, 0xff, 0xff, 0xff, 0xff, 0xff, 0xff, 0xfb,
    0xbf, 0xff, 0xff, 0xff, 0xff, 0xff, 0xff, 0xfb,
    0xdf, 0xff, 0xff, 0xfc, 0xdf, 0xff, 0xff, 0xfb,
    0xdf, 0xff, 0xff, 0xa0, 0xe, 0xff, 0xff, 0xfb,
    0xdf, 0xff, 0xff, 0x90, 0xd, 0xff, 0xff, 0xfb,
    0xdf, 0xff, 0xff, 0x90, 0xc, 0xff, 0xff, 0xfb,
    0xdf, 0xff, 0xff, 0x90, 0xc, 0xff, 0xff, 0xfb,
    0xff, 0xff, 0xff, 0xa0, 0xc, 0xff, 0xff, 0xfb,
    0xdf, 0xff, 0xff, 0x90, 0xc, 0xff, 0xff, 0xfb,
    0xdf, 0xff, 0xff, 0x90, 0xc, 0xff, 0xff, 0xfb,
    0xdf, 0xff, 0xff, 0x90, 0xc, 0xff, 0xff, 0xfb,
    0xdf, 0xff, 0xff, 0xa0, 0xe, 0xff, 0xff, 0xfb,
    0xdf, 0xff, 0xff, 0xfc, 0xdf, 0xff, 0xff, 0xfb,
    0xbf, 0xff, 0xff, 0xff, 0xff, 0xff, 0xff, 0xfb,
    0x7f, 0xff, 0xff, 0xff, 0xff, 0xff, 0xff, 0xfb,
    0xc, 0xff, 0xff, 0xff, 0xed, 0xff, 0xff, 0xfb,
    0x0, 0x8d, 0xff, 0xfb, 0x2c, 0xff, 0xff, 0xfb,

    /* U+00E6 "æ" */
    0x0, 0x6c, 0xff, 0xff, 0xfc, 0x60, 0x1, 0x9d,
    0xff, 0xff, 0xfd, 0x81, 0x0, 0x9, 0xff, 0xff,
    0xff, 0xff, 0xfc, 0x4f, 0xff, 0xff, 0xff, 0xff,
    0xfe, 0x20, 0x3f, 0xff, 0xff, 0xff, 0xff, 0xff,
    0xff, 0xff, 0xff, 0xff, 0xff, 0xff, 0xb0, 0x8f,
    0xff, 0xff, 0xff, 0xff, 0xff, 0xff, 0xff, 0xff,
    0xff, 0xff, 0xff, 0xf1, 0xaf, 0xff, 0xff, 0xfd,
    0xcf, 0xff, 0xff, 0xff, 0x99, 0xbf, 0xff, 0xff,
    0xf3, 0xaf, 0xff, 0xff, 0xd0, 0xa, 0xff, 0xff,
    0xfb, 0x0, 0x1f, 0xff, 0xff, 0xf3, 0xaf, 0xff,
    0xff, 0xc0, 0x9, 0xff, 0xff, 0xfb, 0x0, 0xf,
    0xff, 0xff, 0xf3, 0x69, 0x99, 0x99, 0x70, 0xa,
    0xff, 0xff, 0xfb, 0x0, 0xf, 0xff, 0xff, 0xf3,
    0x0, 0x0, 0x0, 0x17, 0xdf, 0xff, 0xff, 0xff,
    0xff, 0xff, 0xff, 0xff, 0xf4, 0x0, 0x0, 0x39,
    0xff, 0xff, 0xff, 0xff, 0xff, 0xff, 0xff, 0xff,
    0xff, 0xf4, 0x0, 0x6c, 0xff, 0xff, 0xff, 0xff,
    0xff, 0xff, 0xff, 0xff, 0xff, 0xff, 0xf4, 0x6f,
    0xff, 0xff, 0xff, 0xee, 0xff, 0xff, 0xfe, 0xcc,
    0xcc, 0xcc, 0xcc, 0xc2, 0xaf, 0xff, 0xff, 0xe5,
    0x9, 0xff, 0xff, 0xfb, 0x0, 0x2, 0x22, 0x22,
    0x20, 0xaf, 0xff, 0xff, 0xd0, 0xa, 0xff, 0xff,
    0xfb, 0x0, 0xf, 0xff, 0xff, 0xf3, 0xaf, 0xff,
    0xff, 0xfc, 0xcf, 0xff, 0xff, 0xff, 0x99, 0xbf,
    0xff, 0xff, 0xf3, 0x9f, 0xff, 0xff, 0xff, 0xff,
    0xff, 0xff, 0xff, 0xff, 0xff, 0xff, 0xff, 0xf1,
    0x4f, 0xff, 0xff, 0xff, 0xff, 0xff, 0xff, 0xff,
    0xff, 0xff, 0xff, 0xff, 0xc0, 0xb, 0xff, 0xff,
    0xff, 0xff, 0xfc, 0x4f, 0xff, 0xff, 0xff, 0xff,
    0xff, 0x30, 0x0, 0x7c, 0xff, 0xff, 0xfc, 0x60,
    0x2, 0x9d, 0xff, 0xff, 0xfd, 0x92, 0x0,

    /* U+00E7 "ç" */
    0x0, 0x6c, 0xef, 0xff, 0xff, 0xfd, 0xa2, 0x0,
    0xb, 0xff, 0xff, 0xff, 0xff, 0xff, 0xff, 0x40,
    0x6f, 0xff, 0xff, 0xff, 0xff, 0xff, 0xff, 0xe0,
    0xbf, 0xff, 0xff, 0xff, 0xff, 0xff, 0xff, 0xf3,
    0xdf, 0xff, 0xff, 0xfc, 0xdf, 0xff, 0xff, 0xf5,
    0xdf, 0xff, 0xff, 0xa0, 0xe, 0xff, 0xff, 0xf6,
    0xdf, 0xff, 0xff, 0x90, 0xd, 0xff, 0xff, 0xf6,
    0xdf, 0xff, 0xff, 0x90, 0x4, 0x55, 0x55, 0x52,
    0xdf, 0xff, 0xff, 0x90, 0x0, 0x0, 0x0, 0x0,
    0xdf, 0xff, 0xff, 0x90, 0x0, 0x0, 0x0, 0x0,
    0xdf, 0xff, 0xff, 0x90, 0x0, 0x0, 0x0, 0x0,
    0xdf, 0xff, 0xff, 0x90, 0x4, 0x55, 0x55, 0x52,
    0xdf, 0xff, 0xff, 0x90, 0xd, 0xff, 0xff, 0xf6,
    0xdf, 0xff, 0xff, 0xa0, 0xe, 0xff, 0xff, 0xf6,
    0xdf, 0xff, 0xff, 0xfc, 0xdf, 0xff, 0xff, 0xf5,
    0xbf, 0xff, 0xff, 0xff, 0xff, 0xff, 0xff, 0xf3,
    0x6f, 0xff, 0xff, 0xff, 0xff, 0xff, 0xff, 0xe0,
    0xb, 0xff, 0xff, 0xff, 0xff, 0xff, 0xff, 0x40,
    0x0, 0x6c, 0xef, 0xff, 0xff, 0xfd, 0xa2, 0x0,
    0x0, 0x0, 0x0, 0x0, 0x0, 0x0, 0x0, 0x0,
    0x0, 0x0, 0x3, 0x33, 0x33, 0x30, 0x0, 0x0,
    0x0, 0x0, 0x1f, 0xff, 0xff, 0xf0, 0x0, 0x0,
    0x0, 0x0, 0x1f, 0xff, 0xff, 0xf0, 0x0, 0x0,
    0x0, 0x0, 0x1f, 0xff, 0xff, 0xf0, 0x0, 0x0,
    0x0, 0x66, 0x9f, 0xff, 0xff, 0xf0, 0x0, 0x0,
    0x0, 0xff, 0xff, 0xff, 0xff, 0xe0, 0x0, 0x0,
    0x0, 0xff, 0xff, 0xff, 0xff, 0x80, 0x0, 0x0,
    0x0, 0xff, 0xff, 0xff, 0xfd, 0x0, 0x0, 0x0,
    0x0, 0xff, 0xff, 0xfc, 0x70, 0x0, 0x0, 0x0,

    /* U+00E8 "è" */
    0x9, 0xff, 0xff, 0xfc, 0x0, 0x0, 0x0, 0x0,
    0x0, 0xa, 0xff, 0xff, 0xf6, 0x0, 0x0, 0x0,
    0x0, 0x0, 0xc, 0xff, 0xff, 0xf1, 0x0, 0x0,
    0x0, 0x0, 0x0, 0x1d, 0xff, 0xff, 0xb0, 0x0,
    0x0, 0x0, 0x0, 0x0, 0x1e, 0xff, 0xff, 0x50,
    0x0, 0x0, 0x0, 0x0, 0x0, 0x3b, 0xbb, 0xba,
    0x0, 0x0, 0x0, 0x0, 0x0, 0x0, 0x0, 0x0,
    0x0, 0x0, 0x0, 0x0, 0x0, 0x6c, 0xef, 0xff,
    0xff, 0xfe, 0xc7, 0x0, 0x0, 0xbf, 0xff, 0xff,
    0xff, 0xff, 0xff, 0xfc, 0x0, 0x6f, 0xff, 0xff,
    0xff, 0xff, 0xff, 0xff, 0xf7, 0xb, 0xff, 0xff,
    0xff, 0xff, 0xff, 0xff, 0xff, 0xc0, 0xdf, 0xff,
    0xff, 0xb7, 0x7a, 0xff, 0xff, 0xfe, 0xd, 0xff,
    0xff, 0xf4, 0x0, 0x2f, 0xff, 0xff, 0xf0, 0xdf,
    0xff, 0xff, 0x40, 0x2, 0xff, 0xff, 0xff, 0xd,
    0xff, 0xff, 0xf4, 0x0, 0x2f, 0xff, 0xff, 0xf0,
    0xdf, 0xff, 0xff, 0xff, 0xff, 0xff, 0xff, 0xff,
    0xd, 0xff, 0xff, 0xff, 0xff, 0xff, 0xff, 0xff,
    0xf0, 0xdf, 0xff, 0xff, 0xff, 0xff, 0xff, 0xff,
    0xff, 0xd, 0xff, 0xff, 0xfa, 0x88, 0x88, 0x88,
    0x88, 0x70, 0xdf, 0xff, 0xff, 0x40, 0x0, 0x44,
    0x44, 0x44, 0xd, 0xff, 0xff, 0xf4, 0x0, 0x2f,
    0xff, 0xff, 0xf0, 0xdf, 0xff, 0xff, 0xb7, 0x7b,
    0xff, 0xff, 0xff, 0xb, 0xff, 0xff, 0xff, 0xff,
    0xff, 0xff, 0xff, 0xd0, 0x6f, 0xff, 0xff, 0xff,
    0xff, 0xff, 0xff, 0xf8, 0x0, 0xbf, 0xff, 0xff,
    0xff, 0xff, 0xff, 0xfd, 0x0, 0x0, 0x6c, 0xef,
    0xff, 0xff, 0xff, 0xc7, 0x0,

    /* U+00E9 "é" */
    0x0, 0x0, 0x0, 0x0, 0x3f, 0xff, 0xff, 0xf3,
    0x0, 0x0, 0x0, 0x0, 0xdf, 0xff, 0xff, 0x40,
    0x0, 0x0, 0x0, 0x7, 0xff, 0xff, 0xf6, 0x0,
    0x0, 0x0, 0x0, 0x2f, 0xff, 0xff, 0x80, 0x0,
    0x0, 0x0, 0x0, 0xcf, 0xff, 0xf9, 0x0, 0x0,
    0x0, 0x0, 0x3, 0xbb, 0xbb, 0x90, 0x0, 0x0,
    0x0, 0x0, 0x0, 0x0, 0x0, 0x0, 0x0, 0x0,
    0x0, 0x6c, 0xef, 0xff, 0xff, 0xfe, 0xc7, 0x0,
    0xb, 0xff, 0xff, 0xff, 0xff, 0xff, 0xff, 0xc0,
    0x6f, 0xff, 0xff, 0xff, 0xff, 0xff, 0xff, 0xf7,
    0xbf, 0xff, 0xff, 0xff, 0xff, 0xff, 0xff, 0xfc,
    0xdf, 0xff, 0xff, 0xb7, 0x7a, 0xff, 0xff, 0xfe,
    0xdf, 0xff, 0xff, 0x40, 0x2, 0xff, 0xff, 0xff,
    0xdf, 0xff, 0xff, 0x40, 0x2, 0xff, 0xff, 0xff,
    0xdf, 0xff, 0xff, 0x40, 0x2, 0xff, 0xff, 0xff,
    0xdf, 0xff, 0xff, 0xff, 0xff, 0xff, 0xff, 0xff,
    0xdf, 0xff, 0xff, 0xff, 0xff, 0xff, 0xff, 0xff,
    0xdf, 0xff, 0xff, 0xff, 0xff, 0xff, 0xff, 0xff,
    0xdf, 0xff, 0xff, 0xa8, 0x88, 0x88, 0x88, 0x87,
    0xdf, 0xff, 0xff, 0x40, 0x0, 0x44, 0x44, 0x44,
    0xdf, 0xff, 0xff, 0x40, 0x2, 0xff, 0xff, 0xff,
    0xdf, 0xff, 0xff, 0xb7, 0x7b, 0xff, 0xff, 0xff,
    0xbf, 0xff, 0xff, 0xff, 0xff, 0xff, 0xff, 0xfd,
    0x6f, 0xff, 0xff, 0xff, 0xff, 0xff, 0xff, 0xf8,
    0xb, 0xff, 0xff, 0xff, 0xff, 0xff, 0xff, 0xd0,
    0x0, 0x6c, 0xef, 0xff, 0xff, 0xff, 0xc7, 0x0,

    /* U+00EA "ê" */
    0x0, 0x0, 0x4f, 0xff, 0xff, 0xf7, 0x0, 0x0,
    0x0, 0x0, 0x3f, 0xff, 0xff, 0xff, 0xf6, 0x0,
    0x0, 0x0, 0x2e, 0xff, 0xff, 0xff, 0xff, 0xf4,
    0x0, 0x0, 0x1d, 0xff, 0xff, 0xc9, 0xff, 0xff,
    0xf3, 0x0, 0xc, 0xff, 0xff, 0xe1, 0xc, 0xff,
    0xff, 0xe2, 0x6, 0xbb, 0xbb, 0xb4, 0x0, 0x1b,
    0xbb, 0xbb, 0x80, 0x0, 0x0, 0x0, 0x0, 0x0,
    0x0, 0x0, 0x0, 0x0, 0x6, 0xce, 0xff, 0xff,
    0xff, 0xec, 0x70, 0x0, 0xb, 0xff, 0xff, 0xff,
    0xff, 0xff, 0xff, 0xc0, 0x6, 0xff, 0xff, 0xff,
    0xff, 0xff, 0xff, 0xff, 0x70, 0xbf, 0xff, 0xff,
    0xff, 0xff, 0xff, 0xff, 0xfc, 0xd, 0xff, 0xff,
    0xfb, 0x77, 0xaf, 0xff, 0xff, 0xe0, 0xdf, 0xff,
    0xff, 0x40, 0x2, 0xff, 0xff, 0xff, 0xd, 0xff,
    0xff, 0xf4, 0x0, 0x2f, 0xff, 0xff, 0xf0, 0xdf,
    0xff, 0xff, 0x40, 0x2, 0xff, 0xff, 0xff, 0xd,
    0xff, 0xff, 0xff, 0xff, 0xff, 0xff, 0xff, 0xf0,
    0xdf, 0xff, 0xff, 0xff, 0xff, 0xff, 0xff, 0xff,
    0xd, 0xff, 0xff, 0xff, 0xff, 0xff, 0xff, 0xff,
    0xf0, 0xdf, 0xff, 0xff, 0xa8, 0x88, 0x88, 0x88,
    0x87, 0xd, 0xff, 0xff, 0xf4, 0x0, 0x4, 0x44,
    0x44, 0x40, 0xdf, 0xff, 0xff, 0x40, 0x2, 0xff,
    0xff, 0xff, 0xd, 0xff, 0xff, 0xfb, 0x77, 0xbf,
    0xff, 0xff, 0xf0, 0xbf, 0xff, 0xff, 0xff, 0xff,
    0xff, 0xff, 0xfd, 0x6, 0xff, 0xff, 0xff, 0xff,
    0xff, 0xff, 0xff, 0x80, 0xb, 0xff, 0xff, 0xff,
    0xff, 0xff, 0xff, 0xd0, 0x0, 0x6, 0xce, 0xff,
    0xff, 0xff, 0xfc, 0x70, 0x0,

    /* U+00EB "ë" */
    0x6f, 0xff, 0xff, 0x60, 0x4, 0xff, 0xff, 0xf7,
    0x6f, 0xff, 0xff, 0x60, 0x4, 0xff, 0xff, 0xf7,
    0x6f, 0xff, 0xff, 0x60, 0x4, 0xff, 0xff, 0xf7,
    0x6f, 0xff, 0xff, 0x60, 0x4, 0xff, 0xff, 0xf7,
    0x6f, 0xff, 0xff, 0x50, 0x4, 0xff, 0xff, 0xf7,
    0x0, 0x0, 0x0, 0x0, 0x0, 0x0, 0x0, 0x0,
    0x0, 0x6c, 0xef, 0xff, 0xff, 0xfe, 0xc7, 0x0,
    0xb, 0xff, 0xff, 0xff, 0xff, 0xff, 0xff, 0xc0,
    0x6f, 0xff, 0xff, 0xff, 0xff, 0xff, 0xff, 0xf7,
    0xbf, 0xff, 0xff, 0xff, 0xff, 0xff, 0xff, 0xfc,
    0xdf, 0xff, 0xff, 0xb7, 0x7a, 0xff, 0xff, 0xfe,
    0xdf, 0xff, 0xff, 0x40, 0x2, 0xff, 0xff, 0xff,
    0xdf, 0xff, 0xff, 0x40, 0x2, 0xff, 0xff, 0xff,
    0xdf, 0xff, 0xff, 0x40, 0x2, 0xff, 0xff, 0xff,
    0xdf, 0xff, 0xff, 0xff, 0xff, 0xff, 0xff, 0xff,
    0xdf, 0xff, 0xff, 0xff, 0xff, 0xff, 0xff, 0xff,
    0xdf, 0xff, 0xff, 0xff, 0xff, 0xff, 0xff, 0xff,
    0xdf, 0xff, 0xff, 0xa8, 0x88, 0x88, 0x88, 0x87,
    0xdf, 0xff, 0xff, 0x40, 0x0, 0x44, 0x44, 0x44,
    0xdf, 0xff, 0xff, 0x40, 0x2, 0xff, 0xff, 0xff,
    0xdf, 0xff, 0xff, 0xb7, 0x7b, 0xff, 0xff, 0xff,
    0xbf, 0xff, 0xff, 0xff, 0xff, 0xff, 0xff, 0xfd,
    0x6f, 0xff, 0xff, 0xff, 0xff, 0xff, 0xff, 0xf8,
    0xb, 0xff, 0xff, 0xff, 0xff, 0xff, 0xff, 0xd0,
    0x0, 0x6c, 0xef, 0xff, 0xff, 0xff, 0xc7, 0x0,

    /* U+00EC "ì" */
    0x4f, 0xff, 0xff, 0xf1, 0x0, 0x0, 0x6f, 0xff,
    0xff, 0xb0, 0x0, 0x0, 0x8f, 0xff, 0xff, 0x50,
    0x0, 0x0, 0xaf, 0xff, 0xfe, 0x10, 0x0, 0x0,
    0xbf, 0xff, 0xfa, 0x0, 0x0, 0x0, 0xab, 0xbb,
    0xb2, 0x0, 0x0, 0x0, 0x0, 0x0, 0x0, 0x0,
    0x7, 0xff, 0xff, 0xff, 0x0, 0x0, 0x7f, 0xff,
    0xff, 0xf0, 0x0, 0x7, 0xff, 0xff, 0xff, 0x0,
    0x0, 0x7f, 0xff, 0xff, 0xf0, 0x0, 0x7, 0xff,
    0xff, 0xff, 0x0, 0x0, 0x7f, 0xff, 0xff, 0xf0,
    0x0, 0x7, 0xff, 0xff, 0xff, 0x0, 0x0, 0x7f,
    0xff, 0xff, 0xf0, 0x0, 0x7, 0xff, 0xff, 0xff,
    0x0, 0x0, 0x7f, 0xff, 0xff, 0xf0, 0x0, 0x7,
    0xff, 0xff, 0xff, 0x0, 0x0, 0x7f, 0xff, 0xff,
    0xf0, 0x0, 0x7, 0xff, 0xff, 0xff, 0x0, 0x0,
    0x7f, 0xff, 0xff, 0xf0, 0x0, 0x7, 0xff, 0xff,
    0xff, 0x0, 0x0, 0x7f, 0xff, 0xff, 0xf0, 0x0,
    0x7, 0xff, 0xff, 0xff, 0x0, 0x0, 0x7f, 0xff,
    0xff, 0xf0, 0x0, 0x7, 0xff, 0xff, 0xff,

    /* U+00ED "í" */
    0x0, 0x0, 0x9f, 0xff, 0xff, 0xb0, 0x0, 0x3,
    0xff, 0xff, 0xfd, 0x0, 0x0, 0xd, 0xff, 0xff,
    0xe1, 0x0, 0x0, 0x8f, 0xff, 0xfe, 0x20, 0x0,
    0x3, 0xff, 0xff, 0xf3, 0x0, 0x0, 0x8, 0xbb,
    0xbb, 0x50, 0x0, 0x0, 0x0, 0x0, 0x0, 0x0,
    0x0, 0x0, 0x7f, 0xff, 0xff, 0xf0, 0x0, 0x0,
    0x7f, 0xff, 0xff, 0xf0, 0x0, 0x0, 0x7f, 0xff,
    0xff, 0xf0, 0x0, 0x0, 0x7f, 0xff, 0xff, 0xf0,
    0x0, 0x0, 0x7f, 0xff, 0xff, 0xf0, 0x0, 0x0,
    0x7f, 0xff, 0xff, 0xf0, 0x0, 0x0, 0x7f, 0xff,
    0xff, 0xf0, 0x0, 0x0, 0x7f, 0xff, 0xff, 0xf0,
    0x0, 0x0, 0x7f, 0xff, 0xff, 0xf0, 0x0, 0x0,
    0x7f, 0xff, 0xff, 0xf0, 0x0, 0x0, 0x7f, 0xff,
    0xff, 0xf0, 0x0, 0x0, 0x7f, 0xff, 0xff, 0xf0,
    0x0, 0x0, 0x7f, 0xff, 0xff, 0xf0, 0x0, 0x0,
    0x7f, 0xff, 0xff, 0xf0, 0x0, 0x0, 0x7f, 0xff,
    0xff, 0xf0, 0x0, 0x0, 0x7f, 0xff, 0xff, 0xf0,
    0x0, 0x0, 0x7f, 0xff, 0xff, 0xf0, 0x0, 0x0,
    0x7f, 0xff, 0xff, 0xf0, 0x0, 0x0, 0x7f, 0xff,
    0xff, 0xf0, 0x0, 0x0,

    /* U+00EE "î" */
    0x0, 0x0, 0xa, 0xff, 0xff, 0xfe, 0x20, 0x0,
    0x0, 0x0, 0x9, 0xff, 0xff, 0xff, 0xfd, 0x10,
    0x0, 0x0, 0x7, 0xff, 0xff, 0xff, 0xff, 0xfc,
    0x0, 0x0, 0x5, 0xff, 0xff, 0xf7, 0xef, 0xff,
    0xfb, 0x0, 0x4, 0xff, 0xff, 0xf9, 0x3, 0xff,
    0xff, 0xf9, 0x0, 0xab, 0xbb, 0xba, 0x0, 0x6,
    0xbb, 0xbb, 0xb3, 0x0, 0x0, 0x0, 0x0, 0x0,
    0x0, 0x0, 0x0, 0x0, 0x0, 0x0, 0x7f, 0xff,
    0xff, 0xf0, 0x0, 0x0, 0x0, 0x0, 0x7, 0xff,
    0xff, 0xff, 0x0, 0x0, 0x0, 0x0, 0x0, 0x7f,
    0xff, 0xff, 0xf0, 0x0, 0x0, 0x0, 0x0, 0x7,
    0xff, 0xff, 0xff, 0x0, 0x0, 0x0, 0x0, 0x0,
    0x7f, 0xff, 0xff, 0xf0, 0x0, 0x0, 0x0, 0x0,
    0x7, 0xff, 0xff, 0xff, 0x0, 0x0, 0x0, 0x0,
    0x0, 0x7f, 0xff, 0xff, 0xf0, 0x0, 0x0, 0x0,
    0x0, 0x7, 0xff, 0xff, 0xff, 0x0, 0x0, 0x0,
    0x0, 0x0, 0x7f, 0xff, 0xff, 0xf0, 0x0, 0x0,
    0x0, 0x0, 0x7, 0xff, 0xff, 0xff, 0x0, 0x0,
    0x0, 0x0, 0x0, 0x7f, 0xff, 0xff, 0xf0, 0x0,
    0x0, 0x0, 0x0, 0x7, 0xff, 0xff, 0xff, 0x0,
    0x0, 0x0, 0x0, 0x0, 0x7f, 0xff, 0xff, 0xf0,
    0x0, 0x0, 0x0, 0x0, 0x7, 0xff, 0xff, 0xff,
    0x0, 0x0, 0x0, 0x0, 0x0, 0x7f, 0xff, 0xff,
    0xf0, 0x0, 0x0, 0x0, 0x0, 0x7, 0xff, 0xff,
    0xff, 0x0, 0x0, 0x0, 0x0, 0x0, 0x7f, 0xff,
    0xff, 0xf0, 0x0, 0x0, 0x0, 0x0, 0x7, 0xff,
    0xff, 0xff, 0x0, 0x0, 0x0, 0x0, 0x0, 0x7f,
    0xff, 0xff, 0xf0, 0x0, 0x0,

    /* U+00EF "ï" */
    0xdf, 0xff, 0xff, 0x0, 0xb, 0xff, 0xff, 0xf1,
    0xdf, 0xff, 0xff, 0x0, 0xb, 0xff, 0xff, 0xf1,
    0xdf, 0xff, 0xff, 0x0, 0xb, 0xff, 0xff, 0xf1,
    0xdf, 0xff, 0xff, 0x0, 0xb, 0xff, 0xff, 0xf1,
    0xcf, 0xff, 0xfe, 0x0, 0xa, 0xff, 0xff, 0xf1,
    0x0, 0x0, 0x0, 0x0, 0x0, 0x0, 0x0, 0x0,
    0x0, 0x0, 0x7f, 0xff, 0xff, 0xf0, 0x0, 0x0,
    0x0, 0x0, 0x7f, 0xff, 0xff, 0xf0, 0x0, 0x0,
    0x0, 0x0, 0x7f, 0xff, 0xff, 0xf0, 0x0, 0x0,
    0x0, 0x0, 0x7f, 0xff, 0xff, 0xf0, 0x0, 0x0,
    0x0, 0x0, 0x7f, 0xff, 0xff, 0xf0, 0x0, 0x0,
    0x0, 0x0, 0x7f, 0xff, 0xff, 0xf0, 0x0, 0x0,
    0x0, 0x0, 0x7f, 0xff, 0xff, 0xf0, 0x0, 0x0,
    0x0, 0x0, 0x7f, 0xff, 0xff, 0xf0, 0x0, 0x0,
    0x0, 0x0, 0x7f, 0xff, 0xff, 0xf0, 0x0, 0x0,
    0x0, 0x0, 0x7f, 0xff, 0xff, 0xf0, 0x0, 0x0,
    0x0, 0x0, 0x7f, 0xff, 0xff, 0xf0, 0x0, 0x0,
    0x0, 0x0, 0x7f, 0xff, 0xff, 0xf0, 0x0, 0x0,
    0x0, 0x0, 0x7f, 0xff, 0xff, 0xf0, 0x0, 0x0,
    0x0, 0x0, 0x7f, 0xff, 0xff, 0xf0, 0x0, 0x0,
    0x0, 0x0, 0x7f, 0xff, 0xff, 0xf0, 0x0, 0x0,
    0x0, 0x0, 0x7f, 0xff, 0xff, 0xf0, 0x0, 0x0,
    0x0, 0x0, 0x7f, 0xff, 0xff, 0xf0, 0x0, 0x0,
    0x0, 0x0, 0x7f, 0xff, 0xff, 0xf0, 0x0, 0x0,
    0x0, 0x0, 0x7f, 0xff, 0xff, 0xf0, 0x0, 0x0,

    /* U+00F0 "ð" */
    0x1, 0xaf, 0xff, 0xff, 0xff, 0xe2, 0x3, 0x82,
    0x0, 0x0, 0x5f, 0xff, 0xff, 0xff, 0xff, 0xff,
    0x30, 0x0, 0x0, 0x2e, 0xff, 0xff, 0xff, 0xff,
    0xf3, 0x0, 0x0, 0x4b, 0xff, 0xff, 0xff, 0xff,
    0xf7, 0x10, 0x0, 0xa, 0xff, 0xff, 0xff, 0xff,
    0xff, 0x50, 0x0, 0x0, 0xaf, 0xfb, 0x8f, 0xff,
    0xff, 0xfd, 0x0, 0x0, 0x5, 0x40, 0x0, 0xaf,
    0xff, 0xff, 0xf4, 0x0, 0x0, 0x24, 0x56, 0x68,
    0xff, 0xff, 0xff, 0x90, 0x3, 0xcf, 0xff, 0xff,
    0xff, 0xff, 0xff, 0xfe, 0x1, 0xef, 0xff, 0xff,
    0xff, 0xff, 0xff, 0xff, 0xf1, 0x8f, 0xff, 0xff,
    0xff, 0xff, 0xff, 0xff, 0xff, 0x3c, 0xff, 0xff,
    0xff, 0xff, 0xff, 0xff, 0xff, 0xf5, 0xdf, 0xff,
    0xff, 0xb0, 0x0, 0xff, 0xff, 0xff, 0x5d, 0xff,
    0xff, 0xf9, 0x0, 0xf, 0xff, 0xff, 0xf5, 0xdf,
    0xff, 0xff, 0x90, 0x0, 0xff, 0xff, 0xff, 0x5d,
    0xff, 0xff, 0xf9, 0x0, 0xf, 0xff, 0xff, 0xf5,
    0xdf, 0xff, 0xff, 0x90, 0x0, 0xff, 0xff, 0xff,
    0x5d, 0xff, 0xff, 0xf9, 0x0, 0xf, 0xff, 0xff,
    0xf5, 0xdf, 0xff, 0xff, 0xa0, 0x0, 0xff, 0xff,
    0xff, 0x5d, 0xff, 0xff, 0xff, 0xcc, 0xdf, 0xff,
    0xff, 0xf5, 0xbf, 0xff, 0xff, 0xff, 0xff, 0xff,
    0xff, 0xff, 0x36, 0xff, 0xff, 0xff, 0xff, 0xff,
    0xff, 0xff, 0xe0, 0xb, 0xff, 0xff, 0xff, 0xff,
    0xff, 0xff, 0xf4, 0x0, 0x6, 0xce, 0xff, 0xff,
    0xff, 0xfd, 0xa2, 0x0,

    /* U+00F1 "ñ" */
    0x4, 0xcf, 0xff, 0xa2, 0x0, 0xcf, 0xff, 0xf5,
    0x2, 0xff, 0xff, 0xff, 0xf7, 0x1d, 0xff, 0xff,
    0x50, 0x7f, 0xff, 0xff, 0xff, 0xff, 0xff, 0xff,
    0xf5, 0x9, 0xff, 0xff, 0xfc, 0xff, 0xff, 0xff,
    0xff, 0x20, 0x9f, 0xff, 0xf8, 0x5, 0xef, 0xff,
    0xff, 0xb0, 0x6, 0xbb, 0xbb, 0x60, 0x1, 0x7a,
    0xba, 0x60, 0x0, 0x0, 0x0, 0x0, 0x0, 0x0,
    0x0, 0x0, 0x0, 0x7, 0xff, 0xff, 0xfd, 0x1a,
    0xef, 0xfd, 0x91, 0x0, 0x7f, 0xff, 0xff, 0xdb,
    0xff, 0xff, 0xff, 0xe1, 0x7, 0xff, 0xff, 0xff,
    0xff, 0xff, 0xff, 0xff, 0xa0, 0x7f, 0xff, 0xff,
    0xff, 0xff, 0xff, 0xff, 0xff, 0x7, 0xff, 0xff,
    0xff, 0xec, 0xff, 0xff, 0xff, 0xf0, 0x7f, 0xff,
    0xff, 0xf1, 0x6, 0xff, 0xff, 0xff, 0x17, 0xff,
    0xff, 0xff, 0x0, 0x6f, 0xff, 0xff, 0xf1, 0x7f,
    0xff, 0xff, 0xf0, 0x6, 0xff, 0xff, 0xff, 0x17,
    0xff, 0xff, 0xff, 0x0, 0x6f, 0xff, 0xff, 0xf1,
    0x7f, 0xff, 0xff, 0xf0, 0x6, 0xff, 0xff, 0xff,
    0x17, 0xff, 0xff, 0xff, 0x0, 0x6f, 0xff, 0xff,
    0xf1, 0x7f, 0xff, 0xff, 0xf0, 0x6, 0xff, 0xff,
    0xff, 0x17, 0xff, 0xff, 0xff, 0x0, 0x6f, 0xff,
    0xff, 0xf1, 0x7f, 0xff, 0xff, 0xf0, 0x6, 0xff,
    0xff, 0xff, 0x17, 0xff, 0xff, 0xff, 0x0, 0x6f,
    0xff, 0xff, 0xf1, 0x7f, 0xff, 0xff, 0xf0, 0x6,
    0xff, 0xff, 0xff, 0x17, 0xff, 0xff, 0xff, 0x0,
    0x6f, 0xff, 0xff, 0xf1, 0x7f, 0xff, 0xff, 0xf0,
    0x6, 0xff, 0xff, 0xff, 0x17, 0xff, 0xff, 0xff,
    0x0, 0x6f, 0xff, 0xff, 0xf1,

    /* U+00F2 "ò" */
    0x3f, 0xff, 0xff, 0xf2, 0x0, 0x0, 0x0, 0x0,
    0x4, 0xff, 0xff, 0xfc, 0x0, 0x0, 0x0, 0x0,
    0x0, 0x6f, 0xff, 0xff, 0x70, 0x0, 0x0, 0x0,
    0x0, 0x8, 0xff, 0xff, 0xf2, 0x0, 0x0, 0x0,
    0x0, 0x0, 0xaf, 0xff, 0xfb, 0x0, 0x0, 0x0,
    0x0, 0x0, 0x9, 0xbb, 0xbb, 0x30, 0x0, 0x0,
    0x0, 0x0, 0x0, 0x0, 0x0, 0x0, 0x0, 0x0,
    0x0, 0x6c, 0xef, 0xff, 0xff, 0xff, 0xd8, 0x10,
    0xb, 0xff, 0xff, 0xff, 0xff, 0xff, 0xff, 0xe1,
    0x4f, 0xff, 0xff, 0xff, 0xff, 0xff, 0xff, 0xf9,
    0x9f, 0xff, 0xff, 0xff, 0xff, 0xff, 0xff, 0xfd,
    0xaf, 0xff, 0xff, 0xe8, 0x8d, 0xff, 0xff, 0xff,
    0xaf, 0xff, 0xff, 0xa0, 0x6, 0xff, 0xff, 0xff,
    0xaf, 0xff, 0xff, 0xa0, 0x6, 0xff, 0xff, 0xff,
    0xaf, 0xff, 0xff, 0xa0, 0x6, 0xff, 0xff, 0xff,
    0xaf, 0xff, 0xff, 0xa0, 0x6, 0xff, 0xff, 0xff,
    0xbf, 0xff, 0xff, 0xb0, 0x7, 0xff, 0xff, 0xff,
    0xaf, 0xff, 0xff, 0xa0, 0x6, 0xff, 0xff, 0xff,
    0xaf, 0xff, 0xff, 0xa0, 0x6, 0xff, 0xff, 0xff,
    0xaf, 0xff, 0xff, 0xa0, 0x6, 0xff, 0xff, 0xff,
    0xaf, 0xff, 0xff, 0xa0, 0x6, 0xff, 0xff, 0xff,
    0xaf, 0xff, 0xff, 0xf8, 0x7d, 0xff, 0xff, 0xfe,
    0x8f, 0xff, 0xff, 0xff, 0xff, 0xff, 0xff, 0xfc,
    0x3f, 0xff, 0xff, 0xff, 0xff, 0xff, 0xff, 0xf7,
    0x9, 0xff, 0xff, 0xff, 0xff, 0xff, 0xff, 0xd0,
    0x0, 0x6c, 0xef, 0xff, 0xff, 0xff, 0xd8, 0x0,

    /* U+00F3 "ó" */
    0x0, 0x0, 0x0, 0x0, 0xc, 0xff, 0xff, 0xf8,
    0x0, 0x0, 0x0, 0x0, 0x7f, 0xff, 0xff, 0xa0,
    0x0, 0x0, 0x0, 0x2, 0xff, 0xff, 0xfb, 0x0,
    0x0, 0x0, 0x0, 0xb, 0xff, 0xff, 0xd1, 0x0,
    0x0, 0x0, 0x0, 0x6f, 0xff, 0xfe, 0x10, 0x0,
    0x0, 0x0, 0x0, 0xab, 0xbb, 0xb2, 0x0, 0x0,
    0x0, 0x0, 0x0, 0x0, 0x0, 0x0, 0x0, 0x0,
    0x0, 0x6c, 0xef, 0xff, 0xff, 0xff, 0xd8, 0x10,
    0xb, 0xff, 0xff, 0xff, 0xff, 0xff, 0xff, 0xe1,
    0x4f, 0xff, 0xff, 0xff, 0xff, 0xff, 0xff, 0xf9,
    0x9f, 0xff, 0xff, 0xff, 0xff, 0xff, 0xff, 0xfd,
    0xaf, 0xff, 0xff, 0xe8, 0x8d, 0xff, 0xff, 0xff,
    0xaf, 0xff, 0xff, 0xa0, 0x6, 0xff, 0xff, 0xff,
    0xaf, 0xff, 0xff, 0xa0, 0x6, 0xff, 0xff, 0xff,
    0xaf, 0xff, 0xff, 0xa0, 0x6, 0xff, 0xff, 0xff,
    0xaf, 0xff, 0xff, 0xa0, 0x6, 0xff, 0xff, 0xff,
    0xbf, 0xff, 0xff, 0xb0, 0x7, 0xff, 0xff, 0xff,
    0xaf, 0xff, 0xff, 0xa0, 0x6, 0xff, 0xff, 0xff,
    0xaf, 0xff, 0xff, 0xa0, 0x6, 0xff, 0xff, 0xff,
    0xaf, 0xff, 0xff, 0xa0, 0x6, 0xff, 0xff, 0xff,
    0xaf, 0xff, 0xff, 0xa0, 0x6, 0xff, 0xff, 0xff,
    0xaf, 0xff, 0xff, 0xf8, 0x7d, 0xff, 0xff, 0xfe,
    0x8f, 0xff, 0xff, 0xff, 0xff, 0xff, 0xff, 0xfc,
    0x3f, 0xff, 0xff, 0xff, 0xff, 0xff, 0xff, 0xf7,
    0x9, 0xff, 0xff, 0xff, 0xff, 0xff, 0xff, 0xd0,
    0x0, 0x6c, 0xef, 0xff, 0xff, 0xff, 0xd8, 0x0,

    /* U+00F4 "ô" */
    0x0, 0x0, 0x3f, 0xff, 0xff, 0xf8, 0x0, 0x0,
    0x0, 0x0, 0x2e, 0xff, 0xff, 0xff, 0xf6, 0x0,
    0x0, 0x0, 0x1e, 0xff, 0xff, 0xff, 0xff, 0xf4,
    0x0, 0x0, 0xd, 0xff, 0xff, 0xc8, 0xff, 0xff,
    0xf3, 0x0, 0xb, 0xff, 0xff, 0xe2, 0xb, 0xff,
    0xff, 0xe2, 0x5, 0xbb, 0xbb, 0xb4, 0x0, 0x1a,
    0xbb, 0xbb, 0x90, 0x0, 0x0, 0x0, 0x0, 0x0,
    0x0, 0x0, 0x0, 0x0, 0x6, 0xce, 0xff, 0xff,
    0xff, 0xfd, 0x81, 0x0, 0xb, 0xff, 0xff, 0xff,
    0xff, 0xff, 0xff, 0xe1, 0x4, 0xff, 0xff, 0xff,
    0xff, 0xff, 0xff, 0xff, 0x90, 0x9f, 0xff, 0xff,
    0xff, 0xff, 0xff, 0xff, 0xfd, 0xa, 0xff, 0xff,
    0xfe, 0x88, 0xdf, 0xff, 0xff, 0xf0, 0xaf, 0xff,
    0xff, 0xa0, 0x6, 0xff, 0xff, 0xff, 0xa, 0xff,
    0xff, 0xfa, 0x0, 0x6f, 0xff, 0xff, 0xf0, 0xaf,
    0xff, 0xff, 0xa0, 0x6, 0xff, 0xff, 0xff, 0xa,
    0xff, 0xff, 0xfa, 0x0, 0x6f, 0xff, 0xff, 0xf0,
    0xbf, 0xff, 0xff, 0xb0, 0x7, 0xff, 0xff, 0xff,
    0xa, 0xff, 0xff, 0xfa, 0x0, 0x6f, 0xff, 0xff,
    0xf0, 0xaf, 0xff, 0xff, 0xa0, 0x6, 0xff, 0xff,
    0xff, 0xa, 0xff, 0xff, 0xfa, 0x0, 0x6f, 0xff,
    0xff, 0xf0, 0xaf, 0xff, 0xff, 0xa0, 0x6, 0xff,
    0xff, 0xff, 0xa, 0xff, 0xff, 0xff, 0x87, 0xdf,
    0xff, 0xff, 0xe0, 0x8f, 0xff, 0xff, 0xff, 0xff,
    0xff, 0xff, 0xfc, 0x3, 0xff, 0xff, 0xff, 0xff,
    0xff, 0xff, 0xff, 0x70, 0x9, 0xff, 0xff, 0xff,
    0xff, 0xff, 0xff, 0xd0, 0x0, 0x6, 0xce, 0xff,
    0xff, 0xff, 0xfd, 0x80, 0x0,

    /* U+00F5 "õ" */
    0x3, 0xbf, 0xff, 0xb3, 0x0, 0xaf, 0xff, 0xf7,
    0x1e, 0xff, 0xff, 0xff, 0x81, 0xcf, 0xff, 0xf7,
    0x5f, 0xff, 0xff, 0xff, 0xff, 0xff, 0xff, 0xf6,
    0x7f, 0xff, 0xff, 0xcf, 0xff, 0xff, 0xff, 0xf4,
    0x7f, 0xff, 0xfa, 0x4, 0xef, 0xff, 0xff, 0xd0,
    0x5b, 0xbb, 0xb7, 0x0, 0x6, 0xab, 0xa7, 0x10,
    0x0, 0x0, 0x0, 0x0, 0x0, 0x0, 0x0, 0x0,
    0x0, 0x6c, 0xef, 0xff, 0xff, 0xff, 0xd8, 0x10,
    0xb, 0xff, 0xff, 0xff, 0xff, 0xff, 0xff, 0xe1,
    0x4f, 0xff, 0xff, 0xff, 0xff, 0xff, 0xff, 0xf9,
    0x9f, 0xff, 0xff, 0xff, 0xff, 0xff, 0xff, 0xfd,
    0xaf, 0xff, 0xff, 0xe8, 0x8d, 0xff, 0xff, 0xff,
    0xaf, 0xff, 0xff, 0xa0, 0x6, 0xff, 0xff, 0xff,
    0xaf, 0xff, 0xff, 0xa0, 0x6, 0xff, 0xff, 0xff,
    0xaf, 0xff, 0xff, 0xa0, 0x6, 0xff, 0xff, 0xff,
    0xaf, 0xff, 0xff, 0xa0, 0x6, 0xff, 0xff, 0xff,
    0xbf, 0xff, 0xff, 0xb0, 0x7, 0xff, 0xff, 0xff,
    0xaf, 0xff, 0xff, 0xa0, 0x6, 0xff, 0xff, 0xff,
    0xaf, 0xff, 0xff, 0xa0, 0x6, 0xff, 0xff, 0xff,
    0xaf, 0xff, 0xff, 0xa0, 0x6, 0xff, 0xff, 0xff,
    0xaf, 0xff, 0xff, 0xa0, 0x6, 0xff, 0xff, 0xff,
    0xaf, 0xff, 0xff, 0xf8, 0x7d, 0xff, 0xff, 0xfe,
    0x8f, 0xff, 0xff, 0xff, 0xff, 0xff, 0xff, 0xfc,
    0x3f, 0xff, 0xff, 0xff, 0xff, 0xff, 0xff, 0xf7,
    0x9, 0xff, 0xff, 0xff, 0xff, 0xff, 0xff, 0xd0,
    0x0, 0x6c, 0xef, 0xff, 0xff, 0xff, 0xd8, 0x0,

    /* U+00F6 "ö" */
    0x4f, 0xff, 0xff, 0x70, 0x2, 0xff, 0xff, 0xf9,
    0x4f, 0xff, 0xff, 0x70, 0x2, 0xff, 0xff, 0xf9,
    0x4f, 0xff, 0xff, 0x70, 0x2, 0xff, 0xff, 0xf9,
    0x4f, 0xff, 0xff, 0x70, 0x2, 0xff, 0xff, 0xf9,
    0x4f, 0xff, 0xff, 0x70, 0x2, 0xff, 0xff, 0xf9,
    0x0, 0x0, 0x0, 0x0, 0x0, 0x0, 0x0, 0x0,
    0x0, 0x6c, 0xef, 0xff, 0xff, 0xff, 0xd8, 0x10,
    0xb, 0xff, 0xff, 0xff, 0xff, 0xff, 0xff, 0xe1,
    0x4f, 0xff, 0xff, 0xff, 0xff, 0xff, 0xff, 0xf9,
    0x9f, 0xff, 0xff, 0xff, 0xff, 0xff, 0xff, 0xfd,
    0xaf, 0xff, 0xff, 0xe8, 0x8d, 0xff, 0xff, 0xff,
    0xaf, 0xff, 0xff, 0xa0, 0x6, 0xff, 0xff, 0xff,
    0xaf, 0xff, 0xff, 0xa0, 0x6, 0xff, 0xff, 0xff,
    0xaf, 0xff, 0xff, 0xa0, 0x6, 0xff, 0xff, 0xff,
    0xaf, 0xff, 0xff, 0xa0, 0x6, 0xff, 0xff, 0xff,
    0xbf, 0xff, 0xff, 0xb0, 0x7, 0xff, 0xff, 0xff,
    0xaf, 0xff, 0xff, 0xa0, 0x6, 0xff, 0xff, 0xff,
    0xaf, 0xff, 0xff, 0xa0, 0x6, 0xff, 0xff, 0xff,
    0xaf, 0xff, 0xff, 0xa0, 0x6, 0xff, 0xff, 0xff,
    0xaf, 0xff, 0xff, 0xa0, 0x6, 0xff, 0xff, 0xff,
    0xaf, 0xff, 0xff, 0xf8, 0x7d, 0xff, 0xff, 0xfe,
    0x8f, 0xff, 0xff, 0xff, 0xff, 0xff, 0xff, 0xfc,
    0x3f, 0xff, 0xff, 0xff, 0xff, 0xff, 0xff, 0xf7,
    0x9, 0xff, 0xff, 0xff, 0xff, 0xff, 0xff, 0xd0,
    0x0, 0x6c, 0xef, 0xff, 0xff, 0xff, 0xd8, 0x0,

    /* U+00F7 "÷" */
    0x0, 0x0, 0x0, 0x5, 0x66, 0x66, 0x61, 0x0,
    0x0, 0x0, 0x0, 0x0, 0x0, 0xf, 0xff, 0xff,
    0xf3, 0x0, 0x0, 0x0, 0x0, 0x0, 0x0, 0xf,
    0xff, 0xff, 0xf3, 0x0, 0x0, 0x0, 0x0, 0x0,
    0x0, 0xf, 0xff, 0xff, 0xf3, 0x0, 0x0, 0x0,
    0x0, 0x0, 0x0, 0xf, 0xff, 0xff, 0xf3, 0x0,
    0x0, 0x0, 0x0, 0x0, 0x0, 0x0, 0x0, 0x0,
    0x0, 0x0, 0x0, 0x0, 0xc, 0xcc, 0xcc, 0xcc,
    0xcc, 0xcc, 0xcc, 0xcc, 0xcc, 0xc3, 0xf, 0xff,
    0xff, 0xff, 0xff, 0xff, 0xff, 0xff, 0xff, 0xf4,
    0xf, 0xff, 0xff, 0xff, 0xff, 0xff, 0xff, 0xff,
    0xff, 0xf4, 0xf, 0xff, 0xff, 0xff, 0xff, 0xff,
    0xff, 0xff, 0xff, 0xf4, 0xf, 0xff, 0xff, 0xff,
    0xff, 0xff, 0xff, 0xff, 0xff, 0xf4, 0x0, 0x0,
    0x0, 0x0, 0x0, 0x0, 0x0, 0x0, 0x0, 0x0,
    0x0, 0x0, 0x0, 0x6, 0x66, 0x66, 0x61, 0x0,
    0x0, 0x0, 0x0, 0x0, 0x0, 0xf, 0xff, 0xff,
    0xf3, 0x0, 0x0, 0x0, 0x0, 0x0, 0x0, 0xf,
    0xff, 0xff, 0xf3, 0x0, 0x0, 0x0, 0x0, 0x0,
    0x0, 0xf, 0xff, 0xff, 0xf3, 0x0, 0x0, 0x0,
    0x0, 0x0, 0x0, 0xf, 0xff, 0xff, 0xf3, 0x0,
    0x0, 0x0,

    /* U+00F8 "ø" */
    0x0, 0x0, 0x0, 0x0, 0x0, 0x0, 0x0, 0xcf,
    0xf1, 0x0, 0x6, 0xce, 0xff, 0xff, 0xff, 0xfd,
    0xff, 0x60, 0x0, 0xaf, 0xff, 0xff, 0xff, 0xff,
    0xff, 0xff, 0x10, 0x4, 0xff, 0xff, 0xff, 0xff,
    0xff, 0xff, 0xff, 0x80, 0x8, 0xff, 0xff, 0xff,
    0xff, 0xff, 0xff, 0xff, 0xd0, 0xa, 0xff, 0xff,
    0xfc, 0x55, 0x9f, 0xff, 0xff, 0xf0, 0xa, 0xff,
    0xff, 0xf7, 0x0, 0xaf, 0xff, 0xff, 0xf0, 0xa,
    0xff, 0xff, 0xf7, 0x4, 0xff, 0xff, 0xff, 0xf0,
    0xa, 0xff, 0xff, 0xf7, 0x1e, 0xff, 0xff, 0xff,
    0xf0, 0xa, 0xff, 0xff, 0xf7, 0x9f, 0xff, 0xff,
    0xff, 0xf0, 0xa, 0xff, 0xff, 0xfb, 0xff, 0xcf,
    0xff, 0xff, 0xf0, 0xa, 0xff, 0xff, 0xff, 0xfd,
    0x3f, 0xff, 0xff, 0xf0, 0xa, 0xff, 0xff, 0xff,
    0xf4, 0x3f, 0xff, 0xff, 0xf0, 0xa, 0xff, 0xff,
    0xff, 0x90, 0x3f, 0xff, 0xff, 0xf0, 0xa, 0xff,
    0xff, 0xfe, 0x10, 0x3f, 0xff, 0xff, 0xf0, 0xa,
    0xff, 0xff, 0xfc, 0x44, 0x9f, 0xff, 0xff, 0xf0,
    0x8, 0xff, 0xff, 0xff, 0xff, 0xff, 0xff, 0xff,
    0xd0, 0x4, 0xff, 0xff, 0xff, 0xff, 0xff, 0xff,
    0xff, 0x80, 0x0, 0xbf, 0xff, 0xff, 0xff, 0xff,
    0xff, 0xfd, 0x10, 0x1, 0xff, 0xee, 0xff, 0xff,
    0xff, 0xfd, 0x81, 0x0, 0xb, 0xff, 0x20, 0x0,
    0x0, 0x0, 0x0, 0x0, 0x0,

    /* U+00F9 "ù" */
    0xc, 0xff, 0xff, 0xf7, 0x0, 0x0, 0x0, 0x0,
    0x1, 0xef, 0xff, 0xff, 0x20, 0x0, 0x0, 0x0,
    0x0, 0x2e, 0xff, 0xff, 0xc0, 0x0, 0x0, 0x0,
    0x0, 0x3, 0xff, 0xff, 0xf6, 0x0, 0x0, 0x0,
    0x0, 0x0, 0x5f, 0xff, 0xff, 0x20, 0x0, 0x0,
    0x0, 0x0, 0x6, 0xbb, 0xbb, 0x70, 0x0, 0x0,
    0x0, 0x0, 0x0, 0x0, 0x0, 0x0, 0x0, 0x0,
    0xaf, 0xff, 0xff, 0xc0, 0x9, 0xff, 0xff, 0xfe,
    0xaf, 0xff, 0xff, 0xc0, 0x9, 0xff, 0xff, 0xfe,
    0xaf, 0xff, 0xff, 0xc0, 0x9, 0xff, 0xff, 0xfe,
    0xaf, 0xff, 0xff, 0xc0, 0x9, 0xff, 0xff, 0xfe,
    0xaf, 0xff, 0xff, 0xc0, 0x9, 0xff, 0xff, 0xfe,
    0xaf, 0xff, 0xff, 0xc0, 0x9, 0xff, 0xff, 0xfe,
    0xaf, 0xff, 0xff, 0xc0, 0x9, 0xff, 0xff, 0xfe,
    0xaf, 0xff, 0xff, 0xc0, 0x9, 0xff, 0xff, 0xfe,
    0xaf, 0xff, 0xff, 0xc0, 0x9, 0xff, 0xff, 0xfe,
    0xaf, 0xff, 0xff, 0xc0, 0x9, 0xff, 0xff, 0xfe,
    0xaf, 0xff, 0xff, 0xc0, 0x9, 0xff, 0xff, 0xfe,
    0xaf, 0xff, 0xff, 0xc0, 0x9, 0xff, 0xff, 0xfe,
    0xaf, 0xff, 0xff, 0xc0, 0xa, 0xff, 0xff, 0xfe,
    0xaf, 0xff, 0xff, 0xd0, 0xb, 0xff, 0xff, 0xfe,
    0xaf, 0xff, 0xff, 0xfd, 0xcf, 0xff, 0xff, 0xfe,
    0x8f, 0xff, 0xff, 0xff, 0xff, 0xff, 0xff, 0xfe,
    0x4f, 0xff, 0xff, 0xff, 0xff, 0xff, 0xff, 0xfe,
    0xa, 0xff, 0xff, 0xff, 0xf9, 0xff, 0xff, 0xfe,
    0x0, 0x6c, 0xff, 0xfc, 0x47, 0xff, 0xff, 0xfe,

    /* U+00FA "ú" */
    0x0, 0x0, 0x0, 0x0, 0x7f, 0xff, 0xff, 0xd1,
    0x0, 0x0, 0x0, 0x2, 0xff, 0xff, 0xfe, 0x10,
    0x0, 0x0, 0x0, 0xb, 0xff, 0xff, 0xf2, 0x0,
    0x0, 0x0, 0x0, 0x6f, 0xff, 0xff, 0x40, 0x0,
    0x0, 0x0, 0x1, 0xff, 0xff, 0xf5, 0x0, 0x0,
    0x0, 0x0, 0x6, 0xbb, 0xbb, 0x60, 0x0, 0x0,
    0x0, 0x0, 0x0, 0x0, 0x0, 0x0, 0x0, 0x0,
    0xaf, 0xff, 0xff, 0xc0, 0x9, 0xff, 0xff, 0xfe,
    0xaf, 0xff, 0xff, 0xc0, 0x9, 0xff, 0xff, 0xfe,
    0xaf, 0xff, 0xff, 0xc0, 0x9, 0xff, 0xff, 0xfe,
    0xaf, 0xff, 0xff, 0xc0, 0x9, 0xff, 0xff, 0xfe,
    0xaf, 0xff, 0xff, 0xc0, 0x9, 0xff, 0xff, 0xfe,
    0xaf, 0xff, 0xff, 0xc0, 0x9, 0xff, 0xff, 0xfe,
    0xaf, 0xff, 0xff, 0xc0, 0x9, 0xff, 0xff, 0xfe,
    0xaf, 0xff, 0xff, 0xc0, 0x9, 0xff, 0xff, 0xfe,
    0xaf, 0xff, 0xff, 0xc0, 0x9, 0xff, 0xff, 0xfe,
    0xaf, 0xff, 0xff, 0xc0, 0x9, 0xff, 0xff, 0xfe,
    0xaf, 0xff, 0xff, 0xc0, 0x9, 0xff, 0xff, 0xfe,
    0xaf, 0xff, 0xff, 0xc0, 0x9, 0xff, 0xff, 0xfe,
    0xaf, 0xff, 0xff, 0xc0, 0xa, 0xff, 0xff, 0xfe,
    0xaf, 0xff, 0xff, 0xd0, 0xb, 0xff, 0xff, 0xfe,
    0xaf, 0xff, 0xff, 0xfd, 0xcf, 0xff, 0xff, 0xfe,
    0x8f, 0xff, 0xff, 0xff, 0xff, 0xff, 0xff, 0xfe,
    0x4f, 0xff, 0xff, 0xff, 0xff, 0xff, 0xff, 0xfe,
    0xa, 0xff, 0xff, 0xff, 0xf9, 0xff, 0xff, 0xfe,
    0x0, 0x6c, 0xff, 0xfc, 0x47, 0xff, 0xff, 0xfe,

    /* U+00FB "û" */
    0x0, 0x0, 0x3f, 0xff, 0xff, 0xf8, 0x0, 0x0,
    0x0, 0x0, 0x2e, 0xff, 0xff, 0xff, 0xf6, 0x0,
    0x0, 0x0, 0x1e, 0xff, 0xff, 0xff, 0xff, 0xf4,
    0x0, 0x0, 0xd, 0xff, 0xff, 0xc8, 0xff, 0xff,
    0xf3, 0x0, 0xb, 0xff, 0xff, 0xe2, 0xb, 0xff,
    0xff, 0xe2, 0x5, 0xbb, 0xbb, 0xb4, 0x0, 0x1a,
    0xbb, 0xbb, 0x90, 0x0, 0x0, 0x0, 0x0, 0x0,
    0x0, 0x0, 0x0, 0xa, 0xff, 0xff, 0xfc, 0x0,
    0x9f, 0xff, 0xff, 0xe0, 0xaf, 0xff, 0xff, 0xc0,
    0x9, 0xff, 0xff, 0xfe, 0xa, 0xff, 0xff, 0xfc,
    0x0, 0x9f, 0xff, 0xff, 0xe0, 0xaf, 0xff, 0xff,
    0xc0, 0x9, 0xff, 0xff, 0xfe, 0xa, 0xff, 0xff,
    0xfc, 0x0, 0x9f, 0xff, 0xff, 0xe0, 0xaf, 0xff,
    0xff, 0xc0, 0x9, 0xff, 0xff, 0xfe, 0xa, 0xff,
    0xff, 0xfc, 0x0, 0x9f, 0xff, 0xff, 0xe0, 0xaf,
    0xff, 0xff, 0xc0, 0x9, 0xff, 0xff, 0xfe, 0xa,
    0xff, 0xff, 0xfc, 0x0, 0x9f, 0xff, 0xff, 0xe0,
    0xaf, 0xff, 0xff, 0xc0, 0x9, 0xff, 0xff, 0xfe,
    0xa, 0xff, 0xff, 0xfc, 0x0, 0x9f, 0xff, 0xff,
    0xe0, 0xaf, 0xff, 0xff, 0xc0, 0x9, 0xff, 0xff,
    0xfe, 0xa, 0xff, 0xff, 0xfc, 0x0, 0xaf, 0xff,
    0xff, 0xe0, 0xaf, 0xff, 0xff, 0xd0, 0xb, 0xff,
    0xff, 0xfe, 0xa, 0xff, 0xff, 0xff, 0xdc, 0xff,
    0xff, 0xff, 0xe0, 0x8f, 0xff, 0xff, 0xff, 0xff,
    0xff, 0xff, 0xfe, 0x4, 0xff, 0xff, 0xff, 0xff,
    0xff, 0xff, 0xff, 0xe0, 0xa, 0xff, 0xff, 0xff,
    0xf9, 0xff, 0xff, 0xfe, 0x0, 0x6, 0xcf, 0xff,
    0xc4, 0x7f, 0xff, 0xff, 0xe0,

    /* U+00FC "ü" */
    0x5f, 0xff, 0xff, 0x60, 0x4, 0xff, 0xff, 0xf8,
    0x5f, 0xff, 0xff, 0x60, 0x4, 0xff, 0xff, 0xf8,
    0x5f, 0xff, 0xff, 0x60, 0x4, 0xff, 0xff, 0xf8,
    0x5f, 0xff, 0xff, 0x60, 0x4, 0xff, 0xff, 0xf8,
    0x5f, 0xff, 0xff, 0x60, 0x3, 0xff, 0xff, 0xf8,
    0x0, 0x0, 0x0, 0x0, 0x0, 0x0, 0x0, 0x0,
    0xaf, 0xff, 0xff, 0xc0, 0x9, 0xff, 0xff, 0xfe,
    0xaf, 0xff, 0xff, 0xc0, 0x9, 0xff, 0xff, 0xfe,
    0xaf, 0xff, 0xff, 0xc0, 0x9, 0xff, 0xff, 0xfe,
    0xaf, 0xff, 0xff, 0xc0, 0x9, 0xff, 0xff, 0xfe,
    0xaf, 0xff, 0xff, 0xc0, 0x9, 0xff, 0xff, 0xfe,
    0xaf, 0xff, 0xff, 0xc0, 0x9, 0xff, 0xff, 0xfe,
    0xaf, 0xff, 0xff, 0xc0, 0x9, 0xff, 0xff, 0xfe,
    0xaf, 0xff, 0xff, 0xc0, 0x9, 0xff, 0xff, 0xfe,
    0xaf, 0xff, 0xff, 0xc0, 0x9, 0xff, 0xff, 0xfe,
    0xaf, 0xff, 0xff, 0xc0, 0x9, 0xff, 0xff, 0xfe,
    0xaf, 0xff, 0xff, 0xc0, 0x9, 0xff, 0xff, 0xfe,
    0xaf, 0xff, 0xff, 0xc0, 0x9, 0xff, 0xff, 0xfe,
    0xaf, 0xff, 0xff, 0xc0, 0xa, 0xff, 0xff, 0xfe,
    0xaf, 0xff, 0xff, 0xd0, 0xb, 0xff, 0xff, 0xfe,
    0xaf, 0xff, 0xff, 0xfd, 0xcf, 0xff, 0xff, 0xfe,
    0x8f, 0xff, 0xff, 0xff, 0xff, 0xff, 0xff, 0xfe,
    0x4f, 0xff, 0xff, 0xff, 0xff, 0xff, 0xff, 0xfe,
    0xa, 0xff, 0xff, 0xff, 0xf9, 0xff, 0xff, 0xfe,
    0x0, 0x6c, 0xff, 0xfc, 0x47, 0xff, 0xff, 0xfe,

    /* U+00FD "ý" */
    0x0, 0x0, 0x0, 0x0, 0x5, 0xff, 0xff, 0xfe,
    0x10, 0x0, 0x0, 0x0, 0x0, 0x1e, 0xff, 0xff,
    0xf2, 0x0, 0x0, 0x0, 0x0, 0x0, 0x9f, 0xff,
    0xff, 0x40, 0x0, 0x0, 0x0, 0x0, 0x4, 0xff,
    0xff, 0xf5, 0x0, 0x0, 0x0, 0x0, 0x0, 0xd,
    0xff, 0xff, 0x70, 0x0, 0x0, 0x0, 0x0, 0x0,
    0x5b, 0xbb, 0xb8, 0x0, 0x0, 0x0, 0x0, 0x0,
    0x0, 0x0, 0x0, 0x0, 0x0, 0x0, 0x0, 0xdf,
    0xff, 0xff, 0xd0, 0x0, 0xf, 0xff, 0xff, 0xf8,
    0x8f, 0xff, 0xff, 0xf1, 0x0, 0x2f, 0xff, 0xff,
    0xf3, 0x4f, 0xff, 0xff, 0xf4, 0x0, 0x4f, 0xff,
    0xff, 0xf0, 0xf, 0xff, 0xff, 0xf7, 0x0, 0x7f,
    0xff, 0xff, 0xb0, 0xa, 0xff, 0xff, 0xfa, 0x0,
    0xaf, 0xff, 0xff, 0x70, 0x5, 0xff, 0xff, 0xfd,
    0x0, 0xdf, 0xff, 0xff, 0x30, 0x1, 0xff, 0xff,
    0xff, 0x0, 0xff, 0xff, 0xff, 0x0, 0x0, 0xcf,
    0xff, 0xff, 0x43, 0xff, 0xff, 0xfb, 0x0, 0x0,
    0x7f, 0xff, 0xff, 0x75, 0xff, 0xff, 0xf7, 0x0,
    0x0, 0x3f, 0xff, 0xff, 0xa8, 0xff, 0xff, 0xf3,
    0x0, 0x0, 0xe, 0xff, 0xff, 0xdb, 0xff, 0xff,
    0xf0, 0x0, 0x0, 0x9, 0xff, 0xff, 0xfe, 0xff,
    0xff, 0xb0, 0x0, 0x0, 0x4, 0xff, 0xff, 0xff,
    0xff, 0xff, 0x70, 0x0, 0x0, 0x0, 0xff, 0xff,
    0xff, 0xff, 0xff, 0x30, 0x0, 0x0, 0x0, 0xbf,
    0xff, 0xff, 0xff, 0xfe, 0x0, 0x0, 0x0, 0x0,
    0x6f, 0xff, 0xff, 0xff, 0xfb, 0x0, 0x0, 0x0,
    0x0, 0x1f, 0xff, 0xff, 0xff, 0xf7, 0x0, 0x0,
    0x0, 0x0, 0x7, 0x9b, 0xff, 0xff, 0xf2, 0x0,
    0x0, 0x0, 0x0, 0x0, 0xb, 0xff, 0xff, 0xe0,
    0x0, 0x0, 0x0, 0x5a, 0xab, 0xef, 0xff, 0xff,
    0x90, 0x0, 0x0, 0x0, 0x7f, 0xff, 0xff, 0xff,
    0xff, 0x20, 0x0, 0x0, 0x0, 0x7f, 0xff, 0xff,
    0xff, 0xf8, 0x0, 0x0, 0x0, 0x0, 0x7f, 0xff,
    0xff, 0xff, 0x90, 0x0, 0x0, 0x0, 0x0, 0x7f,
    0xff, 0xfd, 0xa4, 0x0, 0x0, 0x0, 0x0,

    /* U+00FE "þ" */
    0xbf, 0xff, 0xff, 0xa0, 0x0, 0x0, 0x0, 0x0,
    0xbf, 0xff, 0xff, 0xa0, 0x0, 0x0, 0x0, 0x0,
    0xbf, 0xff, 0xff, 0xa0, 0x0, 0x0, 0x0, 0x0,
    0xbf, 0xff, 0xff, 0xa0, 0x0, 0x0, 0x0, 0x0,
    0xbf, 0xff, 0xff, 0xa0, 0x0, 0x0, 0x0, 0x0,
    0xbf, 0xff, 0xff, 0xa0, 0x0, 0x0, 0x0, 0x0,
    0xbf, 0xff, 0xff, 0xa2, 0xbf, 0xff, 0xd8, 0x0,
    0xbf, 0xff, 0xff, 0xbe, 0xff, 0xff, 0xff, 0xc0,
    0xbf, 0xff, 0xff, 0xff, 0xff, 0xff, 0xff, 0xf6,
    0xbf, 0xff, 0xff, 0xff, 0xff, 0xff, 0xff, 0xfb,
    0xbf, 0xff, 0xff, 0xfd, 0xcf, 0xff, 0xff, 0xfd,
    0xbf, 0xff, 0xff, 0xd0, 0xa, 0xff, 0xff, 0xfd,
    0xbf, 0xff, 0xff, 0xc0, 0xa, 0xff, 0xff, 0xfd,
    0xbf, 0xff, 0xff, 0xc0, 0xa, 0xff, 0xff, 0xfd,
    0xbf, 0xff, 0xff, 0xc0, 0xa, 0xff, 0xff, 0xfd,
    0xbf, 0xff, 0xff, 0xc0, 0xb, 0xff, 0xff, 0xfe,
    0xbf, 0xff, 0xff, 0xc0, 0xa, 0xff, 0xff, 0xfd,
    0xbf, 0xff, 0xff, 0xc0, 0xa, 0xff, 0xff, 0xfd,
    0xbf, 0xff, 0xff, 0xc0, 0xa, 0xff, 0xff, 0xfd,
    0xbf, 0xff, 0xff, 0xd0, 0xa, 0xff, 0xff, 0xfd,
    0xbf, 0xff, 0xff, 0xfd, 0xcf, 0xff, 0xff, 0xfd,
    0xbf, 0xff, 0xff, 0xff, 0xff, 0xff, 0xff, 0xfb,
    0xbf, 0xff, 0xff, 0xff, 0xff, 0xff, 0xff, 0xf6,
    0xbf, 0xff, 0xff, 0xce, 0xff, 0xff, 0xff, 0xc0,
    0xbf, 0xff, 0xff, 0xc2, 0xbf, 0xff, 0xd8, 0x0,
    0xbf, 0xff, 0xff, 0xc0, 0x0, 0x0, 0x0, 0x0,
    0xbf, 0xff, 0xff, 0xc0, 0x0, 0x0, 0x0, 0x0,
    0xbf, 0xff, 0xff, 0xc0, 0x0, 0x0, 0x0, 0x0,
    0xbf, 0xff, 0xff, 0xc0, 0x0, 0x0, 0x0, 0x0,
    0xbf, 0xff, 0xff, 0xc0, 0x0, 0x0, 0x0, 0x0,

    /* U+00FF "ÿ" */
    0x9, 0xff, 0xff, 0xf3, 0x0, 0x7f, 0xff, 0xff,
    0x50, 0x9, 0xff, 0xff, 0xf3, 0x0, 0x7f, 0xff,
    0xff, 0x50, 0x9, 0xff, 0xff, 0xf3, 0x0, 0x7f,
    0xff, 0xff, 0x50, 0x9, 0xff, 0xff, 0xf3, 0x0,
    0x7f, 0xff, 0xff, 0x50, 0x8, 0xff, 0xff, 0xf3,
    0x0, 0x6f, 0xff, 0xff, 0x50, 0x0, 0x0, 0x0,
    0x0, 0x0, 0x0, 0x0, 0x0, 0x0, 0xdf, 0xff,
    0xff, 0xd0, 0x0, 0xf, 0xff, 0xff, 0xf8, 0x8f,
    0xff, 0xff, 0xf1, 0x0, 0x2f, 0xff, 0xff, 0xf3,
    0x4f, 0xff, 0xff, 0xf4, 0x0, 0x4f, 0xff, 0xff,
    0xf0, 0xf, 0xff, 0xff, 0xf7, 0x0, 0x7f, 0xff,
    0xff, 0xb0, 0xa, 0xff, 0xff, 0xfa, 0x0, 0xaf,
    0xff, 0xff, 0x70, 0x5, 0xff, 0xff, 0xfd, 0x0,
    0xdf, 0xff, 0xff, 0x30, 0x1, 0xff, 0xff, 0xff,
    0x0, 0xff, 0xff, 0xff, 0x0, 0x0, 0xcf, 0xff,
    0xff, 0x43, 0xff, 0xff, 0xfb, 0x0, 0x0, 0x7f,
    0xff, 0xff, 0x75, 0xff, 0xff, 0xf7, 0x0, 0x0,
    0x3f, 0xff, 0xff, 0xa8, 0xff, 0xff, 0xf3, 0x0,
    0x0, 0xe, 0xff, 0xff, 0xdb, 0xff, 0xff, 0xf0,
    0x0, 0x0, 0x9, 0xff, 0xff, 0xfe, 0xff, 0xff,
    0xb0, 0x0, 0x0, 0x4, 0xff, 0xff, 0xff, 0xff,
    0xff, 0x70, 0x0, 0x0, 0x0, 0xff, 0xff, 0xff,
    0xff, 0xff, 0x30, 0x0, 0x0, 0x0, 0xbf, 0xff,
    0xff, 0xff, 0xfe, 0x0, 0x0, 0x0, 0x0, 0x6f,
    0xff, 0xff, 0xff, 0xfb, 0x0, 0x0, 0x0, 0x0,
    0x1f, 0xff, 0xff, 0xff, 0xf7, 0x0, 0x0, 0x0,
    0x0, 0x7, 0x9b, 0xff, 0xff, 0xf2, 0x0, 0x0,
    0x0, 0x0, 0x0, 0xb, 0xff, 0xff, 0xe0, 0x0,
    0x0, 0x0, 0x5a, 0xab, 0xef, 0xff, 0xff, 0x90,
    0x0, 0x0, 0x0, 0x7f, 0xff, 0xff, 0xff, 0xff,
    0x20, 0x0, 0x0, 0x0, 0x7f, 0xff, 0xff, 0xff,
    0xf8, 0x0, 0x0, 0x0, 0x0, 0x7f, 0xff, 0xff,
    0xff, 0x90, 0x0, 0x0, 0x0, 0x0, 0x7f, 0xff,
    0xfd, 0xa4, 0x0, 0x0, 0x0, 0x0
};


/*---------------------
 *  GLYPH DESCRIPTION
 *--------------------*/

static const lv_font_fmt_txt_glyph_dsc_t glyph_dsc[] = {
    {.bitmap_index = 0, .adv_w = 0, .box_w = 0, .box_h = 0, .ofs_x = 0, .ofs_y = 0} /* id = 0 reserved */,
    {.bitmap_index = 0, .adv_w = 122, .box_w = 0, .box_h = 0, .ofs_x = 0, .ofs_y = 0},
    {.bitmap_index = 0, .adv_w = 181, .box_w = 9, .box_h = 24, .ofs_x = 1, .ofs_y = 0},
    {.bitmap_index = 108, .adv_w = 264, .box_w = 14, .box_h = 11, .ofs_x = 1, .ofs_y = 13},
    {.bitmap_index = 185, .adv_w = 412, .box_w = 24, .box_h = 24, .ofs_x = 1, .ofs_y = 0},
    {.bitmap_index = 473, .adv_w = 299, .box_w = 17, .box_h = 31, .ofs_x = 1, .ofs_y = -3},
    {.bitmap_index = 737, .adv_w = 546, .box_w = 34, .box_h = 24, .ofs_x = 0, .ofs_y = 0},
    {.bitmap_index = 1145, .adv_w = 380, .box_w = 25, .box_h = 26, .ofs_x = 1, .ofs_y = -2},
    {.bitmap_index = 1470, .adv_w = 148, .box_w = 7, .box_h = 11, .ofs_x = 1, .ofs_y = 13},
    {.bitmap_index = 1509, .adv_w = 205, .box_w = 12, .box_h = 37, .ofs_x = 1, .ofs_y = -6},
    {.bitmap_index = 1731, .adv_w = 205, .box_w = 12, .box_h = 37, .ofs_x = 0, .ofs_y = -6},
    {.bitmap_index = 1953, .adv_w = 237, .box_w = 15, .box_h = 13, .ofs_x = 0, .ofs_y = 11},
    {.bitmap_index = 2051, .adv_w = 312, .box_w = 19, .box_h = 17, .ofs_x = 0, .ofs_y = 4},
    {.bitmap_index = 2213, .adv_w = 153, .box_w = 8, .box_h = 12, .ofs_x = 1, .ofs_y = -6},
    {.bitmap_index = 2261, .adv_w = 209, .box_w = 13, .box_h = 5, .ofs_x = 0, .ofs_y = 9},
    {.bitmap_index = 2294, .adv_w = 153, .box_w = 8, .box_h = 7, .ofs_x = 1, .ofs_y = 0},
    {.bitmap_index = 2322, .adv_w = 250, .box_w = 18, .box_h = 29, .ofs_x = -1, .ofs_y = -2},
    {.bitmap_index = 2583, .adv_w = 305, .box_w = 17, .box_h = 24, .ofs_x = 1, .ofs_y = 0},
    {.bitmap_index = 2787, .adv_w = 196, .box_w = 11, .box_h = 24, .ofs_x = 0, .ofs_y = 0},
    {.bitmap_index = 2919, .adv_w = 285, .box_w = 17, .box_h = 24, .ofs_x = 0, .ofs_y = 0},
    {.bitmap_index = 3123, .adv_w = 290, .box_w = 17, .box_h = 24, .ofs_x = 0, .ofs_y = 0},
    {.bitmap_index = 3327, .adv_w = 308, .box_w = 20, .box_h = 24, .ofs_x = 0, .ofs_y = 0},
    {.bitmap_index = 3567, .adv_w = 303, .box_w = 17, .box_h = 24, .ofs_x = 1, .ofs_y = 0},
    {.bitmap_index = 3771, .adv_w = 300, .box_w = 17, .box_h = 24, .ofs_x = 1, .ofs_y = 0},
    {.bitmap_index = 3975, .adv_w = 257, .box_w = 16, .box_h = 24, .ofs_x = 0, .ofs_y = 0},
    {.bitmap_index = 4167, .adv_w = 303, .box_w = 17, .box_h = 24, .ofs_x = 1, .ofs_y = 0},
    {.bitmap_index = 4371, .adv_w = 300, .box_w = 17, .box_h = 24, .ofs_x = 1, .ofs_y = 0},
    {.bitmap_index = 4575, .adv_w = 153, .box_w = 8, .box_h = 19, .ofs_x = 1, .ofs_y = 0},
    {.bitmap_index = 4651, .adv_w = 153, .box_w = 8, .box_h = 25, .ofs_x = 1, .ofs_y = -6},
    {.bitmap_index = 4751, .adv_w = 324, .box_w = 20, .box_h = 17, .ofs_x = 0, .ofs_y = 4},
    {.bitmap_index = 4921, .adv_w = 324, .box_w = 20, .box_h = 13, .ofs_x = 0, .ofs_y = 6},
    {.bitmap_index = 5051, .adv_w = 324, .box_w = 20, .box_h = 17, .ofs_x = 0, .ofs_y = 4},
    {.bitmap_index = 5221, .adv_w = 285, .box_w = 18, .box_h = 24, .ofs_x = 0, .ofs_y = 0},
    {.bitmap_index = 5437, .adv_w = 525, .box_w = 31, .box_h = 28, .ofs_x = 1, .ofs_y = -4},
    {.bitmap_index = 5871, .adv_w = 330, .box_w = 21, .box_h = 24, .ofs_x = 0, .ofs_y = 0},
    {.bitmap_index = 6123, .adv_w = 314, .box_w = 18, .box_h = 24, .ofs_x = 1, .ofs_y = 0},
    {.bitmap_index = 6339, .adv_w = 301, .box_w = 17, .box_h = 24, .ofs_x = 1, .ofs_y = 0},
    {.bitmap_index = 6543, .adv_w = 322, .box_w = 18, .box_h = 24, .ofs_x = 1, .ofs_y = 0},
    {.bitmap_index = 6759, .adv_w = 273, .box_w = 16, .box_h = 24, .ofs_x = 1, .ofs_y = 0},
    {.bitmap_index = 6951, .adv_w = 268, .box_w = 16, .box_h = 24, .ofs_x = 1, .ofs_y = 0},
    {.bitmap_index = 7143, .adv_w = 305, .box_w = 17, .box_h = 24, .ofs_x = 1, .ofs_y = 0},
    {.bitmap_index = 7347, .adv_w = 334, .box_w = 19, .box_h = 24, .ofs_x = 1, .ofs_y = 0},
    {.bitmap_index = 7575, .adv_w = 155, .box_w = 8, .box_h = 24, .ofs_x = 1, .ofs_y = 0},
    {.bitmap_index = 7671, .adv_w = 278, .box_w = 16, .box_h = 24, .ofs_x = 0, .ofs_y = 0},
    {.bitmap_index = 7863, .adv_w = 322, .box_w = 19, .box_h = 24, .ofs_x = 1, .ofs_y = 0},
    {.bitmap_index = 8091, .adv_w = 252, .box_w = 15, .box_h = 24, .ofs_x = 1, .ofs_y = 0},
    {.bitmap_index = 8271, .adv_w = 407, .box_w = 23, .box_h = 24, .ofs_x = 1, .ofs_y = 0},
    {.bitmap_index = 8547, .adv_w = 324, .box_w = 18, .box_h = 24, .ofs_x = 1, .ofs_y = 0},
    {.bitmap_index = 8763, .adv_w = 314, .box_w = 18, .box_h = 24, .ofs_x = 1, .ofs_y = 0},
    {.bitmap_index = 8979, .adv_w = 306, .box_w = 18, .box_h = 24, .ofs_x = 1, .ofs_y = 0},
    {.bitmap_index = 9195, .adv_w = 314, .box_w = 20, .box_h = 27, .ofs_x = 1, .ofs_y = -3},
    {.bitmap_index = 9465, .adv_w = 313, .box_w = 19, .box_h = 24, .ofs_x = 1, .ofs_y = 0},
    {.bitmap_index = 9693, .adv_w = 299, .box_w = 17, .box_h = 24, .ofs_x = 1, .ofs_y = 0},
    {.bitmap_index = 9897, .adv_w = 263, .box_w = 17, .box_h = 24, .ofs_x = 0, .ofs_y = 0},
    {.bitmap_index = 10101, .adv_w = 317, .box_w = 18, .box_h = 24, .ofs_x = 1, .ofs_y = 0},
    {.bitmap_index = 10317, .adv_w = 324, .box_w = 20, .box_h = 24, .ofs_x = 0, .ofs_y = 0},
    {.bitmap_index = 10557, .adv_w = 508, .box_w = 32, .box_h = 24, .ofs_x = 0, .ofs_y = 0},
    {.bitmap_index = 10941, .adv_w = 317, .box_w = 20, .box_h = 24, .ofs_x = 0, .ofs_y = 0},
    {.bitmap_index = 11181, .adv_w = 316, .box_w = 20, .box_h = 24, .ofs_x = 0, .ofs_y = 0},
    {.bitmap_index = 11421, .adv_w = 282, .box_w = 17, .box_h = 24, .ofs_x = 0, .ofs_y = 0},
    {.bitmap_index = 11625, .adv_w = 193, .box_w = 11, .box_h = 36, .ofs_x = 1, .ofs_y = -6},
    {.bitmap_index = 11823, .adv_w = 250, .box_w = 18, .box_h = 29, .ofs_x = -1, .ofs_y = -2},
    {.bitmap_index = 12084, .adv_w = 193, .box_w = 11, .box_h = 36, .ofs_x = 0, .ofs_y = -6},
    {.bitmap_index = 12282, .adv_w = 428, .box_w = 19, .box_h = 15, .ofs_x = 3, .ofs_y = 11},
    {.bitmap_index = 12425, .adv_w = 288, .box_w = 19, .box_h = 5, .ofs_x = 0, .ofs_y = -6},
    {.bitmap_index = 12473, .adv_w = 304, .box_w = 11, .box_h = 6, .ofs_x = 3, .ofs_y = 20},
    {.bitmap_index = 12506, .adv_w = 291, .box_w = 16, .box_h = 19, .ofs_x = 1, .ofs_y = 0},
    {.bitmap_index = 12658, .adv_w = 291, .box_w = 17, .box_h = 25, .ofs_x = 1, .ofs_y = 0},
    {.bitmap_index = 12871, .adv_w = 274, .box_w = 16, .box_h = 19, .ofs_x = 1, .ofs_y = 0},
    {.bitmap_index = 13023, .adv_w = 291, .box_w = 16, .box_h = 25, .ofs_x = 1, .ofs_y = 0},
    {.bitmap_index = 13223, .adv_w = 286, .box_w = 16, .box_h = 19, .ofs_x = 1, .ofs_y = 0},
    {.bitmap_index = 13375, .adv_w = 191, .box_w = 12, .box_h = 25, .ofs_x = 0, .ofs_y = 0},
    {.bitmap_index = 13525, .adv_w = 291, .box_w = 16, .box_h = 24, .ofs_x = 1, .ofs_y = -5},
    {.bitmap_index = 13717, .adv_w = 294, .box_w = 17, .box_h = 25, .ofs_x = 1, .ofs_y = 0},
    {.bitmap_index = 13930, .adv_w = 152, .box_w = 8, .box_h = 25, .ofs_x = 1, .ofs_y = 0},
    {.bitmap_index = 14030, .adv_w = 152, .box_w = 10, .box_h = 30, .ofs_x = -1, .ofs_y = -5},
    {.bitmap_index = 14180, .adv_w = 289, .box_w = 18, .box_h = 25, .ofs_x = 1, .ofs_y = 0},
    {.bitmap_index = 14405, .adv_w = 152, .box_w = 7, .box_h = 25, .ofs_x = 1, .ofs_y = 0},
    {.bitmap_index = 14493, .adv_w = 440, .box_w = 26, .box_h = 19, .ofs_x = 1, .ofs_y = 0},
    {.bitmap_index = 14740, .adv_w = 294, .box_w = 17, .box_h = 19, .ofs_x = 1, .ofs_y = 0},
    {.bitmap_index = 14902, .adv_w = 292, .box_w = 16, .box_h = 19, .ofs_x = 1, .ofs_y = 0},
    {.bitmap_index = 15054, .adv_w = 291, .box_w = 17, .box_h = 24, .ofs_x = 1, .ofs_y = -5},
    {.bitmap_index = 15258, .adv_w = 291, .box_w = 16, .box_h = 24, .ofs_x = 1, .ofs_y = -5},
    {.bitmap_index = 15450, .adv_w = 204, .box_w = 12, .box_h = 19, .ofs_x = 1, .ofs_y = 0},
    {.bitmap_index = 15564, .adv_w = 271, .box_w = 16, .box_h = 19, .ofs_x = 0, .ofs_y = 0},
    {.bitmap_index = 15716, .adv_w = 184, .box_w = 12, .box_h = 23, .ofs_x = 0, .ofs_y = 0},
    {.bitmap_index = 15854, .adv_w = 294, .box_w = 16, .box_h = 19, .ofs_x = 1, .ofs_y = 0},
    {.bitmap_index = 16006, .adv_w = 279, .box_w = 18, .box_h = 19, .ofs_x = 0, .ofs_y = 0},
    {.bitmap_index = 16177, .adv_w = 413, .box_w = 26, .box_h = 19, .ofs_x = 0, .ofs_y = 0},
    {.bitmap_index = 16424, .adv_w = 272, .box_w = 17, .box_h = 19, .ofs_x = 0, .ofs_y = 0},
    {.bitmap_index = 16586, .adv_w = 282, .box_w = 18, .box_h = 24, .ofs_x = 0, .ofs_y = -5},
    {.bitmap_index = 16802, .adv_w = 238, .box_w = 15, .box_h = 19, .ofs_x = 0, .ofs_y = 0},
    {.bitmap_index = 16945, .adv_w = 198, .box_w = 13, .box_h = 36, .ofs_x = 0, .ofs_y = -6},
    {.bitmap_index = 17179, .adv_w = 162, .box_w = 7, .box_h = 39, .ofs_x = 1, .ofs_y = -7},
    {.bitmap_index = 17316, .adv_w = 198, .box_w = 12, .box_h = 36, .ofs_x = 0, .ofs_y = -6},
    {.bitmap_index = 17532, .adv_w = 437, .box_w = 21, .box_h = 7, .ofs_x = 3, .ofs_y = 8},
    {.bitmap_index = 17606, .adv_w = 122, .box_w = 0, .box_h = 0, .ofs_x = 0, .ofs_y = 0},
    {.bitmap_index = 17606, .adv_w = 181, .box_w = 9, .box_h = 25, .ofs_x = 1, .ofs_y = -6},
    {.bitmap_index = 17719, .adv_w = 274, .box_w = 16, .box_h = 25, .ofs_x = 1, .ofs_y = -3},
    {.bitmap_index = 17919, .adv_w = 308, .box_w = 19, .box_h = 24, .ofs_x = 0, .ofs_y = 0},
    {.bitmap_index = 18147, .adv_w = 362, .box_w = 20, .box_h = 22, .ofs_x = 1, .ofs_y = 0},
    {.bitmap_index = 18367, .adv_w = 322, .box_w = 20, .box_h = 24, .ofs_x = 0, .ofs_y = 0},
    {.bitmap_index = 18607, .adv_w = 162, .box_w = 8, .box_h = 32, .ofs_x = 1, .ofs_y = -4},
    {.bitmap_index = 18735, .adv_w = 328, .box_w = 17, .box_h = 29, .ofs_x = 2, .ofs_y = -4},
    {.bitmap_index = 18982, .adv_w = 304, .box_w = 15, .box_h = 5, .ofs_x = 2, .ofs_y = 21},
    {.bitmap_index = 19020, .adv_w = 469, .box_w = 28, .box_h = 25, .ofs_x = 1, .ofs_y = 0},
    {.bitmap_index = 19370, .adv_w = 205, .box_w = 12, .box_h = 13, .ofs_x = 0, .ofs_y = 11},
    {.bitmap_index = 19448, .adv_w = 305, .box_w = 19, .box_h = 12, .ofs_x = 0, .ofs_y = 4},
    {.bitmap_index = 19562, .adv_w = 345, .box_w = 19, .box_h = 13, .ofs_x = 1, .ofs_y = 3},
    {.bitmap_index = 19686, .adv_w = 209, .box_w = 13, .box_h = 5, .ofs_x = 0, .ofs_y = 9},
    {.bitmap_index = 19719, .adv_w = 291, .box_w = 17, .box_h = 15, .ofs_x = 1, .ofs_y = 14},
    {.bitmap_index = 19847, .adv_w = 304, .box_w = 15, .box_h = 5, .ofs_x = 2, .ofs_y = 21},
    {.bitmap_index = 19885, .adv_w = 294, .box_w = 16, .box_h = 13, .ofs_x = 1, .ofs_y = 12},
    {.bitmap_index = 19989, .adv_w = 324, .box_w = 20, .box_h = 17, .ofs_x = 0, .ofs_y = 5},
    {.bitmap_index = 20159, .adv_w = 174, .box_w = 10, .box_h = 13, .ofs_x = 0, .ofs_y = 11},
    {.bitmap_index = 20224, .adv_w = 172, .box_w = 10, .box_h = 13, .ofs_x = 0, .ofs_y = 11},
    {.bitmap_index = 20289, .adv_w = 304, .box_w = 11, .box_h = 6, .ofs_x = 4, .ofs_y = 20},
    {.bitmap_index = 20322, .adv_w = 297, .box_w = 17, .box_h = 24, .ofs_x = 1, .ofs_y = -5},
    {.bitmap_index = 20526, .adv_w = 346, .box_w = 19, .box_h = 29, .ofs_x = 1, .ofs_y = -5},
    {.bitmap_index = 20802, .adv_w = 165, .box_w = 8, .box_h = 6, .ofs_x = 1, .ofs_y = 10},
    {.bitmap_index = 20826, .adv_w = 304, .box_w = 10, .box_h = 8, .ofs_x = 4, .ofs_y = -10},
    {.bitmap_index = 20866, .adv_w = 133, .box_w = 7, .box_h = 13, .ofs_x = 0, .ofs_y = 11},
    {.bitmap_index = 20912, .adv_w = 201, .box_w = 12, .box_h = 13, .ofs_x = 0, .ofs_y = 11},
    {.bitmap_index = 20990, .adv_w = 305, .box_w = 19, .box_h = 12, .ofs_x = 0, .ofs_y = 4},
    {.bitmap_index = 21104, .adv_w = 285, .box_w = 18, .box_h = 25, .ofs_x = 0, .ofs_y = -6},
    {.bitmap_index = 21329, .adv_w = 330, .box_w = 21, .box_h = 32, .ofs_x = 0, .ofs_y = 0},
    {.bitmap_index = 21665, .adv_w = 330, .box_w = 21, .box_h = 32, .ofs_x = 0, .ofs_y = 0},
    {.bitmap_index = 22001, .adv_w = 330, .box_w = 21, .box_h = 32, .ofs_x = 0, .ofs_y = 0},
    {.bitmap_index = 22337, .adv_w = 330, .box_w = 21, .box_h = 32, .ofs_x = 0, .ofs_y = 0},
    {.bitmap_index = 22673, .adv_w = 330, .box_w = 21, .box_h = 31, .ofs_x = 0, .ofs_y = 0},
    {.bitmap_index = 22999, .adv_w = 330, .box_w = 21, .box_h = 33, .ofs_x = 0, .ofs_y = 0},
    {.bitmap_index = 23346, .adv_w = 468, .box_w = 29, .box_h = 24, .ofs_x = 0, .ofs_y = 0},
    {.bitmap_index = 23694, .adv_w = 301, .box_w = 17, .box_h = 34, .ofs_x = 1, .ofs_y = -10},
    {.bitmap_index = 23983, .adv_w = 273, .box_w = 16, .box_h = 32, .ofs_x = 1, .ofs_y = 0},
    {.bitmap_index = 24239, .adv_w = 273, .box_w = 16, .box_h = 32, .ofs_x = 1, .ofs_y = 0},
    {.bitmap_index = 24495, .adv_w = 273, .box_w = 17, .box_h = 32, .ofs_x = 0, .ofs_y = 0},
    {.bitmap_index = 24767, .adv_w = 304, .box_w = 16, .box_h = 31, .ofs_x = 1, .ofs_y = 0},
    {.bitmap_index = 25015, .adv_w = 155, .box_w = 12, .box_h = 32, .ofs_x = -3, .ofs_y = 0},
    {.bitmap_index = 25207, .adv_w = 155, .box_w = 12, .box_h = 32, .ofs_x = 1, .ofs_y = 0},
    {.bitmap_index = 25399, .adv_w = 155, .box_w = 17, .box_h = 32, .ofs_x = -4, .ofs_y = 0},
    {.bitmap_index = 25671, .adv_w = 155, .box_w = 16, .box_h = 31, .ofs_x = -3, .ofs_y = 0},
    {.bitmap_index = 25919, .adv_w = 320, .box_w = 20, .box_h = 24, .ofs_x = -1, .ofs_y = 0},
    {.bitmap_index = 26159, .adv_w = 324, .box_w = 18, .box_h = 32, .ofs_x = 1, .ofs_y = 0},
    {.bitmap_index = 26447, .adv_w = 314, .box_w = 18, .box_h = 32, .ofs_x = 1, .ofs_y = 0},
    {.bitmap_index = 26735, .adv_w = 314, .box_w = 18, .box_h = 32, .ofs_x = 1, .ofs_y = 0},
    {.bitmap_index = 27023, .adv_w = 314, .box_w = 18, .box_h = 32, .ofs_x = 1, .ofs_y = 0},
    {.bitmap_index = 27311, .adv_w = 314, .box_w = 18, .box_h = 32, .ofs_x = 1, .ofs_y = 0},
    {.bitmap_index = 27599, .adv_w = 304, .box_w = 18, .box_h = 31, .ofs_x = 1, .ofs_y = 0},
    {.bitmap_index = 27878, .adv_w = 293, .box_w = 18, .box_h = 18, .ofs_x = 0, .ofs_y = 3},
    {.bitmap_index = 28040, .adv_w = 314, .box_w = 18, .box_h = 26, .ofs_x = 1, .ofs_y = -1},
    {.bitmap_index = 28274, .adv_w = 317, .box_w = 18, .box_h = 32, .ofs_x = 1, .ofs_y = 0},
    {.bitmap_index = 28562, .adv_w = 317, .box_w = 18, .box_h = 32, .ofs_x = 1, .ofs_y = 0},
    {.bitmap_index = 28850, .adv_w = 317, .box_w = 18, .box_h = 32, .ofs_x = 1, .ofs_y = 0},
    {.bitmap_index = 29138, .adv_w = 317, .box_w = 18, .box_h = 31, .ofs_x = 1, .ofs_y = 0},
    {.bitmap_index = 29417, .adv_w = 316, .box_w = 20, .box_h = 32, .ofs_x = 0, .ofs_y = 0},
    {.bitmap_index = 29737, .adv_w = 325, .box_w = 18, .box_h = 24, .ofs_x = 1, .ofs_y = 0},
    {.bitmap_index = 29953, .adv_w = 412, .box_w = 25, .box_h = 24, .ofs_x = 1, .ofs_y = 0},
    {.bitmap_index = 30253, .adv_w = 291, .box_w = 16, .box_h = 26, .ofs_x = 1, .ofs_y = 0},
    {.bitmap_index = 30461, .adv_w = 291, .box_w = 16, .box_h = 26, .ofs_x = 1, .ofs_y = 0},
    {.bitmap_index = 30669, .adv_w = 291, .box_w = 17, .box_h = 26, .ofs_x = 1, .ofs_y = 0},
    {.bitmap_index = 30890, .adv_w = 291, .box_w = 16, .box_h = 26, .ofs_x = 1, .ofs_y = 0},
    {.bitmap_index = 31098, .adv_w = 291, .box_w = 16, .box_h = 25, .ofs_x = 1, .ofs_y = 0},
    {.bitmap_index = 31298, .adv_w = 291, .box_w = 16, .box_h = 28, .ofs_x = 1, .ofs_y = 0},
    {.bitmap_index = 31522, .adv_w = 447, .box_w = 26, .box_h = 19, .ofs_x = 1, .ofs_y = 0},
    {.bitmap_index = 31769, .adv_w = 274, .box_w = 16, .box_h = 29, .ofs_x = 1, .ofs_y = -10},
    {.bitmap_index = 32001, .adv_w = 286, .box_w = 17, .box_h = 26, .ofs_x = 0, .ofs_y = 0},
    {.bitmap_index = 32222, .adv_w = 286, .box_w = 16, .box_h = 26, .ofs_x = 1, .ofs_y = 0},
    {.bitmap_index = 32430, .adv_w = 286, .box_w = 17, .box_h = 26, .ofs_x = 1, .ofs_y = 0},
    {.bitmap_index = 32651, .adv_w = 286, .box_w = 16, .box_h = 25, .ofs_x = 1, .ofs_y = 0},
    {.bitmap_index = 32851, .adv_w = 152, .box_w = 11, .box_h = 26, .ofs_x = -3, .ofs_y = 0},
    {.bitmap_index = 32994, .adv_w = 152, .box_w = 12, .box_h = 26, .ofs_x = 1, .ofs_y = 0},
    {.bitmap_index = 33150, .adv_w = 152, .box_w = 17, .box_h = 26, .ofs_x = -4, .ofs_y = 0},
    {.bitmap_index = 33371, .adv_w = 152, .box_w = 16, .box_h = 25, .ofs_x = -3, .ofs_y = 0},
    {.bitmap_index = 33571, .adv_w = 300, .box_w = 17, .box_h = 24, .ofs_x = 1, .ofs_y = 0},
    {.bitmap_index = 33775, .adv_w = 294, .box_w = 17, .box_h = 26, .ofs_x = 1, .ofs_y = 0},
    {.bitmap_index = 33996, .adv_w = 292, .box_w = 16, .box_h = 26, .ofs_x = 1, .ofs_y = 0},
    {.bitmap_index = 34204, .adv_w = 292, .box_w = 16, .box_h = 26, .ofs_x = 1, .ofs_y = 0},
    {.bitmap_index = 34412, .adv_w = 292, .box_w = 17, .box_h = 26, .ofs_x = 1, .ofs_y = 0},
    {.bitmap_index = 34633, .adv_w = 292, .box_w = 16, .box_h = 26, .ofs_x = 1, .ofs_y = 0},
    {.bitmap_index = 34841, .adv_w = 292, .box_w = 16, .box_h = 25, .ofs_x = 1, .ofs_y = 0},
    {.bitmap_index = 35041, .adv_w = 324, .box_w = 20, .box_h = 17, .ofs_x = 0, .ofs_y = 4},
    {.bitmap_index = 35211, .adv_w = 292, .box_w = 18, .box_h = 21, .ofs_x = 0, .ofs_y = -1},
    {.bitmap_index = 35400, .adv_w = 294, .box_w = 16, .box_h = 26, .ofs_x = 1, .ofs_y = 0},
    {.bitmap_index = 35608, .adv_w = 294, .box_w = 16, .box_h = 26, .ofs_x = 1, .ofs_y = 0},
    {.bitmap_index = 35816, .adv_w = 294, .box_w = 17, .box_h = 26, .ofs_x = 1, .ofs_y = 0},
    {.bitmap_index = 36037, .adv_w = 304, .box_w = 16, .box_h = 25, .ofs_x = 1, .ofs_y = 0},
    {.bitmap_index = 36237, .adv_w = 282, .box_w = 18, .box_h = 31, .ofs_x = 0, .ofs_y = -5},
    {.bitmap_index = 36516, .adv_w = 297, .box_w = 16, .box_h = 30, .ofs_x = 1, .ofs_y = -5},
    {.bitmap_index = 36756, .adv_w = 304, .box_w = 18, .box_h = 30, .ofs_x = 0, .ofs_y = -5}
};

/*---------------------
 *  CHARACTER MAPPING
 *--------------------*/



/*Collect the unicode lists and glyph_id offsets*/
static const lv_font_fmt_txt_cmap_t cmaps[] =
{
    {
        .range_start = 32, .range_length = 95, .glyph_id_start = 1,
        .unicode_list = NULL, .glyph_id_ofs_list = NULL, .list_length = 0, .type = LV_FONT_FMT_TXT_CMAP_FORMAT0_TINY
    },
    {
        .range_start = 160, .range_length = 28, .glyph_id_start = 96,
        .unicode_list = NULL, .glyph_id_ofs_list = NULL, .list_length = 0, .type = LV_FONT_FMT_TXT_CMAP_FORMAT0_TINY
    },
    {
        .range_start = 191, .range_length = 65, .glyph_id_start = 124,
        .unicode_list = NULL, .glyph_id_ofs_list = NULL, .list_length = 0, .type = LV_FONT_FMT_TXT_CMAP_FORMAT0_TINY
    }
};



/*--------------------
 *  ALL CUSTOM DATA
 *--------------------*/

#if LVGL_VERSION_MAJOR == 8
/*Store all the custom data of the font*/
static  lv_font_fmt_txt_glyph_cache_t cache;
#endif

#if LVGL_VERSION_MAJOR >= 8
static const lv_font_fmt_txt_dsc_t font_dsc = {
#else
static lv_font_fmt_txt_dsc_t font_dsc = {
#endif
    .glyph_bitmap = glyph_bitmap,
    .glyph_dsc = glyph_dsc,
    .cmaps = cmaps,
    .kern_dsc = NULL,
    .kern_scale = 0,
    .cmap_num = 3,
    .bpp = 4,
    .kern_classes = 0,
    .bitmap_format = 0,
#if LVGL_VERSION_MAJOR == 8
    .cache = &cache
#endif
};



/*-----------------
 *  PUBLIC FONT
 *----------------*/

/*Initialize a public general font descriptor*/
#if LVGL_VERSION_MAJOR >= 8
const lv_font_t lv_font_teko_bold_38 = {
#else
lv_font_t lv_font_teko_bold_38 = {
#endif
    .get_glyph_dsc = lv_font_get_glyph_dsc_fmt_txt,    /*Function pointer to get glyph's data*/
    .get_glyph_bitmap = lv_font_get_bitmap_fmt_txt,    /*Function pointer to get glyph's bitmap*/
    .line_height = 43,          /*The maximum line height required by the font*/
    .base_line = 10,             /*Baseline measured from the bottom of the line*/
#if !(LVGL_VERSION_MAJOR == 6 && LVGL_VERSION_MINOR == 0)
    .subpx = LV_FONT_SUBPX_NONE,
#endif
#if LV_VERSION_CHECK(7, 4, 0) || LVGL_VERSION_MAJOR >= 8
    .underline_position = -4,
    .underline_thickness = 2,
#endif
    .dsc = &font_dsc,          /*The custom font data. Will be accessed by `get_glyph_bitmap/dsc` */
#if LV_VERSION_CHECK(8, 2, 0) || LVGL_VERSION_MAJOR >= 9
    .fallback = NULL,
#endif
    .user_data = NULL,
};



#endif /*#if LV_FONT_TEKO_BOLD_38*/

